x,R
0.0000000000e+00,0.0000000000e+00
1.0000000000e-03,6.1590116883e-04
2.0000000000e-03,1.2318020632e-03
3.0000000000e-03,1.8477024088e-03
4.0000000000e-03,2.4636019312e-03
5.0000000000e-03,3.0795003559e-03
6.0000000000e-03,3.6953974085e-03
7.0000000000e-03,4.3112928146e-03
8.0000000000e-03,4.9271862998e-03
9.0000000000e-03,5.5430775896e-03
1.0000000000e-02,6.1589664097e-03
1.1000000000e-02,6.7748524856e-03
1.2000000000e-02,7.3907355429e-03
1.3000000000e-02,8.0066153071e-03
1.4000000000e-02,8.6224915037e-03
1.5000000000e-02,9.2383638585e-03
1.6000000000e-02,9.8542320968e-03
1.7000000000e-02,1.0470095944e-02
1.8000000000e-02,1.1085955126e-02
1.9000000000e-02,1.1701809369e-02
2.0000000000e-02,1.2317658397e-02
2.1000000000e-02,1.2933501936e-02
2.2000000000e-02,1.3549339712e-02
2.3000000000e-02,1.4165171451e-02
2.4000000000e-02,1.4780996877e-02
2.5000000000e-02,1.5396815716e-02
2.6000000000e-02,1.6012627695e-02
2.7000000000e-02,1.6628432537e-02
2.8000000000e-02,1.7244229969e-02
2.9000000000e-02,1.7860019716e-02
3.0000000000e-02,1.8475801504e-02
3.1000000000e-02,1.9091575058e-02
3.2000000000e-02,1.9707340103e-02
3.3000000000e-02,2.0323096366e-02
3.4000000000e-02,2.0938843570e-02
3.5000000000e-02,2.1554581442e-02
3.6000000000e-02,2.2170309707e-02
3.7000000000e-02,2.2786028091e-02
3.8000000000e-02,2.3401736318e-02
3.9000000000e-02,2.4017434114e-02
4.0000000000e-02,2.4633121205e-02
4.1000000000e-02,2.5248797316e-02
4.2000000000e-02,2.5864462171e-02
4.3000000000e-02,2.6480115497e-02
4.4000000000e-02,2.7095757019e-02
4.5000000000e-02,2.7711386461e-02
4.6000000000e-02,2.8327003550e-02
4.7000000000e-02,2.8942608010e-02
4.8000000000e-02,2.9558199566e-02
4.9000000000e-02,3.0173777944e-02
5.0000000000e-02,3.0789342869e-02
5.1000000000e-02,3.1404894066e-02
5.2000000000e-02,3.2020431261e-02
5.3000000000e-02,3.2635954177e-02
5.4000000000e-02,3.3251462542e-02
5.5000000000e-02,3.3866956078e-02
5.6000000000e-02,3.4482434513e-02
5.7000000000e-02,3.5097897570e-02
5.8000000000e-02,3.5713344974e-02
5.9000000000e-02,3.6328776452e-02
6.0000000000e-02,3.6944191727e-02
6.1000000000e-02,3.7559590525e-02
6.2000000000e-02,3.8174972570e-02
6.3000000000e-02,3.8790337588e-02
6.4000000000e-02,3.9405685304e-02
6.5000000000e-02,4.0021015441e-02
6.6000000000e-02,4.0636327726e-02
6.7000000000e-02,4.1251621883e-02
6.8000000000e-02,4.1866897637e-02
6.9000000000e-02,4.2482154713e-02
7.0000000000e-02,4.3097392835e-02
7.1000000000e-02,4.3712611728e-02
7.2000000000e-02,4.4327811118e-02
7.3000000000e-02,4.4942990727e-02
7.4000000000e-02,4.5558150283e-02
7.5000000000e-02,4.6173289508e-02
7.6000000000e-02,4.6788408127e-02
7.7000000000e-02,4.7403505866e-02
7.8000000000e-02,4.8018582448e-02
7.9000000000e-02,4.8633637599e-02
8.0000000000e-02,4.9248671043e-02
8.1000000000e-02,4.9863682503e-02
8.2000000000e-02,5.0478671706e-02
8.3000000000e-02,5.1093638375e-02
8.4000000000e-02,5.1708582234e-02
8.5000000000e-02,5.2323503008e-02
8.6000000000e-02,5.2938400422e-02
8.7000000000e-02,5.3553274199e-02
8.8000000000e-02,5.4168124064e-02
8.9000000000e-02,5.4782949741e-02
9.0000000000e-02,5.5397750955e-02
9.1000000000e-02,5.6012527429e-02
9.2000000000e-02,5.6627278888e-02
9.3000000000e-02,5.7242005055e-02
9.4000000000e-02,5.7856705656e-02
9.5000000000e-02,5.8471380414e-02
9.6000000000e-02,5.9086029052e-02
9.7000000000e-02,5.9700651296e-02
9.8000000000e-02,6.0315246869e-02
9.9000000000e-02,6.0929815495e-02
1.0000000000e-01,6.1544356898e-02
1.0100000000e-01,6.2158870801e-02
1.0200000000e-01,6.2773356929e-02
1.0300000000e-01,6.3387815006e-02
1.0400000000e-01,6.4002244754e-02
1.0500000000e-01,6.4616645898e-02
1.0600000000e-01,6.5231018162e-02
1.0700000000e-01,6.5845361269e-02
1.0800000000e-01,6.6459674943e-02
1.0900000000e-01,6.7073958907e-02
1.1000000000e-01,6.7688212885e-02
1.1100000000e-01,6.8302436601e-02
1.1200000000e-01,6.8916629777e-02
1.1300000000e-01,6.9530792138e-02
1.1400000000e-01,7.0144923406e-02
1.1500000000e-01,7.0759023306e-02
1.1600000000e-01,7.1373091559e-02
1.1700000000e-01,7.1987127891e-02
1.1800000000e-01,7.2601132023e-02
1.1900000000e-01,7.3215103679e-02
1.2000000000e-01,7.3829042582e-02
1.2100000000e-01,7.4442948455e-02
1.2200000000e-01,7.5056821022e-02
1.2300000000e-01,7.5670660005e-02
1.2400000000e-01,7.6284465128e-02
1.2500000000e-01,7.6898236112e-02
1.2600000000e-01,7.7511972682e-02
1.2700000000e-01,7.8125674559e-02
1.2800000000e-01,7.8739341468e-02
1.2900000000e-01,7.9352973130e-02
1.3000000000e-01,7.9966569268e-02
1.3100000000e-01,8.0580129605e-02
1.3200000000e-01,8.1193653863e-02
1.3300000000e-01,8.1807141765e-02
1.3400000000e-01,8.2420593034e-02
1.3500000000e-01,8.3034007393e-02
1.3600000000e-01,8.3647384562e-02
1.3700000000e-01,8.4260724266e-02
1.3800000000e-01,8.4874026226e-02
1.3900000000e-01,8.5487290164e-02
1.4000000000e-01,8.6100515803e-02
1.4100000000e-01,8.6713702865e-02
1.4200000000e-01,8.7326851072e-02
1.4300000000e-01,8.7939960146e-02
1.4400000000e-01,8.8553029810e-02
1.4500000000e-01,8.9166059785e-02
1.4600000000e-01,8.9779049793e-02
1.4700000000e-01,9.0391999556e-02
1.4800000000e-01,9.1004908795e-02
1.4900000000e-01,9.1617777234e-02
1.5000000000e-01,9.2230604593e-02
1.5100000000e-01,9.2843390594e-02
1.5200000000e-01,9.3456134959e-02
1.5300000000e-01,9.4068837409e-02
1.5400000000e-01,9.4681497667e-02
1.5500000000e-01,9.5294115452e-02
1.5600000000e-01,9.5906690487e-02
1.5700000000e-01,9.6519222494e-02
1.5800000000e-01,9.7131711192e-02
1.5900000000e-01,9.7744156305e-02
1.6000000000e-01,9.8356557552e-02
1.6100000000e-01,9.8968914655e-02
1.6200000000e-01,9.9581227336e-02
1.6300000000e-01,1.0019349531e-01
1.6400000000e-01,1.0080571831e-01
1.6500000000e-01,1.0141789605e-01
1.6600000000e-01,1.0203002825e-01
1.6700000000e-01,1.0264211463e-01
1.6800000000e-01,1.0325415491e-01
1.6900000000e-01,1.0386614882e-01
1.7000000000e-01,1.0447809607e-01
1.7100000000e-01,1.0508999638e-01
1.7200000000e-01,1.0570184948e-01
1.7300000000e-01,1.0631365508e-01
1.7400000000e-01,1.0692541291e-01
1.7500000000e-01,1.0753712269e-01
1.7600000000e-01,1.0814878413e-01
1.7700000000e-01,1.0876039696e-01
1.7800000000e-01,1.0937196089e-01
1.7900000000e-01,1.0998347565e-01
1.8000000000e-01,1.1059494096e-01
1.8100000000e-01,1.1120635653e-01
1.8200000000e-01,1.1181772209e-01
1.8300000000e-01,1.1242903736e-01
1.8400000000e-01,1.1304030205e-01
1.8500000000e-01,1.1365151589e-01
1.8600000000e-01,1.1426267860e-01
1.8700000000e-01,1.1487378988e-01
1.8800000000e-01,1.1548484948e-01
1.8900000000e-01,1.1609585709e-01
1.9000000000e-01,1.1670681245e-01
1.9100000000e-01,1.1731771528e-01
1.9200000000e-01,1.1792856528e-01
1.9300000000e-01,1.1853936218e-01
1.9400000000e-01,1.1915010571e-01
1.9500000000e-01,1.1976079557e-01
1.9600000000e-01,1.2037143149e-01
1.9700000000e-01,1.2098201319e-01
1.9800000000e-01,1.2159254039e-01
1.9900000000e-01,1.2220301279e-01
2.0000000000e-01,1.2281343014e-01
2.0100000000e-01,1.2342379213e-01
2.0200000000e-01,1.2403409849e-01
2.0300000000e-01,1.2464434894e-01
2.0400000000e-01,1.2525454320e-01
2.0500000000e-01,1.2586468098e-01
2.0600000000e-01,1.2647476201e-01
2.0700000000e-01,1.2708478600e-01
2.0800000000e-01,1.2769475267e-01
2.0900000000e-01,1.2830466174e-01
2.1000000000e-01,1.2891451292e-01
2.1100000000e-01,1.2952430594e-01
2.1200000000e-01,1.3013404050e-01
2.1300000000e-01,1.3074371634e-01
2.1400000000e-01,1.3135333316e-01
2.1500000000e-01,1.3196289069e-01
2.1600000000e-01,1.3257238864e-01
2.1700000000e-01,1.3318182673e-01
2.1800000000e-01,1.3379120468e-01
2.1900000000e-01,1.3440052220e-01
2.2000000000e-01,1.3500977901e-01
2.2100000000e-01,1.3561897483e-01
2.2200000000e-01,1.3622810937e-01
2.2300000000e-01,1.3683718236e-01
2.2400000000e-01,1.3744619350e-01
2.2500000000e-01,1.3805514252e-01
2.2600000000e-01,1.3866402914e-01
2.2700000000e-01,1.3927285306e-01
2.2800000000e-01,1.3988161401e-01
2.2900000000e-01,1.4049031170e-01
2.3000000000e-01,1.4109894585e-01
2.3100000000e-01,1.4170751618e-01
2.3200000000e-01,1.4231602239e-01
2.3300000000e-01,1.4292446422e-01
2.3400000000e-01,1.4353284136e-01
2.3500000000e-01,1.4414115355e-01
2.3600000000e-01,1.4474940049e-01
2.3700000000e-01,1.4535758190e-01
2.3800000000e-01,1.4596569750e-01
2.3900000000e-01,1.4657374700e-01
2.4000000000e-01,1.4718173012e-01
2.4100000000e-01,1.4778964658e-01
2.4200000000e-01,1.4839749608e-01
2.4300000000e-01,1.4900527834e-01
2.4400000000e-01,1.4961299309e-01
2.4500000000e-01,1.5022064003e-01
2.4600000000e-01,1.5082821888e-01
2.4700000000e-01,1.5143572935e-01
2.4800000000e-01,1.5204317117e-01
2.4900000000e-01,1.5265054403e-01
2.5000000000e-01,1.5325784767e-01
2.5100000000e-01,1.5386508179e-01
2.5200000000e-01,1.5447224610e-01
2.5300000000e-01,1.5507934033e-01
2.5400000000e-01,1.5568636419e-01
2.5500000000e-01,1.5629331738e-01
2.5600000000e-01,1.5690019963e-01
2.5700000000e-01,1.5750701065e-01
2.5800000000e-01,1.5811375016e-01
2.5900000000e-01,1.5872041786e-01
2.6000000000e-01,1.5932701347e-01
2.6100000000e-01,1.5993353670e-01
2.6200000000e-01,1.6053998727e-01
2.6300000000e-01,1.6114636490e-01
2.6400000000e-01,1.6175266928e-01
2.6500000000e-01,1.6235890015e-01
2.6600000000e-01,1.6296505721e-01
2.6700000000e-01,1.6357114017e-01
2.6800000000e-01,1.6417714875e-01
2.6900000000e-01,1.6478308265e-01
2.7000000000e-01,1.6538894161e-01
2.7100000000e-01,1.6599472531e-01
2.7200000000e-01,1.6660043349e-01
2.7300000000e-01,1.6720606584e-01
2.7400000000e-01,1.6781162209e-01
2.7500000000e-01,1.6841710195e-01
2.7600000000e-01,1.6902250512e-01
2.7700000000e-01,1.6962783132e-01
2.7800000000e-01,1.7023308027e-01
2.7900000000e-01,1.7083825166e-01
2.8000000000e-01,1.7144334523e-01
2.8100000000e-01,1.7204836067e-01
2.8200000000e-01,1.7265329770e-01
2.8300000000e-01,1.7325815603e-01
2.8400000000e-01,1.7386293537e-01
2.8500000000e-01,1.7446763544e-01
2.8600000000e-01,1.7507225594e-01
2.8700000000e-01,1.7567679658e-01
2.8800000000e-01,1.7628125708e-01
2.8900000000e-01,1.7688563715e-01
2.9000000000e-01,1.7748993650e-01
2.9100000000e-01,1.7809415483e-01
2.9200000000e-01,1.7869829187e-01
2.9300000000e-01,1.7930234731e-01
2.9400000000e-01,1.7990632088e-01
2.9500000000e-01,1.8051021228e-01
2.9600000000e-01,1.8111402121e-01
2.9700000000e-01,1.8171774740e-01
2.9800000000e-01,1.8232139055e-01
2.9900000000e-01,1.8292495037e-01
3.0000000000e-01,1.8352842656e-01
3.0100000000e-01,1.8413181885e-01
3.0200000000e-01,1.8473512694e-01
3.0300000000e-01,1.8533835054e-01
3.0400000000e-01,1.8594148935e-01
3.0500000000e-01,1.8654454309e-01
3.0600000000e-01,1.8714751147e-01
3.0700000000e-01,1.8775039419e-01
3.0800000000e-01,1.8835319097e-01
3.0900000000e-01,1.8895590151e-01
3.1000000000e-01,1.8955852552e-01
3.1100000000e-01,1.9016106271e-01
3.1200000000e-01,1.9076351279e-01
3.1300000000e-01,1.9136587546e-01
3.1400000000e-01,1.9196815044e-01
3.1500000000e-01,1.9257033743e-01
3.1600000000e-01,1.9317243614e-01
3.1700000000e-01,1.9377444629e-01
3.1800000000e-01,1.9437636756e-01
3.1900000000e-01,1.9497819968e-01
3.2000000000e-01,1.9557994235e-01
3.2100000000e-01,1.9618159528e-01
3.2200000000e-01,1.9678315818e-01
3.2300000000e-01,1.9738463074e-01
3.2400000000e-01,1.9798601269e-01
3.2500000000e-01,1.9858730372e-01
3.2600000000e-01,1.9918850355e-01
3.2700000000e-01,1.9978961188e-01
3.2800000000e-01,2.0039062841e-01
3.2900000000e-01,2.0099155286e-01
3.3000000000e-01,2.0159238492e-01
3.3100000000e-01,2.0219312431e-01
3.3200000000e-01,2.0279377073e-01
3.3300000000e-01,2.0339432389e-01
3.3400000000e-01,2.0399478349e-01
3.3500000000e-01,2.0459514924e-01
3.3600000000e-01,2.0519542084e-01
3.3700000000e-01,2.0579559800e-01
3.3800000000e-01,2.0639568043e-01
3.3900000000e-01,2.0699566783e-01
3.4000000000e-01,2.0759555990e-01
3.4100000000e-01,2.0819535635e-01
3.4200000000e-01,2.0879505689e-01
3.4300000000e-01,2.0939466121e-01
3.4400000000e-01,2.0999416903e-01
3.4500000000e-01,2.1059358004e-01
3.4600000000e-01,2.1119289396e-01
3.4700000000e-01,2.1179211049e-01
3.4800000000e-01,2.1239122932e-01
3.4900000000e-01,2.1299025017e-01
3.5000000000e-01,2.1358917274e-01
3.5100000000e-01,2.1418799673e-01
3.5200000000e-01,2.1478672184e-01
3.5300000000e-01,2.1538534779e-01
3.5400000000e-01,2.1598387426e-01
3.5500000000e-01,2.1658230097e-01
3.5600000000e-01,2.1718062762e-01
3.5700000000e-01,2.1777885391e-01
3.5800000000e-01,2.1837697954e-01
3.5900000000e-01,2.1897500422e-01
3.6000000000e-01,2.1957292764e-01
3.6100000000e-01,2.2017074952e-01
3.6200000000e-01,2.2076846954e-01
3.6300000000e-01,2.2136608743e-01
3.6400000000e-01,2.2196360287e-01
3.6500000000e-01,2.2256101557e-01
3.6600000000e-01,2.2315832522e-01
3.6700000000e-01,2.2375553154e-01
3.6800000000e-01,2.2435263423e-01
3.6900000000e-01,2.2494963297e-01
3.7000000000e-01,2.2554652749e-01
3.7100000000e-01,2.2614331746e-01
3.7200000000e-01,2.2674000261e-01
3.7300000000e-01,2.2733658262e-01
3.7400000000e-01,2.2793305720e-01
3.7500000000e-01,2.2852942605e-01
3.7600000000e-01,2.2912568886e-01
3.7700000000e-01,2.2972184535e-01
3.7800000000e-01,2.3031789520e-01
3.7900000000e-01,2.3091383813e-01
3.8000000000e-01,2.3150967382e-01
3.8100000000e-01,2.3210540197e-01
3.8200000000e-01,2.3270102230e-01
3.8300000000e-01,2.3329653449e-01
3.8400000000e-01,2.3389193825e-01
3.8500000000e-01,2.3448723327e-01
3.8600000000e-01,2.3508241925e-01
3.8700000000e-01,2.3567749590e-01
3.8800000000e-01,2.3627246290e-01
3.8900000000e-01,2.3686731997e-01
3.9000000000e-01,2.3746206679e-01
3.9100000000e-01,2.3805670306e-01
3.9200000000e-01,2.3865122849e-01
3.9300000000e-01,2.3924564277e-01
3.9400000000e-01,2.3983994560e-01
3.9500000000e-01,2.4043413667e-01
3.9600000000e-01,2.4102821568e-01
3.9700000000e-01,2.4162218234e-01
3.9800000000e-01,2.4221603633e-01
3.9900000000e-01,2.4280977736e-01
4.0000000000e-01,2.4340340512e-01
4.0100000000e-01,2.4399691930e-01
4.0200000000e-01,2.4459031961e-01
4.0300000000e-01,2.4518360574e-01
4.0400000000e-01,2.4577677738e-01
4.0500000000e-01,2.4636983424e-01
4.0600000000e-01,2.4696277600e-01
4.0700000000e-01,2.4755560237e-01
4.0800000000e-01,2.4814831304e-01
4.0900000000e-01,2.4874090770e-01
4.1000000000e-01,2.4933338605e-01
4.1100000000e-01,2.4992574778e-01
4.1200000000e-01,2.5051799259e-01
4.1300000000e-01,2.5111012018e-01
4.1400000000e-01,2.5170213024e-01
4.1500000000e-01,2.5229402246e-01
4.1600000000e-01,2.5288579654e-01
4.1700000000e-01,2.5347745217e-01
4.1800000000e-01,2.5406898904e-01
4.1900000000e-01,2.5466040685e-01
4.2000000000e-01,2.5525170530e-01
4.2100000000e-01,2.5584288407e-01
4.2200000000e-01,2.5643394286e-01
4.2300000000e-01,2.5702488136e-01
4.2400000000e-01,2.5761569927e-01
4.2500000000e-01,2.5820639628e-01
4.2600000000e-01,2.5879697208e-01
4.2700000000e-01,2.5938742636e-01
4.2800000000e-01,2.5997775882e-01
4.2900000000e-01,2.6056796914e-01
4.3000000000e-01,2.6115805703e-01
4.3100000000e-01,2.6174802216e-01
4.3200000000e-01,2.6233786424e-01
4.3300000000e-01,2.6292758296e-01
4.3400000000e-01,2.6351717800e-01
4.3500000000e-01,2.6410664906e-01
4.3600000000e-01,2.6469599582e-01
4.3700000000e-01,2.6528521799e-01
4.3800000000e-01,2.6587431524e-01
4.3900000000e-01,2.6646328728e-01
4.4000000000e-01,2.6705213378e-01
4.4100000000e-01,2.6764085445e-01
4.4200000000e-01,2.6822944896e-01
4.4300000000e-01,2.6881791702e-01
4.4400000000e-01,2.6940625831e-01
4.4500000000e-01,2.6999447251e-01
4.4600000000e-01,2.7058255933e-01
4.4700000000e-01,2.7117051844e-01
4.4800000000e-01,2.7175834954e-01
4.4900000000e-01,2.7234605231e-01
4.5000000000e-01,2.7293362645e-01
4.5100000000e-01,2.7352107164e-01
4.5200000000e-01,2.7410838757e-01
4.5300000000e-01,2.7469557393e-01
4.5400000000e-01,2.7528263041e-01
4.5500000000e-01,2.7586955669e-01
4.5600000000e-01,2.7645635246e-01
4.5700000000e-01,2.7704301742e-01
4.5800000000e-01,2.7762955123e-01
4.5900000000e-01,2.7821595361e-01
4.6000000000e-01,2.7880222422e-01
4.6100000000e-01,2.7938836276e-01
4.6200000000e-01,2.7997436891e-01
4.6300000000e-01,2.8056024236e-01
4.6400000000e-01,2.8114598280e-01
4.6500000000e-01,2.8173158991e-01
4.6600000000e-01,2.8231706338e-01
4.6700000000e-01,2.8290240289e-01
4.6800000000e-01,2.8348760813e-01
4.6900000000e-01,2.8407267878e-01
4.7000000000e-01,2.8465761453e-01
4.7100000000e-01,2.8524241506e-01
4.7200000000e-01,2.8582708006e-01
4.7300000000e-01,2.8641160922e-01
4.7400000000e-01,2.8699600221e-01
4.7500000000e-01,2.8758025872e-01
4.7600000000e-01,2.8816437844e-01
4.7700000000e-01,2.8874836104e-01
4.7800000000e-01,2.8933220622e-01
4.7900000000e-01,2.8991591365e-01
4.8000000000e-01,2.9049948302e-01
4.8100000000e-01,2.9108291401e-01
4.8200000000e-01,2.9166620631e-01
4.8300000000e-01,2.9224935959e-01
4.8400000000e-01,2.9283237355e-01
4.8500000000e-01,2.9341524785e-01
4.8600000000e-01,2.9399798219e-01
4.8700000000e-01,2.9458057624e-01
4.8800000000e-01,2.9516302969e-01
4.8900000000e-01,2.9574534222e-01
4.9000000000e-01,2.9632751350e-01
4.9100000000e-01,2.9690954323e-01
4.9200000000e-01,2.9749143108e-01
4.9300000000e-01,2.9807317673e-01
4.9400000000e-01,2.9865477986e-01
4.9500000000e-01,2.9923624016e-01
4.9600000000e-01,2.9981755730e-01
4.9700000000e-01,3.0039873096e-01
4.9800000000e-01,3.0097976083e-01
4.9900000000e-01,3.0156064657e-01
5.0000000000e-01,3.0214138788e-01
5.0100000000e-01,3.0272198443e-01
5.0200000000e-01,3.0330243590e-01
5.0300000000e-01,3.0388274196e-01
5.0400000000e-01,3.0446290230e-01
5.0500000000e-01,3.0504291660e-01
5.0600000000e-01,3.0562278453e-01
5.0700000000e-01,3.0620250577e-01
5.0800000000e-01,3.0678208000e-01
5.0900000000e-01,3.0736150689e-01
5.1000000000e-01,3.0794078613e-01
5.1100000000e-01,3.0851991738e-01
5.1200000000e-01,3.0909890034e-01
5.1300000000e-01,3.0967773467e-01
5.1400000000e-01,3.1025642005e-01
5.1500000000e-01,3.1083495615e-01
5.1600000000e-01,3.1141334266e-01
5.1700000000e-01,3.1199157925e-01
5.1800000000e-01,3.1256966559e-01
5.1900000000e-01,3.1314760136e-01
5.2000000000e-01,3.1372538623e-01
5.2100000000e-01,3.1430301988e-01
5.2200000000e-01,3.1488050199e-01
5.2300000000e-01,3.1545783223e-01
5.2400000000e-01,3.1603501027e-01
5.2500000000e-01,3.1661203579e-01
5.2600000000e-01,3.1718890846e-01
5.2700000000e-01,3.1776562796e-01
5.2800000000e-01,3.1834219395e-01
5.2900000000e-01,3.1891860612e-01
5.3000000000e-01,3.1949486414e-01
5.3100000000e-01,3.2007096767e-01
5.3200000000e-01,3.2064691639e-01
5.3300000000e-01,3.2122270998e-01
5.3400000000e-01,3.2179834810e-01
5.3500000000e-01,3.2237383043e-01
5.3600000000e-01,3.2294915664e-01
5.3700000000e-01,3.2352432640e-01
5.3800000000e-01,3.2409933939e-01
5.3900000000e-01,3.2467419527e-01
5.4000000000e-01,3.2524889371e-01
5.4100000000e-01,3.2582343439e-01
5.4200000000e-01,3.2639781697e-01
5.4300000000e-01,3.2697204114e-01
5.4400000000e-01,3.2754610655e-01
5.4500000000e-01,3.2812001287e-01
5.4600000000e-01,3.2869375978e-01
5.4700000000e-01,3.2926734695e-01
5.4800000000e-01,3.2984077404e-01
5.4900000000e-01,3.3041404073e-01
5.5000000000e-01,3.3098714668e-01
5.5100000000e-01,3.3156009156e-01
5.5200000000e-01,3.3213287504e-01
5.5300000000e-01,3.3270549678e-01
5.5400000000e-01,3.3327795647e-01
5.5500000000e-01,3.3385025375e-01
5.5600000000e-01,3.3442238831e-01
5.5700000000e-01,3.3499435980e-01
5.5800000000e-01,3.3556616790e-01
5.5900000000e-01,3.3613781227e-01
5.6000000000e-01,3.3670929258e-01
5.6100000000e-01,3.3728060849e-01
5.6200000000e-01,3.3785175967e-01
5.6300000000e-01,3.3842274579e-01
5.6400000000e-01,3.3899356651e-01
5.6500000000e-01,3.3956422150e-01
5.6600000000e-01,3.4013471042e-01
5.6700000000e-01,3.4070503294e-01
5.6800000000e-01,3.4127518871e-01
5.6900000000e-01,3.4184517742e-01
5.7000000000e-01,3.4241499871e-01
5.7100000000e-01,3.4298465226e-01
5.7200000000e-01,3.4355413773e-01
5.7300000000e-01,3.4412345478e-01
5.7400000000e-01,3.4469260308e-01
5.7500000000e-01,3.4526158228e-01
5.7600000000e-01,3.4583039205e-01
5.7700000000e-01,3.4639903206e-01
5.7800000000e-01,3.4696750196e-01
5.7900000000e-01,3.4753580142e-01
5.8000000000e-01,3.4810393010e-01
5.8100000000e-01,3.4867188766e-01
5.8200000000e-01,3.4923967377e-01
5.8300000000e-01,3.4980728807e-01
5.8400000000e-01,3.5037473025e-01
5.8500000000e-01,3.5094199994e-01
5.8600000000e-01,3.5150909683e-01
5.8700000000e-01,3.5207602055e-01
5.8800000000e-01,3.5264277079e-01
5.8900000000e-01,3.5320934719e-01
5.9000000000e-01,3.5377574941e-01
5.9100000000e-01,3.5434197712e-01
5.9200000000e-01,3.5490802997e-01
5.9300000000e-01,3.5547390763e-01
5.9400000000e-01,3.5603960974e-01
5.9500000000e-01,3.5660513597e-01
5.9600000000e-01,3.5717048598e-01
5.9700000000e-01,3.5773565942e-01
5.9800000000e-01,3.5830065596e-01
5.9900000000e-01,3.5886547524e-01
6.0000000000e-01,3.5943011693e-01
6.0100000000e-01,3.5999458068e-01
6.0200000000e-01,3.6055886615e-01
6.0300000000e-01,3.6112297299e-01
6.0400000000e-01,3.6168690087e-01
6.0500000000e-01,3.6225064943e-01
6.0600000000e-01,3.6281421834e-01
6.0700000000e-01,3.6337760724e-01
6.0800000000e-01,3.6394081579e-01
6.0900000000e-01,3.6450384366e-01
6.1000000000e-01,3.6506669048e-01
6.1100000000e-01,3.6562935592e-01
6.1200000000e-01,3.6619183963e-01
6.1300000000e-01,3.6675414126e-01
6.1400000000e-01,3.6731626047e-01
6.1500000000e-01,3.6787819691e-01
6.1600000000e-01,3.6843995023e-01
6.1700000000e-01,3.6900152009e-01
6.1800000000e-01,3.6956290614e-01
6.1900000000e-01,3.7012410803e-01
6.2000000000e-01,3.7068512540e-01
6.2100000000e-01,3.7124595793e-01
6.2200000000e-01,3.7180660525e-01
6.2300000000e-01,3.7236706701e-01
6.2400000000e-01,3.7292734287e-01
6.2500000000e-01,3.7348743248e-01
6.2600000000e-01,3.7404733549e-01
6.2700000000e-01,3.7460705154e-01
6.2800000000e-01,3.7516658029e-01
6.2900000000e-01,3.7572592139e-01
6.3000000000e-01,3.7628507449e-01
6.3100000000e-01,3.7684403923e-01
6.3200000000e-01,3.7740281527e-01
6.3300000000e-01,3.7796140225e-01
6.3400000000e-01,3.7851979981e-01
6.3500000000e-01,3.7907800762e-01
6.3600000000e-01,3.7963602532e-01
6.3700000000e-01,3.8019385255e-01
6.3800000000e-01,3.8075148896e-01
6.3900000000e-01,3.8130893420e-01
6.4000000000e-01,3.8186618791e-01
6.4100000000e-01,3.8242324974e-01
6.4200000000e-01,3.8298011934e-01
6.4300000000e-01,3.8353679635e-01
6.4400000000e-01,3.8409328043e-01
6.4500000000e-01,3.8464957120e-01
6.4600000000e-01,3.8520566832e-01
6.4700000000e-01,3.8576157144e-01
6.4800000000e-01,3.8631728019e-01
6.4900000000e-01,3.8687279422e-01
6.5000000000e-01,3.8742811318e-01
6.5100000000e-01,3.8798323671e-01
6.5200000000e-01,3.8853816445e-01
6.5300000000e-01,3.8909289605e-01
6.5400000000e-01,3.8964743114e-01
6.5500000000e-01,3.9020176938e-01
6.5600000000e-01,3.9075591039e-01
6.5700000000e-01,3.9130985383e-01
6.5800000000e-01,3.9186359934e-01
6.5900000000e-01,3.9241714655e-01
6.6000000000e-01,3.9297049512e-01
6.6100000000e-01,3.9352364467e-01
6.6200000000e-01,3.9407659485e-01
6.6300000000e-01,3.9462934530e-01
6.6400000000e-01,3.9518189567e-01
6.6500000000e-01,3.9573424558e-01
6.6600000000e-01,3.9628639468e-01
6.6700000000e-01,3.9683834261e-01
6.6800000000e-01,3.9739008900e-01
6.6900000000e-01,3.9794163350e-01
6.7000000000e-01,3.9849297575e-01
6.7100000000e-01,3.9904411537e-01
6.7200000000e-01,3.9959505202e-01
6.7300000000e-01,4.0014578532e-01
6.7400000000e-01,4.0069631491e-01
6.7500000000e-01,4.0124664044e-01
6.7600000000e-01,4.0179676153e-01
6.7700000000e-01,4.0234667782e-01
6.7800000000e-01,4.0289638896e-01
6.7900000000e-01,4.0344589456e-01
6.8000000000e-01,4.0399519428e-01
6.8100000000e-01,4.0454428774e-01
6.8200000000e-01,4.0509317459e-01
6.8300000000e-01,4.0564185444e-01
6.8400000000e-01,4.0619032695e-01
6.8500000000e-01,4.0673859173e-01
6.8600000000e-01,4.0728664843e-01
6.8700000000e-01,4.0783449668e-01
6.8800000000e-01,4.0838213612e-01
6.8900000000e-01,4.0892956636e-01
6.9000000000e-01,4.0947678705e-01
6.9100000000e-01,4.1002379783e-01
6.9200000000e-01,4.1057059831e-01
6.9300000000e-01,4.1111718813e-01
6.9400000000e-01,4.1166356693e-01
6.9500000000e-01,4.1220973433e-01
6.9600000000e-01,4.1275568997e-01
6.9700000000e-01,4.1330143347e-01
6.9800000000e-01,4.1384696447e-01
6.9900000000e-01,4.1439228259e-01
7.0000000000e-01,4.1493738746e-01
7.0100000000e-01,4.1548227872e-01
7.0200000000e-01,4.1602695599e-01
7.0300000000e-01,4.1657141890e-01
7.0400000000e-01,4.1711566708e-01
7.0500000000e-01,4.1765970015e-01
7.0600000000e-01,4.1820351775e-01
7.0700000000e-01,4.1874711950e-01
7.0800000000e-01,4.1929050502e-01
7.0900000000e-01,4.1983367395e-01
7.1000000000e-01,4.2037662591e-01
7.1100000000e-01,4.2091936053e-01
7.1200000000e-01,4.2146187743e-01
7.1300000000e-01,4.2200417624e-01
7.1400000000e-01,4.2254625658e-01
7.1500000000e-01,4.2308811807e-01
7.1600000000e-01,4.2362976035e-01
7.1700000000e-01,4.2417118304e-01
7.1800000000e-01,4.2471238575e-01
7.1900000000e-01,4.2525336812e-01
7.2000000000e-01,4.2579412977e-01
7.2100000000e-01,4.2633467031e-01
7.2200000000e-01,4.2687498937e-01
7.2300000000e-01,4.2741508658e-01
7.2400000000e-01,4.2795496156e-01
7.2500000000e-01,4.2849461392e-01
7.2600000000e-01,4.2903404329e-01
7.2700000000e-01,4.2957324929e-01
7.2800000000e-01,4.3011223154e-01
7.2900000000e-01,4.3065098966e-01
7.3000000000e-01,4.3118952328e-01
7.3100000000e-01,4.3172783200e-01
7.3200000000e-01,4.3226591545e-01
7.3300000000e-01,4.3280377325e-01
7.3400000000e-01,4.3334140502e-01
7.3500000000e-01,4.3387881037e-01
7.3600000000e-01,4.3441598893e-01
7.3700000000e-01,4.3495294031e-01
7.3800000000e-01,4.3548966413e-01
7.3900000000e-01,4.3602616000e-01
7.4000000000e-01,4.3656242755e-01
7.4100000000e-01,4.3709846638e-01
7.4200000000e-01,4.3763427612e-01
7.4300000000e-01,4.3816985638e-01
7.4400000000e-01,4.3870520678e-01
7.4500000000e-01,4.3924032693e-01
7.4600000000e-01,4.3977521645e-01
7.4700000000e-01,4.4030987495e-01
7.4800000000e-01,4.4084430204e-01
7.4900000000e-01,4.4137849734e-01
7.5000000000e-01,4.4191246046e-01
7.5100000000e-01,4.4244619102e-01
7.5200000000e-01,4.4297968862e-01
7.5300000000e-01,4.4351295289e-01
7.5400000000e-01,4.4404598343e-01
7.5500000000e-01,4.4457877985e-01
7.5600000000e-01,4.4511134177e-01
7.5700000000e-01,4.4564366880e-01
7.5800000000e-01,4.4617576054e-01
7.5900000000e-01,4.4670761662e-01
7.6000000000e-01,4.4723923663e-01
7.6100000000e-01,4.4777062019e-01
7.6200000000e-01,4.4830176690e-01
7.6300000000e-01,4.4883267639e-01
7.6400000000e-01,4.4936334825e-01
7.6500000000e-01,4.4989378209e-01
7.6600000000e-01,4.5042397752e-01
7.6700000000e-01,4.5095393416e-01
7.6800000000e-01,4.5148365160e-01
7.6900000000e-01,4.5201312946e-01
7.7000000000e-01,4.5254236733e-01
7.7100000000e-01,4.5307136484e-01
7.7200000000e-01,4.5360012158e-01
7.7300000000e-01,4.5412863715e-01
7.7400000000e-01,4.5465691117e-01
7.7500000000e-01,4.5518494324e-01
7.7600000000e-01,4.5571273297e-01
7.7700000000e-01,4.5624027995e-01
7.7800000000e-01,4.5676758379e-01
7.7900000000e-01,4.5729464410e-01
7.8000000000e-01,4.5782146048e-01
7.8100000000e-01,4.5834803253e-01
7.8200000000e-01,4.5887435986e-01
7.8300000000e-01,4.5940044206e-01
7.8400000000e-01,4.5992627874e-01
7.8500000000e-01,4.6045186950e-01
7.8600000000e-01,4.6097721394e-01
7.8700000000e-01,4.6150231166e-01
7.8800000000e-01,4.6202716227e-01
7.8900000000e-01,4.6255176536e-01
7.9000000000e-01,4.6307612053e-01
7.9100000000e-01,4.6360022738e-01
7.9200000000e-01,4.6412408551e-01
7.9300000000e-01,4.6464769453e-01
7.9400000000e-01,4.6517105401e-01
7.9500000000e-01,4.6569416358e-01
7.9600000000e-01,4.6621702282e-01
7.9700000000e-01,4.6673963133e-01
7.9800000000e-01,4.6726198870e-01
7.9900000000e-01,4.6778409454e-01
8.0000000000e-01,4.6830594844e-01
8.0100000000e-01,4.6882755000e-01
8.0200000000e-01,4.6934889880e-01
8.0300000000e-01,4.6986999446e-01
8.0400000000e-01,4.7039083655e-01
8.0500000000e-01,4.7091142468e-01
8.0600000000e-01,4.7143175844e-01
8.0700000000e-01,4.7195183742e-01
8.0800000000e-01,4.7247166122e-01
8.0900000000e-01,4.7299122942e-01
8.1000000000e-01,4.7351054163e-01
8.1100000000e-01,4.7402959744e-01
8.1200000000e-01,4.7454839642e-01
8.1300000000e-01,4.7506693819e-01
8.1400000000e-01,4.7558522232e-01
8.1500000000e-01,4.7610324841e-01
8.1600000000e-01,4.7662101606e-01
8.1700000000e-01,4.7713852484e-01
8.1800000000e-01,4.7765577434e-01
8.1900000000e-01,4.7817276417e-01
8.2000000000e-01,4.7868949391e-01
8.2100000000e-01,4.7920596314e-01
8.2200000000e-01,4.7972217145e-01
8.2300000000e-01,4.8023811843e-01
8.2400000000e-01,4.8075380367e-01
8.2500000000e-01,4.8126922676e-01
8.2600000000e-01,4.8178438728e-01
8.2700000000e-01,4.8229928482e-01
8.2800000000e-01,4.8281391896e-01
8.2900000000e-01,4.8332828930e-01
8.3000000000e-01,4.8384239540e-01
8.3100000000e-01,4.8435623687e-01
8.3200000000e-01,4.8486981328e-01
8.3300000000e-01,4.8538312422e-01
8.3400000000e-01,4.8589616927e-01
8.3500000000e-01,4.8640894802e-01
8.3600000000e-01,4.8692146004e-01
8.3700000000e-01,4.8743370492e-01
8.3800000000e-01,4.8794568225e-01
8.3900000000e-01,4.8845739160e-01
8.4000000000e-01,4.8896883255e-01
8.4100000000e-01,4.8948000469e-01
8.4200000000e-01,4.8999090760e-01
8.4300000000e-01,4.9050154085e-01
8.4400000000e-01,4.9101190403e-01
8.4500000000e-01,4.9152199672e-01
8.4600000000e-01,4.9203181849e-01
8.4700000000e-01,4.9254136893e-01
8.4800000000e-01,4.9305064760e-01
8.4900000000e-01,4.9355965410e-01
8.5000000000e-01,4.9406838800e-01
8.5100000000e-01,4.9457684887e-01
8.5200000000e-01,4.9508503629e-01
8.5300000000e-01,4.9559294983e-01
8.5400000000e-01,4.9610058909e-01
8.5500000000e-01,4.9660795362e-01
8.5600000000e-01,4.9711504300e-01
8.5700000000e-01,4.9762185681e-01
8.5800000000e-01,4.9812839463e-01
8.5900000000e-01,4.9863465602e-01
8.6000000000e-01,4.9914064057e-01
8.6100000000e-01,4.9964634784e-01
8.6200000000e-01,5.0015177740e-01
8.6300000000e-01,5.0065692883e-01
8.6400000000e-01,5.0116180171e-01
8.6500000000e-01,5.0166639560e-01
8.6600000000e-01,5.0217071007e-01
8.6700000000e-01,5.0267474470e-01
8.6800000000e-01,5.0317849905e-01
8.6900000000e-01,5.0368197270e-01
8.7000000000e-01,5.0418516521e-01
8.7100000000e-01,5.0468807615e-01
8.7200000000e-01,5.0519070510e-01
8.7300000000e-01,5.0569305162e-01
8.7400000000e-01,5.0619511528e-01
8.7500000000e-01,5.0669689565e-01
8.7600000000e-01,5.0719839229e-01
8.7700000000e-01,5.0769960477e-01
8.7800000000e-01,5.0820053266e-01
8.7900000000e-01,5.0870117553e-01
8.8000000000e-01,5.0920153293e-01
8.8100000000e-01,5.0970160444e-01
8.8200000000e-01,5.1020138961e-01
8.8300000000e-01,5.1070088802e-01
8.8400000000e-01,5.1120009923e-01
8.8500000000e-01,5.1169902280e-01
8.8600000000e-01,5.1219765829e-01
8.8700000000e-01,5.1269600527e-01
8.8800000000e-01,5.1319406330e-01
8.8900000000e-01,5.1369183195e-01
8.9000000000e-01,5.1418931076e-01
8.9100000000e-01,5.1468649931e-01
8.9200000000e-01,5.1518339716e-01
8.9300000000e-01,5.1568000386e-01
8.9400000000e-01,5.1617631897e-01
8.9500000000e-01,5.1667234206e-01
8.9600000000e-01,5.1716807269e-01
8.9700000000e-01,5.1766351040e-01
8.9800000000e-01,5.1815865477e-01
8.9900000000e-01,5.1865350535e-01
9.0000000000e-01,5.1914806169e-01
9.0100000000e-01,5.1964232336e-01
9.0200000000e-01,5.2013628991e-01
9.0300000000e-01,5.2062996089e-01
9.0400000000e-01,5.2112333587e-01
9.0500000000e-01,5.2161641439e-01
9.0600000000e-01,5.2210919602e-01
9.0700000000e-01,5.2260168030e-01
9.0800000000e-01,5.2309386680e-01
9.0900000000e-01,5.2358575506e-01
9.1000000000e-01,5.2407734463e-01
9.1100000000e-01,5.2456863508e-01
9.1200000000e-01,5.2505962595e-01
9.1300000000e-01,5.2555031680e-01
9.1400000000e-01,5.2604070718e-01
9.1500000000e-01,5.2653079663e-01
9.1600000000e-01,5.2702058472e-01
9.1700000000e-01,5.2751007098e-01
9.1800000000e-01,5.2799925497e-01
9.1900000000e-01,5.2848813624e-01
9.2000000000e-01,5.2897671435e-01
9.2100000000e-01,5.2946498882e-01
9.2200000000e-01,5.2995295923e-01
9.2300000000e-01,5.3044062510e-01
9.2400000000e-01,5.3092798600e-01
9.2500000000e-01,5.3141504146e-01
9.2600000000e-01,5.3190179104e-01
9.2700000000e-01,5.3238823428e-01
9.2800000000e-01,5.3287437073e-01
9.2900000000e-01,5.3336019992e-01
9.3000000000e-01,5.3384572142e-01
9.3100000000e-01,5.3433093475e-01
9.3200000000e-01,5.3481583947e-01
9.3300000000e-01,5.3530043511e-01
9.3400000000e-01,5.3578472123e-01
9.3500000000e-01,5.3626869736e-01
9.3600000000e-01,5.3675236305e-01
9.3700000000e-01,5.3723571784e-01
9.3800000000e-01,5.3771876126e-01
9.3900000000e-01,5.3820149287e-01
9.4000000000e-01,5.3868391220e-01
9.4100000000e-01,5.3916601879e-01
9.4200000000e-01,5.3964781218e-01
9.4300000000e-01,5.4012929191e-01
9.4400000000e-01,5.4061045752e-01
9.4500000000e-01,5.4109130855e-01
9.4600000000e-01,5.4157184453e-01
9.4700000000e-01,5.4205206501e-01
9.4800000000e-01,5.4253196952e-01
9.4900000000e-01,5.4301155759e-01
9.5000000000e-01,5.4349082877e-01
9.5100000000e-01,5.4396978259e-01
9.5200000000e-01,5.4444841858e-01
9.5300000000e-01,5.4492673628e-01
9.5400000000e-01,5.4540473522e-01
9.5500000000e-01,5.4588241494e-01
9.5600000000e-01,5.4635977498e-01
9.5700000000e-01,5.4683681485e-01
9.5800000000e-01,5.4731353411e-01
9.5900000000e-01,5.4778993227e-01
9.6000000000e-01,5.4826600888e-01
9.6100000000e-01,5.4874176346e-01
9.6200000000e-01,5.4921719554e-01
9.6300000000e-01,5.4969230466e-01
9.6400000000e-01,5.5016709034e-01
9.6500000000e-01,5.5064155212e-01
9.6600000000e-01,5.5111568952e-01
9.6700000000e-01,5.5158950207e-01
9.6800000000e-01,5.5206298930e-01
9.6900000000e-01,5.5253615074e-01
9.7000000000e-01,5.5300898592e-01
9.7100000000e-01,5.5348149436e-01
9.7200000000e-01,5.5395367558e-01
9.7300000000e-01,5.5442552913e-01
9.7400000000e-01,5.5489705451e-01
9.7500000000e-01,5.5536825126e-01
9.7600000000e-01,5.5583911891e-01
9.7700000000e-01,5.5630965696e-01
9.7800000000e-01,5.5677986496e-01
9.7900000000e-01,5.5724974242e-01
9.8000000000e-01,5.5771928886e-01
9.8100000000e-01,5.5818850382e-01
9.8200000000e-01,5.5865738680e-01
9.8300000000e-01,5.5912593734e-01
9.8400000000e-01,5.5959415494e-01
9.8500000000e-01,5.6006203915e-01
9.8600000000e-01,5.6052958946e-01
9.8700000000e-01,5.6099680541e-01
9.8800000000e-01,5.6146368651e-01
9.8900000000e-01,5.6193023229e-01
9.9000000000e-01,5.6239644226e-01
9.9100000000e-01,5.6286231593e-01
9.9200000000e-01,5.6332785283e-01
9.9300000000e-01,5.6379305248e-01
9.9400000000e-01,5.6425791438e-01
9.9500000000e-01,5.6472243806e-01
9.9600000000e-01,5.6518662303e-01
9.9700000000e-01,5.6565046881e-01
9.9800000000e-01,5.6611397492e-01
9.9900000000e-01,5.6657714085e-01
1.0000000000e+00,5.6703996614e-01
1.0010000000e+00,5.6750245030e-01
1.0020000000e+00,5.6796459283e-01
1.0030000000e+00,5.6842639325e-01
1.0040000000e+00,5.6888785107e-01
1.0050000000e+00,5.6934896580e-01
1.0060000000e+00,5.6980973696e-01
1.0070000000e+00,5.7027016406e-01
1.0080000000e+00,5.7073024660e-01
1.0090000000e+00,5.7118998409e-01
1.0100000000e+00,5.7164937606e-01
1.0110000000e+00,5.7210842199e-01
1.0120000000e+00,5.7256712141e-01
1.0130000000e+00,5.7302547382e-01
1.0140000000e+00,5.7348347872e-01
1.0150000000e+00,5.7394113563e-01
1.0160000000e+00,5.7439844405e-01
1.0170000000e+00,5.7485540349e-01
1.0180000000e+00,5.7531201345e-01
1.0190000000e+00,5.7576827345e-01
1.0200000000e+00,5.7622418297e-01
1.0210000000e+00,5.7667974153e-01
1.0220000000e+00,5.7713494864e-01
1.0230000000e+00,5.7758980379e-01
1.0240000000e+00,5.7804430648e-01
1.0250000000e+00,5.7849845623e-01
1.0260000000e+00,5.7895225253e-01
1.0270000000e+00,5.7940569488e-01
1.0280000000e+00,5.7985878279e-01
1.0290000000e+00,5.8031151576e-01
1.0300000000e+00,5.8076389328e-01
1.0310000000e+00,5.8121591485e-01
1.0320000000e+00,5.8166757998e-01
1.0330000000e+00,5.8211888817e-01
1.0340000000e+00,5.8256983890e-01
1.0350000000e+00,5.8302043169e-01
1.0360000000e+00,5.8347066602e-01
1.0370000000e+00,5.8392054140e-01
1.0380000000e+00,5.8437005732e-01
1.0390000000e+00,5.8481921327e-01
1.0400000000e+00,5.8526800875e-01
1.0410000000e+00,5.8571644326e-01
1.0420000000e+00,5.8616451630e-01
1.0430000000e+00,5.8661222735e-01
1.0440000000e+00,5.8705957591e-01
1.0450000000e+00,5.8750656147e-01
1.0460000000e+00,5.8795318352e-01
1.0470000000e+00,5.8839944156e-01
1.0480000000e+00,5.8884533509e-01
1.0490000000e+00,5.8929086358e-01
1.0500000000e+00,5.8973602653e-01
1.0510000000e+00,5.9018082344e-01
1.0520000000e+00,5.9062525378e-01
1.0530000000e+00,5.9106931706e-01
1.0540000000e+00,5.9151301276e-01
1.0550000000e+00,5.9195634036e-01
1.0560000000e+00,5.9239929937e-01
1.0570000000e+00,5.9284188925e-01
1.0580000000e+00,5.9328410951e-01
1.0590000000e+00,5.9372595962e-01
1.0600000000e+00,5.9416743908e-01
1.0610000000e+00,5.9460854737e-01
1.0620000000e+00,5.9504928397e-01
1.0630000000e+00,5.9548964837e-01
1.0640000000e+00,5.9592964006e-01
1.0650000000e+00,5.9636925851e-01
1.0660000000e+00,5.9680850321e-01
1.0670000000e+00,5.9724737365e-01
1.0680000000e+00,5.9768586930e-01
1.0690000000e+00,5.9812398965e-01
1.0700000000e+00,5.9856173418e-01
1.0710000000e+00,5.9899910237e-01
1.0720000000e+00,5.9943609370e-01
1.0730000000e+00,5.9987270766e-01
1.0740000000e+00,6.0030894371e-01
1.0750000000e+00,6.0074480134e-01
1.0760000000e+00,6.0118028003e-01
1.0770000000e+00,6.0161537925e-01
1.0780000000e+00,6.0205009849e-01
1.0790000000e+00,6.0248443722e-01
1.0800000000e+00,6.0291839492e-01
1.0810000000e+00,6.0335197106e-01
1.0820000000e+00,6.0378516512e-01
1.0830000000e+00,6.0421797657e-01
1.0840000000e+00,6.0465040490e-01
1.0850000000e+00,6.0508244957e-01
1.0860000000e+00,6.0551411005e-01
1.0870000000e+00,6.0594538583e-01
1.0880000000e+00,6.0637627637e-01
1.0890000000e+00,6.0680678115e-01
1.0900000000e+00,6.0723689964e-01
1.0910000000e+00,6.0766663131e-01
1.0920000000e+00,6.0809597562e-01
1.0930000000e+00,6.0852493206e-01
1.0940000000e+00,6.0895350009e-01
1.0950000000e+00,6.0938167919e-01
1.0960000000e+00,6.0980946881e-01
1.0970000000e+00,6.1023686843e-01
1.0980000000e+00,6.1066387752e-01
1.0990000000e+00,6.1109049555e-01
1.1000000000e+00,6.1151672197e-01
1.1010000000e+00,6.1194255627e-01
1.1020000000e+00,6.1236799790e-01
1.1030000000e+00,6.1279304633e-01
1.1040000000e+00,6.1321770103e-01
1.1050000000e+00,6.1364196146e-01
1.1060000000e+00,6.1406582708e-01
1.1070000000e+00,6.1448929737e-01
1.1080000000e+00,6.1491237177e-01
1.1090000000e+00,6.1533504977e-01
1.1100000000e+00,6.1575733081e-01
1.1110000000e+00,6.1617921436e-01
1.1120000000e+00,6.1660069988e-01
1.1130000000e+00,6.1702178684e-01
1.1140000000e+00,6.1744247469e-01
1.1150000000e+00,6.1786276289e-01
1.1160000000e+00,6.1828265091e-01
1.1170000000e+00,6.1870213820e-01
1.1180000000e+00,6.1912122422e-01
1.1190000000e+00,6.1953990843e-01
1.1200000000e+00,6.1995819028e-01
1.1210000000e+00,6.2037606925e-01
1.1220000000e+00,6.2079354477e-01
1.1230000000e+00,6.2121061631e-01
1.1240000000e+00,6.2162728332e-01
1.1250000000e+00,6.2204354526e-01
1.1260000000e+00,6.2245940159e-01
1.1270000000e+00,6.2287485175e-01
1.1280000000e+00,6.2328989520e-01
1.1290000000e+00,6.2370453140e-01
1.1300000000e+00,6.2411875980e-01
1.1310000000e+00,6.2453257985e-01
1.1320000000e+00,6.2494599100e-01
1.1330000000e+00,6.2535899271e-01
1.1340000000e+00,6.2577158442e-01
1.1350000000e+00,6.2618376559e-01
1.1360000000e+00,6.2659553567e-01
1.1370000000e+00,6.2700689410e-01
1.1380000000e+00,6.2741784034e-01
1.1390000000e+00,6.2782837383e-01
1.1400000000e+00,6.2823849402e-01
1.1410000000e+00,6.2864820036e-01
1.1420000000e+00,6.2905749230e-01
1.1430000000e+00,6.2946636929e-01
1.1440000000e+00,6.2987483076e-01
1.1450000000e+00,6.3028287617e-01
1.1460000000e+00,6.3069050497e-01
1.1470000000e+00,6.3109771659e-01
1.1480000000e+00,6.3150451048e-01
1.1490000000e+00,6.3191088609e-01
1.1500000000e+00,6.3231684286e-01
1.1510000000e+00,6.3272238023e-01
1.1520000000e+00,6.3312749764e-01
1.1530000000e+00,6.3353219454e-01
1.1540000000e+00,6.3393647037e-01
1.1550000000e+00,6.3434032457e-01
1.1560000000e+00,6.3474375658e-01
1.1570000000e+00,6.3514676584e-01
1.1580000000e+00,6.3554935179e-01
1.1590000000e+00,6.3595151388e-01
1.1600000000e+00,6.3635325153e-01
1.1610000000e+00,6.3675456418e-01
1.1620000000e+00,6.3715545128e-01
1.1630000000e+00,6.3755591227e-01
1.1640000000e+00,6.3795594657e-01
1.1650000000e+00,6.3835555363e-01
1.1660000000e+00,6.3875473289e-01
1.1670000000e+00,6.3915348377e-01
1.1680000000e+00,6.3955180571e-01
1.1690000000e+00,6.3994969815e-01
1.1700000000e+00,6.4034716052e-01
1.1710000000e+00,6.4074419226e-01
1.1720000000e+00,6.4114079279e-01
1.1730000000e+00,6.4153696156e-01
1.1740000000e+00,6.4193269799e-01
1.1750000000e+00,6.4232800152e-01
1.1760000000e+00,6.4272287157e-01
1.1770000000e+00,6.4311730758e-01
1.1780000000e+00,6.4351130898e-01
1.1790000000e+00,6.4390487520e-01
1.1800000000e+00,6.4429800567e-01
1.1810000000e+00,6.4469069981e-01
1.1820000000e+00,6.4508295706e-01
1.1830000000e+00,6.4547477684e-01
1.1840000000e+00,6.4586615858e-01
1.1850000000e+00,6.4625710172e-01
1.1860000000e+00,6.4664760566e-01
1.1870000000e+00,6.4703766985e-01
1.1880000000e+00,6.4742729371e-01
1.1890000000e+00,6.4781647666e-01
1.1900000000e+00,6.4820521813e-01
1.1910000000e+00,6.4859351754e-01
1.1920000000e+00,6.4898137431e-01
1.1930000000e+00,6.4936878788e-01
1.1940000000e+00,6.4975575766e-01
1.1950000000e+00,6.5014228307e-01
1.1960000000e+00,6.5052836355e-01
1.1970000000e+00,6.5091399850e-01
1.1980000000e+00,6.5129918735e-01
1.1990000000e+00,6.5168392953e-01
1.2000000000e+00,6.5206822445e-01
1.2010000000e+00,6.5245207152e-01
1.2020000000e+00,6.5283547019e-01
1.2030000000e+00,6.5321841985e-01
1.2040000000e+00,6.5360091993e-01
1.2050000000e+00,6.5398296984e-01
1.2060000000e+00,6.5436456901e-01
1.2070000000e+00,6.5474571686e-01
1.2080000000e+00,6.5512641279e-01
1.2090000000e+00,6.5550665623e-01
1.2100000000e+00,6.5588644659e-01
1.2110000000e+00,6.5626578328e-01
1.2120000000e+00,6.5664466572e-01
1.2130000000e+00,6.5702309334e-01
1.2140000000e+00,6.5740106553e-01
1.2150000000e+00,6.5777858171e-01
1.2160000000e+00,6.5815564130e-01
1.2170000000e+00,6.5853224371e-01
1.2180000000e+00,6.5890838835e-01
1.2190000000e+00,6.5928407463e-01
1.2200000000e+00,6.5965930197e-01
1.2210000000e+00,6.6003406977e-01
1.2220000000e+00,6.6040837745e-01
1.2230000000e+00,6.6078222441e-01
1.2240000000e+00,6.6115561008e-01
1.2250000000e+00,6.6152853384e-01
1.2260000000e+00,6.6190099512e-01
1.2270000000e+00,6.6227299332e-01
1.2280000000e+00,6.6264452785e-01
1.2290000000e+00,6.6301559811e-01
1.2300000000e+00,6.6338620352e-01
1.2310000000e+00,6.6375634349e-01
1.2320000000e+00,6.6412601740e-01
1.2330000000e+00,6.6449522468e-01
1.2340000000e+00,6.6486396473e-01
1.2350000000e+00,6.6523223695e-01
1.2360000000e+00,6.6560004074e-01
1.2370000000e+00,6.6596737552e-01
1.2380000000e+00,6.6633424067e-01
1.2390000000e+00,6.6670063562e-01
1.2400000000e+00,6.6706655976e-01
1.2410000000e+00,6.6743201248e-01
1.2420000000e+00,6.6779699320e-01
1.2430000000e+00,6.6816150132e-01
1.2440000000e+00,6.6852553623e-01
1.2450000000e+00,6.6888909733e-01
1.2460000000e+00,6.6925218403e-01
1.2470000000e+00,6.6961479573e-01
1.2480000000e+00,6.6997693182e-01
1.2490000000e+00,6.7033859171e-01
1.2500000000e+00,6.7069977479e-01
1.2510000000e+00,6.7106048046e-01
1.2520000000e+00,6.7142070811e-01
1.2530000000e+00,6.7178045715e-01
1.2540000000e+00,6.7213972697e-01
1.2550000000e+00,6.7249851697e-01
1.2560000000e+00,6.7285682654e-01
1.2570000000e+00,6.7321465508e-01
1.2580000000e+00,6.7357200198e-01
1.2590000000e+00,6.7392886664e-01
1.2600000000e+00,6.7428524845e-01
1.2610000000e+00,6.7464114681e-01
1.2620000000e+00,6.7499656111e-01
1.2630000000e+00,6.7535149074e-01
1.2640000000e+00,6.7570593509e-01
1.2650000000e+00,6.7605989356e-01
1.2660000000e+00,6.7641336554e-01
1.2670000000e+00,6.7676635041e-01
1.2680000000e+00,6.7711884758e-01
1.2690000000e+00,6.7747085643e-01
1.2700000000e+00,6.7782237635e-01
1.2710000000e+00,6.7817340673e-01
1.2720000000e+00,6.7852394696e-01
1.2730000000e+00,6.7887399642e-01
1.2740000000e+00,6.7922355452e-01
1.2750000000e+00,6.7957262063e-01
1.2760000000e+00,6.7992119414e-01
1.2770000000e+00,6.8026927444e-01
1.2780000000e+00,6.8061686092e-01
1.2790000000e+00,6.8096395296e-01
1.2800000000e+00,6.8131054994e-01
1.2810000000e+00,6.8165665127e-01
1.2820000000e+00,6.8200225631e-01
1.2830000000e+00,6.8234736446e-01
1.2840000000e+00,6.8269197509e-01
1.2850000000e+00,6.8303608760e-01
1.2860000000e+00,6.8337970137e-01
1.2870000000e+00,6.8372281577e-01
1.2880000000e+00,6.8406543020e-01
1.2890000000e+00,6.8440754403e-01
1.2900000000e+00,6.8474915665e-01
1.2910000000e+00,6.8509026744e-01
1.2920000000e+00,6.8543087578e-01
1.2930000000e+00,6.8577098105e-01
1.2940000000e+00,6.8611058263e-01
1.2950000000e+00,6.8644967991e-01
1.2960000000e+00,6.8678827225e-01
1.2970000000e+00,6.8712635905e-01
1.2980000000e+00,6.8746393968e-01
1.2990000000e+00,6.8780101351e-01
1.3000000000e+00,6.8813757994e-01
1.3010000000e+00,6.8847363833e-01
1.3020000000e+00,6.8880918806e-01
1.3030000000e+00,6.8914422851e-01
1.3040000000e+00,6.8947875905e-01
1.3050000000e+00,6.8981277908e-01
1.3060000000e+00,6.9014628794e-01
1.3070000000e+00,6.9047928504e-01
1.3080000000e+00,6.9081176973e-01
1.3090000000e+00,6.9114374140e-01
1.3100000000e+00,6.9147519942e-01
1.3110000000e+00,6.9180614317e-01
1.3120000000e+00,6.9213657201e-01
1.3130000000e+00,6.9246648532e-01
1.3140000000e+00,6.9279588248e-01
1.3150000000e+00,6.9312476285e-01
1.3160000000e+00,6.9345312581e-01
1.3170000000e+00,6.9378097074e-01
1.3180000000e+00,6.9410829700e-01
1.3190000000e+00,6.9443510396e-01
1.3200000000e+00,6.9476139100e-01
1.3210000000e+00,6.9508715749e-01
1.3220000000e+00,6.9541240280e-01
1.3230000000e+00,6.9573712629e-01
1.3240000000e+00,6.9606132733e-01
1.3250000000e+00,6.9638500531e-01
1.3260000000e+00,6.9670815958e-01
1.3270000000e+00,6.9703078951e-01
1.3280000000e+00,6.9735289448e-01
1.3290000000e+00,6.9767447384e-01
1.3300000000e+00,6.9799552697e-01
1.3310000000e+00,6.9831605324e-01
1.3320000000e+00,6.9863605201e-01
1.3330000000e+00,6.9895552265e-01
1.3340000000e+00,6.9927446452e-01
1.3350000000e+00,6.9959287700e-01
1.3360000000e+00,6.9991075944e-01
1.3370000000e+00,7.0022811121e-01
1.3380000000e+00,7.0054493168e-01
1.3390000000e+00,7.0086122020e-01
1.3400000000e+00,7.0117697616e-01
1.3410000000e+00,7.0149219890e-01
1.3420000000e+00,7.0180688780e-01
1.3430000000e+00,7.0212104222e-01
1.3440000000e+00,7.0243466151e-01
1.3450000000e+00,7.0274774505e-01
1.3460000000e+00,7.0306029219e-01
1.3470000000e+00,7.0337230230e-01
1.3480000000e+00,7.0368377474e-01
1.3490000000e+00,7.0399470887e-01
1.3500000000e+00,7.0430510406e-01
1.3510000000e+00,7.0461495965e-01
1.3520000000e+00,7.0492427502e-01
1.3530000000e+00,7.0523304952e-01
1.3540000000e+00,7.0554128252e-01
1.3550000000e+00,7.0584897336e-01
1.3560000000e+00,7.0615612143e-01
1.3570000000e+00,7.0646272606e-01
1.3580000000e+00,7.0676878663e-01
1.3590000000e+00,7.0707430248e-01
1.3600000000e+00,7.0737927298e-01
1.3610000000e+00,7.0768369749e-01
1.3620000000e+00,7.0798757536e-01
1.3630000000e+00,7.0829090595e-01
1.3640000000e+00,7.0859368862e-01
1.3650000000e+00,7.0889592273e-01
1.3660000000e+00,7.0919760763e-01
1.3670000000e+00,7.0949874267e-01
1.3680000000e+00,7.0979932722e-01
1.3690000000e+00,7.1009936062e-01
1.3700000000e+00,7.1039884225e-01
1.3710000000e+00,7.1069777144e-01
1.3720000000e+00,7.1099614756e-01
1.3730000000e+00,7.1129396995e-01
1.3740000000e+00,7.1159123799e-01
1.3750000000e+00,7.1188795101e-01
1.3760000000e+00,7.1218410837e-01
1.3770000000e+00,7.1247970943e-01
1.3780000000e+00,7.1277475354e-01
1.3790000000e+00,7.1306924005e-01
1.3800000000e+00,7.1336316831e-01
1.3810000000e+00,7.1365653769e-01
1.3820000000e+00,7.1394934752e-01
1.3830000000e+00,7.1424159717e-01
1.3840000000e+00,7.1453328598e-01
1.3850000000e+00,7.1482441330e-01
1.3860000000e+00,7.1511497850e-01
1.3870000000e+00,7.1540498091e-01
1.3880000000e+00,7.1569441990e-01
1.3890000000e+00,7.1598329480e-01
1.3900000000e+00,7.1627160497e-01
1.3910000000e+00,7.1655934977e-01
1.3920000000e+00,7.1684652854e-01
1.3930000000e+00,7.1713314063e-01
1.3940000000e+00,7.1741918538e-01
1.3950000000e+00,7.1770466216e-01
1.3960000000e+00,7.1798957031e-01
1.3970000000e+00,7.1827390918e-01
1.3980000000e+00,7.1855767811e-01
1.3990000000e+00,7.1884087646e-01
1.4000000000e+00,7.1912350357e-01
1.4010000000e+00,7.1940555879e-01
1.4020000000e+00,7.1968704147e-01
1.4030000000e+00,7.1996795096e-01
1.4040000000e+00,7.2024828660e-01
1.4050000000e+00,7.2052804775e-01
1.4060000000e+00,7.2080723374e-01
1.4070000000e+00,7.2108584393e-01
1.4080000000e+00,7.2136387767e-01
1.4090000000e+00,7.2164133429e-01
1.4100000000e+00,7.2191821315e-01
1.4110000000e+00,7.2219451358e-01
1.4120000000e+00,7.2247023495e-01
1.4130000000e+00,7.2274537659e-01
1.4140000000e+00,7.2301993785e-01
1.4150000000e+00,7.2329391807e-01
1.4160000000e+00,7.2356731660e-01
1.4170000000e+00,7.2384013278e-01
1.4180000000e+00,7.2411236597e-01
1.4190000000e+00,7.2438401550e-01
1.4200000000e+00,7.2465508072e-01
1.4210000000e+00,7.2492556097e-01
1.4220000000e+00,7.2519545559e-01
1.4230000000e+00,7.2546476394e-01
1.4240000000e+00,7.2573348536e-01
1.4250000000e+00,7.2600161918e-01
1.4260000000e+00,7.2626916476e-01
1.4270000000e+00,7.2653612143e-01
1.4280000000e+00,7.2680248854e-01
1.4290000000e+00,7.2706826543e-01
1.4300000000e+00,7.2733345145e-01
1.4310000000e+00,7.2759804594e-01
1.4320000000e+00,7.2786204824e-01
1.4330000000e+00,7.2812545769e-01
1.4340000000e+00,7.2838827364e-01
1.4350000000e+00,7.2865049543e-01
1.4360000000e+00,7.2891212240e-01
1.4370000000e+00,7.2917315389e-01
1.4380000000e+00,7.2943358925e-01
1.4390000000e+00,7.2969342781e-01
1.4400000000e+00,7.2995266893e-01
1.4410000000e+00,7.3021131193e-01
1.4420000000e+00,7.3046935617e-01
1.4430000000e+00,7.3072680098e-01
1.4440000000e+00,7.3098364570e-01
1.4450000000e+00,7.3123988968e-01
1.4460000000e+00,7.3149553226e-01
1.4470000000e+00,7.3175057278e-01
1.4480000000e+00,7.3200501058e-01
1.4490000000e+00,7.3225884499e-01
1.4500000000e+00,7.3251207537e-01
1.4510000000e+00,7.3276470105e-01
1.4520000000e+00,7.3301672137e-01
1.4530000000e+00,7.3326813568e-01
1.4540000000e+00,7.3351894330e-01
1.4550000000e+00,7.3376914360e-01
1.4560000000e+00,7.3401873589e-01
1.4570000000e+00,7.3426771953e-01
1.4580000000e+00,7.3451609386e-01
1.4590000000e+00,7.3476385821e-01
1.4600000000e+00,7.3501101192e-01
1.4610000000e+00,7.3525755434e-01
1.4620000000e+00,7.3550348480e-01
1.4630000000e+00,7.3574880265e-01
1.4640000000e+00,7.3599350722e-01
1.4650000000e+00,7.3623759786e-01
1.4660000000e+00,7.3648107390e-01
1.4670000000e+00,7.3672393469e-01
1.4680000000e+00,7.3696617956e-01
1.4690000000e+00,7.3720780785e-01
1.4700000000e+00,7.3744881890e-01
1.4710000000e+00,7.3768921206e-01
1.4720000000e+00,7.3792898665e-01
1.4730000000e+00,7.3816814203e-01
1.4740000000e+00,7.3840667753e-01
1.4750000000e+00,7.3864459250e-01
1.4760000000e+00,7.3888188626e-01
1.4770000000e+00,7.3911855816e-01
1.4780000000e+00,7.3935460754e-01
1.4790000000e+00,7.3959003374e-01
1.4800000000e+00,7.3982483609e-01
1.4810000000e+00,7.4005901395e-01
1.4820000000e+00,7.4029256664e-01
1.4830000000e+00,7.4052549350e-01
1.4840000000e+00,7.4075779389e-01
1.4850000000e+00,7.4098946713e-01
1.4860000000e+00,7.4122051256e-01
1.4870000000e+00,7.4145092953e-01
1.4880000000e+00,7.4168071737e-01
1.4890000000e+00,7.4190987543e-01
1.4900000000e+00,7.4213840304e-01
1.4910000000e+00,7.4236629955e-01
1.4920000000e+00,7.4259356428e-01
1.4930000000e+00,7.4282019659e-01
1.4940000000e+00,7.4304619582e-01
1.4950000000e+00,7.4327156129e-01
1.4960000000e+00,7.4349629236e-01
1.4970000000e+00,7.4372038836e-01
1.4980000000e+00,7.4394384864e-01
1.4990000000e+00,7.4416667252e-01
1.5000000000e+00,7.4438885936e-01
1.5010000000e+00,7.4461040850e-01
1.5020000000e+00,7.4483131926e-01
1.5030000000e+00,7.4505159100e-01
1.5040000000e+00,7.4527122306e-01
1.5050000000e+00,7.4549021477e-01
1.5060000000e+00,7.4570856547e-01
1.5070000000e+00,7.4592627452e-01
1.5080000000e+00,7.4614334124e-01
1.5090000000e+00,7.4635976497e-01
1.5100000000e+00,7.4657554507e-01
1.5110000000e+00,7.4679068086e-01
1.5120000000e+00,7.4700517170e-01
1.5130000000e+00,7.4721901692e-01
1.5140000000e+00,7.4743221587e-01
1.5150000000e+00,7.4764476788e-01
1.5160000000e+00,7.4785667230e-01
1.5170000000e+00,7.4806792846e-01
1.5180000000e+00,7.4827853572e-01
1.5190000000e+00,7.4848849341e-01
1.5200000000e+00,7.4869780088e-01
1.5210000000e+00,7.4890645747e-01
1.5220000000e+00,7.4911446251e-01
1.5230000000e+00,7.4932181536e-01
1.5240000000e+00,7.4952851536e-01
1.5250000000e+00,7.4973456184e-01
1.5260000000e+00,7.4993995416e-01
1.5270000000e+00,7.5014469165e-01
1.5280000000e+00,7.5034877366e-01
1.5290000000e+00,7.5055219953e-01
1.5300000000e+00,7.5075496861e-01
1.5310000000e+00,7.5095708024e-01
1.5320000000e+00,7.5115853376e-01
1.5330000000e+00,7.5135932852e-01
1.5340000000e+00,7.5155946387e-01
1.5350000000e+00,7.5175893914e-01
1.5360000000e+00,7.5195775368e-01
1.5370000000e+00,7.5215590685e-01
1.5380000000e+00,7.5235339797e-01
1.5390000000e+00,7.5255022641e-01
1.5400000000e+00,7.5274639149e-01
1.5410000000e+00,7.5294189258e-01
1.5420000000e+00,7.5313672902e-01
1.5430000000e+00,7.5333090014e-01
1.5440000000e+00,7.5352440531e-01
1.5450000000e+00,7.5371724386e-01
1.5460000000e+00,7.5390941515e-01
1.5470000000e+00,7.5410091851e-01
1.5480000000e+00,7.5429175331e-01
1.5490000000e+00,7.5448191888e-01
1.5500000000e+00,7.5467141457e-01
1.5510000000e+00,7.5486023974e-01
1.5520000000e+00,7.5504839372e-01
1.5530000000e+00,7.5523587588e-01
1.5540000000e+00,7.5542268555e-01
1.5550000000e+00,7.5560882210e-01
1.5560000000e+00,7.5579428486e-01
1.5570000000e+00,7.5597907319e-01
1.5580000000e+00,7.5616318643e-01
1.5590000000e+00,7.5634662395e-01
1.5600000000e+00,7.5652938508e-01
1.5610000000e+00,7.5671146919e-01
1.5620000000e+00,7.5689287561e-01
1.5630000000e+00,7.5707360371e-01
1.5640000000e+00,7.5725365283e-01
1.5650000000e+00,7.5743302234e-01
1.5660000000e+00,7.5761171157e-01
1.5670000000e+00,7.5778971988e-01
1.5680000000e+00,7.5796704664e-01
1.5690000000e+00,7.5814369118e-01
1.5700000000e+00,7.5831965286e-01
1.5710000000e+00,7.5849493105e-01
1.5720000000e+00,7.5866952508e-01
1.5730000000e+00,7.5884343433e-01
1.5740000000e+00,7.5901665814e-01
1.5750000000e+00,7.5918919586e-01
1.5760000000e+00,7.5936104687e-01
1.5770000000e+00,7.5953221050e-01
1.5780000000e+00,7.5970268612e-01
1.5790000000e+00,7.5987247309e-01
1.5800000000e+00,7.6004157076e-01
1.5810000000e+00,7.6020997849e-01
1.5820000000e+00,7.6037769564e-01
1.5830000000e+00,7.6054472157e-01
1.5840000000e+00,7.6071105563e-01
1.5850000000e+00,7.6087669719e-01
1.5860000000e+00,7.6104164561e-01
1.5870000000e+00,7.6120590024e-01
1.5880000000e+00,7.6136946045e-01
1.5890000000e+00,7.6153232560e-01
1.5900000000e+00,7.6169449505e-01
1.5910000000e+00,7.6185596817e-01
1.5920000000e+00,7.6201674430e-01
1.5930000000e+00,7.6217682283e-01
1.5940000000e+00,7.6233620310e-01
1.5950000000e+00,7.6249488449e-01
1.5960000000e+00,7.6265286636e-01
1.5970000000e+00,7.6281014807e-01
1.5980000000e+00,7.6296672899e-01
1.5990000000e+00,7.6312260848e-01
1.6000000000e+00,7.6327778591e-01
1.6010000000e+00,7.6343226065e-01
1.6020000000e+00,7.6358603207e-01
1.6030000000e+00,7.6373909952e-01
1.6040000000e+00,7.6389146239e-01
1.6050000000e+00,7.6404312003e-01
1.6060000000e+00,7.6419407182e-01
1.6070000000e+00,7.6434431713e-01
1.6080000000e+00,7.6449385532e-01
1.6090000000e+00,7.6464268577e-01
1.6100000000e+00,7.6479080784e-01
1.6110000000e+00,7.6493822092e-01
1.6120000000e+00,7.6508492436e-01
1.6130000000e+00,7.6523091756e-01
1.6140000000e+00,7.6537619986e-01
1.6150000000e+00,7.6552077066e-01
1.6160000000e+00,7.6566462933e-01
1.6170000000e+00,7.6580777523e-01
1.6180000000e+00,7.6595020775e-01
1.6190000000e+00,7.6609192627e-01
1.6200000000e+00,7.6623293015e-01
1.6210000000e+00,7.6637321877e-01
1.6220000000e+00,7.6651279152e-01
1.6230000000e+00,7.6665164777e-01
1.6240000000e+00,7.6678978689e-01
1.6250000000e+00,7.6692720828e-01
1.6260000000e+00,7.6706391131e-01
1.6270000000e+00,7.6719989535e-01
1.6280000000e+00,7.6733515980e-01
1.6290000000e+00,7.6746970403e-01
1.6300000000e+00,7.6760352742e-01
1.6310000000e+00,7.6773662937e-01
1.6320000000e+00,7.6786900924e-01
1.6330000000e+00,7.6800066644e-01
1.6340000000e+00,7.6813160033e-01
1.6350000000e+00,7.6826181031e-01
1.6360000000e+00,7.6839129576e-01
1.6370000000e+00,7.6852005608e-01
1.6380000000e+00,7.6864809064e-01
1.6390000000e+00,7.6877539884e-01
1.6400000000e+00,7.6890198006e-01
1.6410000000e+00,7.6902783370e-01
1.6420000000e+00,7.6915295914e-01
1.6430000000e+00,7.6927735578e-01
1.6440000000e+00,7.6940102301e-01
1.6450000000e+00,7.6952396022e-01
1.6460000000e+00,7.6964616680e-01
1.6470000000e+00,7.6976764214e-01
1.6480000000e+00,7.6988838565e-01
1.6490000000e+00,7.7000839672e-01
1.6500000000e+00,7.7012767473e-01
1.6510000000e+00,7.7024621910e-01
1.6520000000e+00,7.7036402922e-01
1.6530000000e+00,7.7048110447e-01
1.6540000000e+00,7.7059744428e-01
1.6550000000e+00,7.7071304802e-01
1.6560000000e+00,7.7082791511e-01
1.6570000000e+00,7.7094204495e-01
1.6580000000e+00,7.7105543693e-01
1.6590000000e+00,7.7116809046e-01
1.6600000000e+00,7.7128000494e-01
1.6610000000e+00,7.7139117979e-01
1.6620000000e+00,7.7150161439e-01
1.6630000000e+00,7.7161130816e-01
1.6640000000e+00,7.7172026051e-01
1.6650000000e+00,7.7182847084e-01
1.6660000000e+00,7.7193593856e-01
1.6670000000e+00,7.7204266308e-01
1.6680000000e+00,7.7214864381e-01
1.6690000000e+00,7.7225388016e-01
1.6700000000e+00,7.7235837154e-01
1.6710000000e+00,7.7246211737e-01
1.6720000000e+00,7.7256511705e-01
1.6730000000e+00,7.7266737001e-01
1.6740000000e+00,7.7276887565e-01
1.6750000000e+00,7.7286963340e-01
1.6760000000e+00,7.7296964267e-01
1.6770000000e+00,7.7306890287e-01
1.6780000000e+00,7.7316741343e-01
1.6790000000e+00,7.7326517376e-01
1.6800000000e+00,7.7336218329e-01
1.6810000000e+00,7.7345844143e-01
1.6820000000e+00,7.7355394761e-01
1.6830000000e+00,7.7364870126e-01
1.6840000000e+00,7.7374270179e-01
1.6850000000e+00,7.7383594863e-01
1.6860000000e+00,7.7392844120e-01
1.6870000000e+00,7.7402017894e-01
1.6880000000e+00,7.7411116126e-01
1.6890000000e+00,7.7420138761e-01
1.6900000000e+00,7.7429085740e-01
1.6910000000e+00,7.7437957007e-01
1.6920000000e+00,7.7446752505e-01
1.6930000000e+00,7.7455472178e-01
1.6940000000e+00,7.7464115968e-01
1.6950000000e+00,7.7472683819e-01
1.6960000000e+00,7.7481175674e-01
1.6970000000e+00,7.7489591478e-01
1.6980000000e+00,7.7497931173e-01
1.6990000000e+00,7.7506194704e-01
1.7000000000e+00,7.7514382015e-01
1.7010000000e+00,7.7522493049e-01
1.7020000000e+00,7.7530527752e-01
1.7030000000e+00,7.7538486066e-01
1.7040000000e+00,7.7546367937e-01
1.7050000000e+00,7.7554173308e-01
1.7060000000e+00,7.7561902125e-01
1.7070000000e+00,7.7569554332e-01
1.7080000000e+00,7.7577129874e-01
1.7090000000e+00,7.7584628696e-01
1.7100000000e+00,7.7592050742e-01
1.7110000000e+00,7.7599395958e-01
1.7120000000e+00,7.7606664289e-01
1.7130000000e+00,7.7613855680e-01
1.7140000000e+00,7.7620970077e-01
1.7150000000e+00,7.7628007425e-01
1.7160000000e+00,7.7634967670e-01
1.7170000000e+00,7.7641850757e-01
1.7180000000e+00,7.7648656632e-01
1.7190000000e+00,7.7655385243e-01
1.7200000000e+00,7.7662036533e-01
1.7210000000e+00,7.7668610450e-01
1.7220000000e+00,7.7675106940e-01
1.7230000000e+00,7.7681525950e-01
1.7240000000e+00,7.7687867425e-01
1.7250000000e+00,7.7694131313e-01
1.7260000000e+00,7.7700317560e-01
1.7270000000e+00,7.7706426114e-01
1.7280000000e+00,7.7712456921e-01
1.7290000000e+00,7.7718409928e-01
1.7300000000e+00,7.7724285083e-01
1.7310000000e+00,7.7730082333e-01
1.7320000000e+00,7.7735801625e-01
1.7330000000e+00,7.7741442907e-01
1.7340000000e+00,7.7747006127e-01
1.7350000000e+00,7.7752491233e-01
1.7360000000e+00,7.7757898173e-01
1.7370000000e+00,7.7763226894e-01
1.7380000000e+00,7.7768477345e-01
1.7390000000e+00,7.7773649475e-01
1.7400000000e+00,7.7778743231e-01
1.7410000000e+00,7.7783758563e-01
1.7420000000e+00,7.7788695419e-01
1.7430000000e+00,7.7793553749e-01
1.7440000000e+00,7.7798333500e-01
1.7450000000e+00,7.7803034622e-01
1.7460000000e+00,7.7807657064e-01
1.7470000000e+00,7.7812200777e-01
1.7480000000e+00,7.7816665708e-01
1.7490000000e+00,7.7821051809e-01
1.7500000000e+00,7.7825359028e-01
1.7510000000e+00,7.7829587316e-01
1.7520000000e+00,7.7833736622e-01
1.7530000000e+00,7.7837806898e-01
1.7540000000e+00,7.7841798092e-01
1.7550000000e+00,7.7845710156e-01
1.7560000000e+00,7.7849543040e-01
1.7570000000e+00,7.7853296695e-01
1.7580000000e+00,7.7856971072e-01
1.7590000000e+00,7.7860566121e-01
1.7600000000e+00,7.7864081794e-01
1.7610000000e+00,7.7867518043e-01
1.7620000000e+00,7.7870874818e-01
1.7630000000e+00,7.7874152071e-01
1.7640000000e+00,7.7877349754e-01
1.7650000000e+00,7.7880467818e-01
1.7660000000e+00,7.7883506216e-01
1.7670000000e+00,7.7886464900e-01
1.7680000000e+00,7.7889343822e-01
1.7690000000e+00,7.7892142934e-01
1.7700000000e+00,7.7894862190e-01
1.7710000000e+00,7.7897501541e-01
1.7720000000e+00,7.7900060940e-01
1.7730000000e+00,7.7902540341e-01
1.7740000000e+00,7.7904939697e-01
1.7750000000e+00,7.7907258961e-01
1.7760000000e+00,7.7909498086e-01
1.7770000000e+00,7.7911657027e-01
1.7780000000e+00,7.7913735736e-01
1.7790000000e+00,7.7915734168e-01
1.7800000000e+00,7.7917652276e-01
1.7810000000e+00,7.7919490016e-01
1.7820000000e+00,7.7921247341e-01
1.7830000000e+00,7.7922924206e-01
1.7840000000e+00,7.7924520565e-01
1.7850000000e+00,7.7926036374e-01
1.7860000000e+00,7.7927471587e-01
1.7870000000e+00,7.7928826160e-01
1.7880000000e+00,7.7930100047e-01
1.7890000000e+00,7.7931293205e-01
1.7900000000e+00,7.7932405589e-01
1.7910000000e+00,7.7933437154e-01
1.7920000000e+00,7.7934387856e-01
1.7930000000e+00,7.7935257653e-01
1.7940000000e+00,7.7936046499e-01
1.7950000000e+00,7.7936754352e-01
1.7960000000e+00,7.7937381168e-01
1.7970000000e+00,7.7937926903e-01
1.7980000000e+00,7.7938391515e-01
1.7990000000e+00,7.7938774961e-01
1.8000000000e+00,7.7939077197e-01
1.8010000000e+00,7.7939298182e-01
1.8020000000e+00,7.7939437873e-01
1.8030000000e+00,7.7939496228e-01
1.8040000000e+00,7.7939473204e-01
1.8050000000e+00,7.7939368760e-01
1.8060000000e+00,7.7939182854e-01
1.8070000000e+00,7.7938915444e-01
1.8080000000e+00,7.7938566490e-01
1.8090000000e+00,7.7938135949e-01
1.8100000000e+00,7.7937623780e-01
1.8110000000e+00,7.7937029944e-01
1.8120000000e+00,7.7936354399e-01
1.8130000000e+00,7.7935597104e-01
1.8140000000e+00,7.7934758020e-01
1.8150000000e+00,7.7933837105e-01
1.8160000000e+00,7.7932834321e-01
1.8170000000e+00,7.7931749627e-01
1.8180000000e+00,7.7930582984e-01
1.8190000000e+00,7.7929334351e-01
1.8200000000e+00,7.7928003691e-01
1.8210000000e+00,7.7926590963e-01
1.8220000000e+00,7.7925096129e-01
1.8230000000e+00,7.7923519150e-01
1.8240000000e+00,7.7921859988e-01
1.8250000000e+00,7.7920118604e-01
1.8260000000e+00,7.7918294960e-01
1.8270000000e+00,7.7916389018e-01
1.8280000000e+00,7.7914400740e-01
1.8290000000e+00,7.7912330088e-01
1.8300000000e+00,7.7910177026e-01
1.8310000000e+00,7.7907941515e-01
1.8320000000e+00,7.7905623519e-01
1.8330000000e+00,7.7903223001e-01
1.8340000000e+00,7.7900739925e-01
1.8350000000e+00,7.7898174252e-01
1.8360000000e+00,7.7895525949e-01
1.8370000000e+00,7.7892794977e-01
1.8380000000e+00,7.7889981302e-01
1.8390000000e+00,7.7887084887e-01
1.8400000000e+00,7.7884105698e-01
1.8410000000e+00,7.7881043698e-01
1.8420000000e+00,7.7877898853e-01
1.8430000000e+00,7.7874671127e-01
1.8440000000e+00,7.7871360486e-01
1.8450000000e+00,7.7867966896e-01
1.8460000000e+00,7.7864490321e-01
1.8470000000e+00,7.7860930729e-01
1.8480000000e+00,7.7857288084e-01
1.8490000000e+00,7.7853562353e-01
1.8500000000e+00,7.7849753503e-01
1.8510000000e+00,7.7845861500e-01
1.8520000000e+00,7.7841886311e-01
1.8530000000e+00,7.7837827904e-01
1.8540000000e+00,7.7833686244e-01
1.8550000000e+00,7.7829461300e-01
1.8560000000e+00,7.7825153040e-01
1.8570000000e+00,7.7820761431e-01
1.8580000000e+00,7.7816286442e-01
1.8590000000e+00,7.7811728040e-01
1.8600000000e+00,7.7807086195e-01
1.8610000000e+00,7.7802360874e-01
1.8620000000e+00,7.7797552047e-01
1.8630000000e+00,7.7792659683e-01
1.8640000000e+00,7.7787683752e-01
1.8650000000e+00,7.7782624222e-01
1.8660000000e+00,7.7777481064e-01
1.8670000000e+00,7.7772254247e-01
1.8680000000e+00,7.7766943743e-01
1.8690000000e+00,7.7761549520e-01
1.8700000000e+00,7.7756071550e-01
1.8710000000e+00,7.7750509804e-01
1.8720000000e+00,7.7744864252e-01
1.8730000000e+00,7.7739134867e-01
1.8740000000e+00,7.7733321619e-01
1.8750000000e+00,7.7727424479e-01
1.8760000000e+00,7.7721443421e-01
1.8770000000e+00,7.7715378416e-01
1.8780000000e+00,7.7709229437e-01
1.8790000000e+00,7.7702996456e-01
1.8800000000e+00,7.7696679446e-01
1.8810000000e+00,7.7690278380e-01
1.8820000000e+00,7.7683793231e-01
1.8830000000e+00,7.7677223972e-01
1.8840000000e+00,7.7670570578e-01
1.8850000000e+00,7.7663833023e-01
1.8860000000e+00,7.7657011280e-01
1.8870000000e+00,7.7650105324e-01
1.8880000000e+00,7.7643115129e-01
1.8890000000e+00,7.7636040671e-01
1.8900000000e+00,7.7628881925e-01
1.8910000000e+00,7.7621638865e-01
1.8920000000e+00,7.7614311467e-01
1.8930000000e+00,7.7606899708e-01
1.8940000000e+00,7.7599403562e-01
1.8950000000e+00,7.7591823007e-01
1.8960000000e+00,7.7584158018e-01
1.8970000000e+00,7.7576408573e-01
1.8980000000e+00,7.7568574649e-01
1.8990000000e+00,7.7560656221e-01
1.9000000000e+00,7.7552653269e-01
1.9010000000e+00,7.7544565770e-01
1.9020000000e+00,7.7536393701e-01
1.9030000000e+00,7.7528137040e-01
1.9040000000e+00,7.7519795767e-01
1.9050000000e+00,7.7511369859e-01
1.9060000000e+00,7.7502859296e-01
1.9070000000e+00,7.7494264056e-01
1.9080000000e+00,7.7485584119e-01
1.9090000000e+00,7.7476819464e-01
1.9100000000e+00,7.7467970071e-01
1.9110000000e+00,7.7459035921e-01
1.9120000000e+00,7.7450016994e-01
1.9130000000e+00,7.7440913269e-01
1.9140000000e+00,7.7431724728e-01
1.9150000000e+00,7.7422451353e-01
1.9160000000e+00,7.7413093123e-01
1.9170000000e+00,7.7403650022e-01
1.9180000000e+00,7.7394122029e-01
1.9190000000e+00,7.7384509129e-01
1.9200000000e+00,7.7374811302e-01
1.9210000000e+00,7.7365028532e-01
1.9220000000e+00,7.7355160801e-01
1.9230000000e+00,7.7345208092e-01
1.9240000000e+00,7.7335170389e-01
1.9250000000e+00,7.7325047675e-01
1.9260000000e+00,7.7314839934e-01
1.9270000000e+00,7.7304547149e-01
1.9280000000e+00,7.7294169306e-01
1.9290000000e+00,7.7283706389e-01
1.9300000000e+00,7.7273158383e-01
1.9310000000e+00,7.7262525272e-01
1.9320000000e+00,7.7251807042e-01
1.9330000000e+00,7.7241003679e-01
1.9340000000e+00,7.7230115169e-01
1.9350000000e+00,7.7219141497e-01
1.9360000000e+00,7.7208082651e-01
1.9370000000e+00,7.7196938616e-01
1.9380000000e+00,7.7185709380e-01
1.9390000000e+00,7.7174394929e-01
1.9400000000e+00,7.7162995252e-01
1.9410000000e+00,7.7151510336e-01
1.9420000000e+00,7.7139940169e-01
1.9430000000e+00,7.7128284739e-01
1.9440000000e+00,7.7116544034e-01
1.9450000000e+00,7.7104718044e-01
1.9460000000e+00,7.7092806758e-01
1.9470000000e+00,7.7080810164e-01
1.9480000000e+00,7.7068728253e-01
1.9490000000e+00,7.7056561014e-01
1.9500000000e+00,7.7044308437e-01
1.9510000000e+00,7.7031970513e-01
1.9520000000e+00,7.7019547233e-01
1.9530000000e+00,7.7007038586e-01
1.9540000000e+00,7.6994444566e-01
1.9550000000e+00,7.6981765162e-01
1.9560000000e+00,7.6969000367e-01
1.9570000000e+00,7.6956150173e-01
1.9580000000e+00,7.6943214572e-01
1.9590000000e+00,7.6930193556e-01
1.9600000000e+00,7.6917087120e-01
1.9610000000e+00,7.6903895255e-01
1.9620000000e+00,7.6890617955e-01
1.9630000000e+00,7.6877255214e-01
1.9640000000e+00,7.6863807025e-01
1.9650000000e+00,7.6850273384e-01
1.9660000000e+00,7.6836654285e-01
1.9670000000e+00,7.6822949721e-01
1.9680000000e+00,7.6809159690e-01
1.9690000000e+00,7.6795284185e-01
1.9700000000e+00,7.6781323203e-01
1.9710000000e+00,7.6767276740e-01
1.9720000000e+00,7.6753144791e-01
1.9730000000e+00,7.6738927354e-01
1.9740000000e+00,7.6724624425e-01
1.9750000000e+00,7.6710236001e-01
1.9760000000e+00,7.6695762079e-01
1.9770000000e+00,7.6681202658e-01
1.9780000000e+00,7.6666557736e-01
1.9790000000e+00,7.6651827310e-01
1.9800000000e+00,7.6637011379e-01
1.9810000000e+00,7.6622109942e-01
1.9820000000e+00,7.6607122998e-01
1.9830000000e+00,7.6592050547e-01
1.9840000000e+00,7.6576892587e-01
1.9850000000e+00,7.6561649120e-01
1.9860000000e+00,7.6546320146e-01
1.9870000000e+00,7.6530905665e-01
1.9880000000e+00,7.6515405677e-01
1.9890000000e+00,7.6499820185e-01
1.9900000000e+00,7.6484149190e-01
1.9910000000e+00,7.6468392693e-01
1.9920000000e+00,7.6452550697e-01
1.9930000000e+00,7.6436623204e-01
1.9940000000e+00,7.6420610216e-01
1.9950000000e+00,7.6404511737e-01
1.9960000000e+00,7.6388327769e-01
1.9970000000e+00,7.6372058318e-01
1.9980000000e+00,7.6355703385e-01
1.9990000000e+00,7.6339262976e-01
2.0000000000e+00,7.6322737095e-01
2.0010000000e+00,7.6306125747e-01
2.0020000000e+00,7.6289428937e-01
2.0030000000e+00,7.6272646670e-01
2.0040000000e+00,7.6255778952e-01
2.0050000000e+00,7.6238825789e-01
2.0060000000e+00,7.6221787187e-01
2.0070000000e+00,7.6204663154e-01
2.0080000000e+00,7.6187453695e-01
2.0090000000e+00,7.6170158818e-01
2.0100000000e+00,7.6152778531e-01
2.0110000000e+00,7.6135312841e-01
2.0120000000e+00,7.6117761757e-01
2.0130000000e+00,7.6100125287e-01
2.0140000000e+00,7.6082403440e-01
2.0150000000e+00,7.6064596225e-01
2.0160000000e+00,7.6046703651e-01
2.0170000000e+00,7.6028725728e-01
2.0180000000e+00,7.6010662467e-01
2.0190000000e+00,7.5992513877e-01
2.0200000000e+00,7.5974279969e-01
2.0210000000e+00,7.5955960754e-01
2.0220000000e+00,7.5937556244e-01
2.0230000000e+00,7.5919066449e-01
2.0240000000e+00,7.5900491383e-01
2.0250000000e+00,7.5881831057e-01
2.0260000000e+00,7.5863085483e-01
2.0270000000e+00,7.5844254675e-01
2.0280000000e+00,7.5825338646e-01
2.0290000000e+00,7.5806337409e-01
2.0300000000e+00,7.5787250978e-01
2.0310000000e+00,7.5768079368e-01
2.0320000000e+00,7.5748822592e-01
2.0330000000e+00,7.5729480666e-01
2.0340000000e+00,7.5710053605e-01
2.0350000000e+00,7.5690541423e-01
2.0360000000e+00,7.5670944138e-01
2.0370000000e+00,7.5651261764e-01
2.0380000000e+00,7.5631494319e-01
2.0390000000e+00,7.5611641818e-01
2.0400000000e+00,7.5591704280e-01
2.0410000000e+00,7.5571681722e-01
2.0420000000e+00,7.5551574160e-01
2.0430000000e+00,7.5531381614e-01
2.0440000000e+00,7.5511104101e-01
2.0450000000e+00,7.5490741641e-01
2.0460000000e+00,7.5470294252e-01
2.0470000000e+00,7.5449761954e-01
2.0480000000e+00,7.5429144766e-01
2.0490000000e+00,7.5408442708e-01
2.0500000000e+00,7.5387655801e-01
2.0510000000e+00,7.5366784066e-01
2.0520000000e+00,7.5345827522e-01
2.0530000000e+00,7.5324786193e-01
2.0540000000e+00,7.5303660098e-01
2.0550000000e+00,7.5282449261e-01
2.0560000000e+00,7.5261153704e-01
2.0570000000e+00,7.5239773448e-01
2.0580000000e+00,7.5218308518e-01
2.0590000000e+00,7.5196758937e-01
2.0600000000e+00,7.5175124728e-01
2.0610000000e+00,7.5153405915e-01
2.0620000000e+00,7.5131602523e-01
2.0630000000e+00,7.5109714576e-01
2.0640000000e+00,7.5087742099e-01
2.0650000000e+00,7.5065685117e-01
2.0660000000e+00,7.5043543657e-01
2.0670000000e+00,7.5021317744e-01
2.0680000000e+00,7.4999007405e-01
2.0690000000e+00,7.4976612666e-01
2.0700000000e+00,7.4954133555e-01
2.0710000000e+00,7.4931570098e-01
2.0720000000e+00,7.4908922323e-01
2.0730000000e+00,7.4886190259e-01
2.0740000000e+00,7.4863373934e-01
2.0750000000e+00,7.4840473377e-01
2.0760000000e+00,7.4817488616e-01
2.0770000000e+00,7.4794419681e-01
2.0780000000e+00,7.4771266602e-01
2.0790000000e+00,7.4748029409e-01
2.0800000000e+00,7.4724708133e-01
2.0810000000e+00,7.4701302803e-01
2.0820000000e+00,7.4677813452e-01
2.0830000000e+00,7.4654240111e-01
2.0840000000e+00,7.4630582812e-01
2.0850000000e+00,7.4606841586e-01
2.0860000000e+00,7.4583016466e-01
2.0870000000e+00,7.4559107486e-01
2.0880000000e+00,7.4535114678e-01
2.0890000000e+00,7.4511038077e-01
2.0900000000e+00,7.4486877715e-01
2.0910000000e+00,7.4462633627e-01
2.0920000000e+00,7.4438305847e-01
2.0930000000e+00,7.4413894412e-01
2.0940000000e+00,7.4389399355e-01
2.0950000000e+00,7.4364820714e-01
2.0960000000e+00,7.4340158522e-01
2.0970000000e+00,7.4315412818e-01
2.0980000000e+00,7.4290583637e-01
2.0990000000e+00,7.4265671017e-01
2.1000000000e+00,7.4240674996e-01
2.1010000000e+00,7.4215595610e-01
2.1020000000e+00,7.4190432898e-01
2.1030000000e+00,7.4165186898e-01
2.1040000000e+00,7.4139857650e-01
2.1050000000e+00,7.4114445192e-01
2.1060000000e+00,7.4088949564e-01
2.1070000000e+00,7.4063370806e-01
2.1080000000e+00,7.4037708958e-01
2.1090000000e+00,7.4011964061e-01
2.1100000000e+00,7.3986136155e-01
2.1110000000e+00,7.3960225282e-01
2.1120000000e+00,7.3934231483e-01
2.1130000000e+00,7.3908154801e-01
2.1140000000e+00,7.3881995277e-01
2.1150000000e+00,7.3855752955e-01
2.1160000000e+00,7.3829427878e-01
2.1170000000e+00,7.3803020089e-01
2.1180000000e+00,7.3776529632e-01
2.1190000000e+00,7.3749956550e-01
2.1200000000e+00,7.3723300889e-01
2.1210000000e+00,7.3696562693e-01
2.1220000000e+00,7.3669742008e-01
2.1230000000e+00,7.3642838879e-01
2.1240000000e+00,7.3615853352e-01
2.1250000000e+00,7.3588785473e-01
2.1260000000e+00,7.3561635289e-01
2.1270000000e+00,7.3534402847e-01
2.1280000000e+00,7.3507088195e-01
2.1290000000e+00,7.3479691379e-01
2.1300000000e+00,7.3452212449e-01
2.1310000000e+00,7.3424651452e-01
2.1320000000e+00,7.3397008438e-01
2.1330000000e+00,7.3369283455e-01
2.1340000000e+00,7.3341476553e-01
2.1350000000e+00,7.3313587783e-01
2.1360000000e+00,7.3285617193e-01
2.1370000000e+00,7.3257564836e-01
2.1380000000e+00,7.3229430761e-01
2.1390000000e+00,7.3201215021e-01
2.1400000000e+00,7.3172917666e-01
2.1410000000e+00,7.3144538750e-01
2.1420000000e+00,7.3116078324e-01
2.1430000000e+00,7.3087536441e-01
2.1440000000e+00,7.3058913154e-01
2.1450000000e+00,7.3030208517e-01
2.1460000000e+00,7.3001422585e-01
2.1470000000e+00,7.2972555410e-01
2.1480000000e+00,7.2943607048e-01
2.1490000000e+00,7.2914577553e-01
2.1500000000e+00,7.2885466982e-01
2.1510000000e+00,7.2856275389e-01
2.1520000000e+00,7.2827002831e-01
2.1530000000e+00,7.2797649364e-01
2.1540000000e+00,7.2768215045e-01
2.1550000000e+00,7.2738699932e-01
2.1560000000e+00,7.2709104081e-01
2.1570000000e+00,7.2679427551e-01
2.1580000000e+00,7.2649670399e-01
2.1590000000e+00,7.2619832686e-01
2.1600000000e+00,7.2589914468e-01
2.1610000000e+00,7.2559915807e-01
2.1620000000e+00,7.2529836762e-01
2.1630000000e+00,7.2499677392e-01
2.1640000000e+00,7.2469437758e-01
2.1650000000e+00,7.2439117922e-01
2.1660000000e+00,7.2408717943e-01
2.1670000000e+00,7.2378237885e-01
2.1680000000e+00,7.2347677809e-01
2.1690000000e+00,7.2317037776e-01
2.1700000000e+00,7.2286317850e-01
2.1710000000e+00,7.2255518095e-01
2.1720000000e+00,7.2224638572e-01
2.1730000000e+00,7.2193679347e-01
2.1740000000e+00,7.2162640482e-01
2.1750000000e+00,7.2131522043e-01
2.1760000000e+00,7.2100324095e-01
2.1770000000e+00,7.2069046703e-01
2.1780000000e+00,7.2037689932e-01
2.1790000000e+00,7.2006253849e-01
2.1800000000e+00,7.1974738519e-01
2.1810000000e+00,7.1943144010e-01
2.1820000000e+00,7.1911470389e-01
2.1830000000e+00,7.1879717722e-01
2.1840000000e+00,7.1847886079e-01
2.1850000000e+00,7.1815975526e-01
2.1860000000e+00,7.1783986134e-01
2.1870000000e+00,7.1751917970e-01
2.1880000000e+00,7.1719771104e-01
2.1890000000e+00,7.1687545605e-01
2.1900000000e+00,7.1655241545e-01
2.1910000000e+00,7.1622858992e-01
2.1920000000e+00,7.1590398018e-01
2.1930000000e+00,7.1557858695e-01
2.1940000000e+00,7.1525241093e-01
2.1950000000e+00,7.1492545284e-01
2.1960000000e+00,7.1459771341e-01
2.1970000000e+00,7.1426919336e-01
2.1980000000e+00,7.1393989343e-01
2.1990000000e+00,7.1360981435e-01
2.2000000000e+00,7.1327895685e-01
2.2010000000e+00,7.1294732167e-01
2.2020000000e+00,7.1261490957e-01
2.2030000000e+00,7.1228172128e-01
2.2040000000e+00,7.1194775757e-01
2.2050000000e+00,7.1161301918e-01
2.2060000000e+00,7.1127750688e-01
2.2070000000e+00,7.1094122143e-01
2.2080000000e+00,7.1060416360e-01
2.2090000000e+00,7.1026633415e-01
2.2100000000e+00,7.0992773387e-01
2.2110000000e+00,7.0958836352e-01
2.2120000000e+00,7.0924822390e-01
2.2130000000e+00,7.0890731579e-01
2.2140000000e+00,7.0856563997e-01
2.2150000000e+00,7.0822319723e-01
2.2160000000e+00,7.0787998839e-01
2.2170000000e+00,7.0753601423e-01
2.2180000000e+00,7.0719127555e-01
2.2190000000e+00,7.0684577318e-01
2.2200000000e+00,7.0649950791e-01
2.2210000000e+00,7.0615248056e-01
2.2220000000e+00,7.0580469196e-01
2.2230000000e+00,7.0545614292e-01
2.2240000000e+00,7.0510683426e-01
2.2250000000e+00,7.0475676683e-01
2.2260000000e+00,7.0440594145e-01
2.2270000000e+00,7.0405435895e-01
2.2280000000e+00,7.0370202019e-01
2.2290000000e+00,7.0334892599e-01
2.2300000000e+00,7.0299507722e-01
2.2310000000e+00,7.0264047473e-01
2.2320000000e+00,7.0228511936e-01
2.2330000000e+00,7.0192901197e-01
2.2340000000e+00,7.0157215344e-01
2.2350000000e+00,7.0121454462e-01
2.2360000000e+00,7.0085618639e-01
2.2370000000e+00,7.0049707962e-01
2.2380000000e+00,7.0013722519e-01
2.2390000000e+00,6.9977662397e-01
2.2400000000e+00,6.9941527685e-01
2.2410000000e+00,6.9905318472e-01
2.2420000000e+00,6.9869034848e-01
2.2430000000e+00,6.9832676901e-01
2.2440000000e+00,6.9796244722e-01
2.2450000000e+00,6.9759738400e-01
2.2460000000e+00,6.9723158028e-01
2.2470000000e+00,6.9686503694e-01
2.2480000000e+00,6.9649775492e-01
2.2490000000e+00,6.9612973512e-01
2.2500000000e+00,6.9576097847e-01
2.2510000000e+00,6.9539148589e-01
2.2520000000e+00,6.9502125832e-01
2.2530000000e+00,6.9465029667e-01
2.2540000000e+00,6.9427860189e-01
2.2550000000e+00,6.9390617492e-01
2.2560000000e+00,6.9353301669e-01
2.2570000000e+00,6.9315912816e-01
2.2580000000e+00,6.9278451028e-01
2.2590000000e+00,6.9240916399e-01
2.2600000000e+00,6.9203309026e-01
2.2610000000e+00,6.9165629004e-01
2.2620000000e+00,6.9127876431e-01
2.2630000000e+00,6.9090051402e-01
2.2640000000e+00,6.9052154016e-01
2.2650000000e+00,6.9014184368e-01
2.2660000000e+00,6.8976142559e-01
2.2670000000e+00,6.8938028684e-01
2.2680000000e+00,6.8899842844e-01
2.2690000000e+00,6.8861585138e-01
2.2700000000e+00,6.8823255663e-01
2.2710000000e+00,6.8784854521e-01
2.2720000000e+00,6.8746381810e-01
2.2730000000e+00,6.8707837632e-01
2.2740000000e+00,6.8669222088e-01
2.2750000000e+00,6.8630535277e-01
2.2760000000e+00,6.8591777303e-01
2.2770000000e+00,6.8552948265e-01
2.2780000000e+00,6.8514048268e-01
2.2790000000e+00,6.8475077412e-01
2.2800000000e+00,6.8436035802e-01
2.2810000000e+00,6.8396923539e-01
2.2820000000e+00,6.8357740729e-01
2.2830000000e+00,6.8318487474e-01
2.2840000000e+00,6.8279163879e-01
2.2850000000e+00,6.8239770049e-01
2.2860000000e+00,6.8200306088e-01
2.2870000000e+00,6.8160772103e-01
2.2880000000e+00,6.8121168197e-01
2.2890000000e+00,6.8081494479e-01
2.2900000000e+00,6.8041751053e-01
2.2910000000e+00,6.8001938027e-01
2.2920000000e+00,6.7962055508e-01
2.2930000000e+00,6.7922103603e-01
2.2940000000e+00,6.7882082420e-01
2.2950000000e+00,6.7841992067e-01
2.2960000000e+00,6.7801832653e-01
2.2970000000e+00,6.7761604286e-01
2.2980000000e+00,6.7721307076e-01
2.2990000000e+00,6.7680941132e-01
2.3000000000e+00,6.7640506564e-01
2.3010000000e+00,6.7600003481e-01
2.3020000000e+00,6.7559431996e-01
2.3030000000e+00,6.7518792218e-01
2.3040000000e+00,6.7478084259e-01
2.3050000000e+00,6.7437308230e-01
2.3060000000e+00,6.7396464244e-01
2.3070000000e+00,6.7355552412e-01
2.3080000000e+00,6.7314572848e-01
2.3090000000e+00,6.7273525664e-01
2.3100000000e+00,6.7232410973e-01
2.3110000000e+00,6.7191228889e-01
2.3120000000e+00,6.7149979526e-01
2.3130000000e+00,6.7108662999e-01
2.3140000000e+00,6.7067279421e-01
2.3150000000e+00,6.7025828909e-01
2.3160000000e+00,6.6984311577e-01
2.3170000000e+00,6.6942727541e-01
2.3180000000e+00,6.6901076917e-01
2.3190000000e+00,6.6859359821e-01
2.3200000000e+00,6.6817576371e-01
2.3210000000e+00,6.6775726682e-01
2.3220000000e+00,6.6733810873e-01
2.3230000000e+00,6.6691829061e-01
2.3240000000e+00,6.6649781364e-01
2.3250000000e+00,6.6607667900e-01
2.3260000000e+00,6.6565488789e-01
2.3270000000e+00,6.6523244148e-01
2.3280000000e+00,6.6480934098e-01
2.3290000000e+00,6.6438558759e-01
2.3300000000e+00,6.6396118249e-01
2.3310000000e+00,6.6353612690e-01
2.3320000000e+00,6.6311042202e-01
2.3330000000e+00,6.6268406906e-01
2.3340000000e+00,6.6225706924e-01
2.3350000000e+00,6.6182942376e-01
2.3360000000e+00,6.6140113386e-01
2.3370000000e+00,6.6097220075e-01
2.3380000000e+00,6.6054262567e-01
2.3390000000e+00,6.6011240983e-01
2.3400000000e+00,6.5968155447e-01
2.3410000000e+00,6.5925006083e-01
2.3420000000e+00,6.5881793015e-01
2.3430000000e+00,6.5838516367e-01
2.3440000000e+00,6.5795176264e-01
2.3450000000e+00,6.5751772830e-01
2.3460000000e+00,6.5708306190e-01
2.3470000000e+00,6.5664776471e-01
2.3480000000e+00,6.5621183798e-01
2.3490000000e+00,6.5577528297e-01
2.3500000000e+00,6.5533810095e-01
2.3510000000e+00,6.5490029318e-01
2.3520000000e+00,6.5446186094e-01
2.3530000000e+00,6.5402280549e-01
2.3540000000e+00,6.5358312813e-01
2.3550000000e+00,6.5314283012e-01
2.3560000000e+00,6.5270191276e-01
2.3570000000e+00,6.5226037732e-01
2.3580000000e+00,6.5181822510e-01
2.3590000000e+00,6.5137545739e-01
2.3600000000e+00,6.5093207550e-01
2.3610000000e+00,6.5048808070e-01
2.3620000000e+00,6.5004347432e-01
2.3630000000e+00,6.4959825765e-01
2.3640000000e+00,6.4915243201e-01
2.3650000000e+00,6.4870599870e-01
2.3660000000e+00,6.4825895904e-01
2.3670000000e+00,6.4781131435e-01
2.3680000000e+00,6.4736306595e-01
2.3690000000e+00,6.4691421516e-01
2.3700000000e+00,6.4646476330e-01
2.3710000000e+00,6.4601471172e-01
2.3720000000e+00,6.4556406174e-01
2.3730000000e+00,6.4511281469e-01
2.3740000000e+00,6.4466097193e-01
2.3750000000e+00,6.4420853478e-01
2.3760000000e+00,6.4375550459e-01
2.3770000000e+00,6.4330188271e-01
2.3780000000e+00,6.4284767050e-01
2.3790000000e+00,6.4239286930e-01
2.3800000000e+00,6.4193748047e-01
2.3810000000e+00,6.4148150538e-01
2.3820000000e+00,6.4102494538e-01
2.3830000000e+00,6.4056780183e-01
2.3840000000e+00,6.4011007612e-01
2.3850000000e+00,6.3965176961e-01
2.3860000000e+00,6.3919288367e-01
2.3870000000e+00,6.3873341968e-01
2.3880000000e+00,6.3827337903e-01
2.3890000000e+00,6.3781276308e-01
2.3900000000e+00,6.3735157324e-01
2.3910000000e+00,6.3688981089e-01
2.3920000000e+00,6.3642747741e-01
2.3930000000e+00,6.3596457421e-01
2.3940000000e+00,6.3550110269e-01
2.3950000000e+00,6.3503706423e-01
2.3960000000e+00,6.3457246025e-01
2.3970000000e+00,6.3410729215e-01
2.3980000000e+00,6.3364156133e-01
2.3990000000e+00,6.3317526922e-01
2.4000000000e+00,6.3270841722e-01
2.4010000000e+00,6.3224100675e-01
2.4020000000e+00,6.3177303923e-01
2.4030000000e+00,6.3130451608e-01
2.4040000000e+00,6.3083543873e-01
2.4050000000e+00,6.3036580861e-01
2.4060000000e+00,6.2989562714e-01
2.4070000000e+00,6.2942489576e-01
2.4080000000e+00,6.2895361591e-01
2.4090000000e+00,6.2848178902e-01
2.4100000000e+00,6.2800941653e-01
2.4110000000e+00,6.2753649990e-01
2.4120000000e+00,6.2706304055e-01
2.4130000000e+00,6.2658903996e-01
2.4140000000e+00,6.2611449956e-01
2.4150000000e+00,6.2563942081e-01
2.4160000000e+00,6.2516380518e-01
2.4170000000e+00,6.2468765411e-01
2.4180000000e+00,6.2421096907e-01
2.4190000000e+00,6.2373375153e-01
2.4200000000e+00,6.2325600295e-01
2.4210000000e+00,6.2277772481e-01
2.4220000000e+00,6.2229891858e-01
2.4230000000e+00,6.2181958573e-01
2.4240000000e+00,6.2133972774e-01
2.4250000000e+00,6.2085934609e-01
2.4260000000e+00,6.2037844227e-01
2.4270000000e+00,6.1989701776e-01
2.4280000000e+00,6.1941507405e-01
2.4290000000e+00,6.1893261263e-01
2.4300000000e+00,6.1844963499e-01
2.4310000000e+00,6.1796614263e-01
2.4320000000e+00,6.1748213704e-01
2.4330000000e+00,6.1699761974e-01
2.4340000000e+00,6.1651259221e-01
2.4350000000e+00,6.1602705597e-01
2.4360000000e+00,6.1554101252e-01
2.4370000000e+00,6.1505446338e-01
2.4380000000e+00,6.1456741006e-01
2.4390000000e+00,6.1407985406e-01
2.4400000000e+00,6.1359179692e-01
2.4410000000e+00,6.1310324015e-01
2.4420000000e+00,6.1261418527e-01
2.4430000000e+00,6.1212463381e-01
2.4440000000e+00,6.1163458729e-01
2.4450000000e+00,6.1114404725e-01
2.4460000000e+00,6.1065301521e-01
2.4470000000e+00,6.1016149271e-01
2.4480000000e+00,6.0966948129e-01
2.4490000000e+00,6.0917698248e-01
2.4500000000e+00,6.0868399783e-01
2.4510000000e+00,6.0819052888e-01
2.4520000000e+00,6.0769657717e-01
2.4530000000e+00,6.0720214426e-01
2.4540000000e+00,6.0670723169e-01
2.4550000000e+00,6.0621184101e-01
2.4560000000e+00,6.0571597379e-01
2.4570000000e+00,6.0521963157e-01
2.4580000000e+00,6.0472281592e-01
2.4590000000e+00,6.0422552839e-01
2.4600000000e+00,6.0372777055e-01
2.4610000000e+00,6.0322954397e-01
2.4620000000e+00,6.0273085022e-01
2.4630000000e+00,6.0223169085e-01
2.4640000000e+00,6.0173206746e-01
2.4650000000e+00,6.0123198160e-01
2.4660000000e+00,6.0073143486e-01
2.4670000000e+00,6.0023042881e-01
2.4680000000e+00,5.9972896503e-01
2.4690000000e+00,5.9922704512e-01
2.4700000000e+00,5.9872467064e-01
2.4710000000e+00,5.9822184320e-01
2.4720000000e+00,5.9771856437e-01
2.4730000000e+00,5.9721483574e-01
2.4740000000e+00,5.9671065892e-01
2.4750000000e+00,5.9620603550e-01
2.4760000000e+00,5.9570096706e-01
2.4770000000e+00,5.9519545522e-01
2.4780000000e+00,5.9468950157e-01
2.4790000000e+00,5.9418310772e-01
2.4800000000e+00,5.9367627526e-01
2.4810000000e+00,5.9316900581e-01
2.4820000000e+00,5.9266130097e-01
2.4830000000e+00,5.9215316236e-01
2.4840000000e+00,5.9164459159e-01
2.4850000000e+00,5.9113559027e-01
2.4860000000e+00,5.9062616001e-01
2.4870000000e+00,5.9011630245e-01
2.4880000000e+00,5.8960601919e-01
2.4890000000e+00,5.8909531185e-01
2.4900000000e+00,5.8858418207e-01
2.4910000000e+00,5.8807263146e-01
2.4920000000e+00,5.8756066166e-01
2.4930000000e+00,5.8704827430e-01
2.4940000000e+00,5.8653547099e-01
2.4950000000e+00,5.8602225339e-01
2.4960000000e+00,5.8550862311e-01
2.4970000000e+00,5.8499458180e-01
2.4980000000e+00,5.8448013110e-01
2.4990000000e+00,5.8396527265e-01
2.5000000000e+00,5.8345000808e-01
2.5010000000e+00,5.8293433904e-01
2.5020000000e+00,5.8241826717e-01
2.5030000000e+00,5.8190179413e-01
2.5040000000e+00,5.8138492155e-01
2.5050000000e+00,5.8086765109e-01
2.5060000000e+00,5.8034998441e-01
2.5070000000e+00,5.7983192314e-01
2.5080000000e+00,5.7931346896e-01
2.5090000000e+00,5.7879462351e-01
2.5100000000e+00,5.7827538845e-01
2.5110000000e+00,5.7775576545e-01
2.5120000000e+00,5.7723575616e-01
2.5130000000e+00,5.7671536224e-01
2.5140000000e+00,5.7619458536e-01
2.5150000000e+00,5.7567342719e-01
2.5160000000e+00,5.7515188940e-01
2.5170000000e+00,5.7462997364e-01
2.5180000000e+00,5.7410768160e-01
2.5190000000e+00,5.7358501494e-01
2.5200000000e+00,5.7306197533e-01
2.5210000000e+00,5.7253856446e-01
2.5220000000e+00,5.7201478400e-01
2.5230000000e+00,5.7149063562e-01
2.5240000000e+00,5.7096612101e-01
2.5250000000e+00,5.7044124184e-01
2.5260000000e+00,5.6991599980e-01
2.5270000000e+00,5.6939039657e-01
2.5280000000e+00,5.6886443384e-01
2.5290000000e+00,5.6833811328e-01
2.5300000000e+00,5.6781143659e-01
2.5310000000e+00,5.6728440546e-01
2.5320000000e+00,5.6675702158e-01
2.5330000000e+00,5.6622928663e-01
2.5340000000e+00,5.6570120231e-01
2.5350000000e+00,5.6517277032e-01
2.5360000000e+00,5.6464399234e-01
2.5370000000e+00,5.6411487009e-01
2.5380000000e+00,5.6358540524e-01
2.5390000000e+00,5.6305559951e-01
2.5400000000e+00,5.6252545459e-01
2.5410000000e+00,5.6199497218e-01
2.5420000000e+00,5.6146415398e-01
2.5430000000e+00,5.6093300171e-01
2.5440000000e+00,5.6040151706e-01
2.5450000000e+00,5.5986970174e-01
2.5460000000e+00,5.5933755746e-01
2.5470000000e+00,5.5880508592e-01
2.5480000000e+00,5.5827228884e-01
2.5490000000e+00,5.5773916793e-01
2.5500000000e+00,5.5720572489e-01
2.5510000000e+00,5.5667196144e-01
2.5520000000e+00,5.5613787929e-01
2.5530000000e+00,5.5560348016e-01
2.5540000000e+00,5.5506876576e-01
2.5550000000e+00,5.5453373782e-01
2.5560000000e+00,5.5399839804e-01
2.5570000000e+00,5.5346274815e-01
2.5580000000e+00,5.5292678987e-01
2.5590000000e+00,5.5239052491e-01
2.5600000000e+00,5.5185395500e-01
2.5610000000e+00,5.5131708187e-01
2.5620000000e+00,5.5077990723e-01
2.5630000000e+00,5.5024243281e-01
2.5640000000e+00,5.4970466033e-01
2.5650000000e+00,5.4916659153e-01
2.5660000000e+00,5.4862822813e-01
2.5670000000e+00,5.4808957185e-01
2.5680000000e+00,5.4755062443e-01
2.5690000000e+00,5.4701138759e-01
2.5700000000e+00,5.4647186307e-01
2.5710000000e+00,5.4593205260e-01
2.5720000000e+00,5.4539195790e-01
2.5730000000e+00,5.4485158072e-01
2.5740000000e+00,5.4431092279e-01
2.5750000000e+00,5.4376998583e-01
2.5760000000e+00,5.4322877159e-01
2.5770000000e+00,5.4268728181e-01
2.5780000000e+00,5.4214551821e-01
2.5790000000e+00,5.4160348254e-01
2.5800000000e+00,5.4106117653e-01
2.5810000000e+00,5.4051860192e-01
2.5820000000e+00,5.3997576046e-01
2.5830000000e+00,5.3943265388e-01
2.5840000000e+00,5.3888928392e-01
2.5850000000e+00,5.3834565233e-01
2.5860000000e+00,5.3780176084e-01
2.5870000000e+00,5.3725761120e-01
2.5880000000e+00,5.3671320516e-01
2.5890000000e+00,5.3616854444e-01
2.5900000000e+00,5.3562363081e-01
2.5910000000e+00,5.3507846601e-01
2.5920000000e+00,5.3453305177e-01
2.5930000000e+00,5.3398738985e-01
2.5940000000e+00,5.3344148199e-01
2.5950000000e+00,5.3289532994e-01
2.5960000000e+00,5.3234893545e-01
2.5970000000e+00,5.3180230026e-01
2.5980000000e+00,5.3125542612e-01
2.5990000000e+00,5.3070831478e-01
2.6000000000e+00,5.3016096799e-01
2.6010000000e+00,5.2961338751e-01
2.6020000000e+00,5.2906557507e-01
2.6030000000e+00,5.2851753243e-01
2.6040000000e+00,5.2796926134e-01
2.6050000000e+00,5.2742076356e-01
2.6060000000e+00,5.2687204082e-01
2.6070000000e+00,5.2632309489e-01
2.6080000000e+00,5.2577392752e-01
2.6090000000e+00,5.2522454045e-01
2.6100000000e+00,5.2467493545e-01
2.6110000000e+00,5.2412511426e-01
2.6120000000e+00,5.2357507864e-01
2.6130000000e+00,5.2302483033e-01
2.6140000000e+00,5.2247437111e-01
2.6150000000e+00,5.2192370270e-01
2.6160000000e+00,5.2137282688e-01
2.6170000000e+00,5.2082174540e-01
2.6180000000e+00,5.2027046001e-01
2.6190000000e+00,5.1971897246e-01
2.6200000000e+00,5.1916728451e-01
2.6210000000e+00,5.1861539791e-01
2.6220000000e+00,5.1806331443e-01
2.6230000000e+00,5.1751103581e-01
2.6240000000e+00,5.1695856381e-01
2.6250000000e+00,5.1640590018e-01
2.6260000000e+00,5.1585304668e-01
2.6270000000e+00,5.1530000507e-01
2.6280000000e+00,5.1474677710e-01
2.6290000000e+00,5.1419336452e-01
2.6300000000e+00,5.1363976910e-01
2.6310000000e+00,5.1308599258e-01
2.6320000000e+00,5.1253203673e-01
2.6330000000e+00,5.1197790329e-01
2.6340000000e+00,5.1142359403e-01
2.6350000000e+00,5.1086911070e-01
2.6360000000e+00,5.1031445505e-01
2.6370000000e+00,5.0975962884e-01
2.6380000000e+00,5.0920463382e-01
2.6390000000e+00,5.0864947176e-01
2.6400000000e+00,5.0809414439e-01
2.6410000000e+00,5.0753865349e-01
2.6420000000e+00,5.0698300080e-01
2.6430000000e+00,5.0642718808e-01
2.6440000000e+00,5.0587121708e-01
2.6450000000e+00,5.0531508955e-01
2.6460000000e+00,5.0475880726e-01
2.6470000000e+00,5.0420237195e-01
2.6480000000e+00,5.0364578538e-01
2.6490000000e+00,5.0308904930e-01
2.6500000000e+00,5.0253216546e-01
2.6510000000e+00,5.0197513562e-01
2.6520000000e+00,5.0141796152e-01
2.6530000000e+00,5.0086064493e-01
2.6540000000e+00,5.0030318759e-01
2.6550000000e+00,4.9974559125e-01
2.6560000000e+00,4.9918785767e-01
2.6570000000e+00,4.9862998860e-01
2.6580000000e+00,4.9807198578e-01
2.6590000000e+00,4.9751385096e-01
2.6600000000e+00,4.9695558591e-01
2.6610000000e+00,4.9639719235e-01
2.6620000000e+00,4.9583867206e-01
2.6630000000e+00,4.9528002676e-01
2.6640000000e+00,4.9472125822e-01
2.6650000000e+00,4.9416236817e-01
2.6660000000e+00,4.9360335837e-01
2.6670000000e+00,4.9304423056e-01
2.6680000000e+00,4.9248498649e-01
2.6690000000e+00,4.9192562791e-01
2.6700000000e+00,4.9136615655e-01
2.6710000000e+00,4.9080657416e-01
2.6720000000e+00,4.9024688250e-01
2.6730000000e+00,4.8968708329e-01
2.6740000000e+00,4.8912717829e-01
2.6750000000e+00,4.8856716923e-01
2.6760000000e+00,4.8800705786e-01
2.6770000000e+00,4.8744684592e-01
2.6780000000e+00,4.8688653515e-01
2.6790000000e+00,4.8632612728e-01
2.6800000000e+00,4.8576562407e-01
2.6810000000e+00,4.8520502724e-01
2.6820000000e+00,4.8464433854e-01
2.6830000000e+00,4.8408355969e-01
2.6840000000e+00,4.8352269245e-01
2.6850000000e+00,4.8296173854e-01
2.6860000000e+00,4.8240069970e-01
2.6870000000e+00,4.8183957766e-01
2.6880000000e+00,4.8127837415e-01
2.6890000000e+00,4.8071709092e-01
2.6900000000e+00,4.8015572969e-01
2.6910000000e+00,4.7959429218e-01
2.6920000000e+00,4.7903278015e-01
2.6930000000e+00,4.7847119530e-01
2.6940000000e+00,4.7790953937e-01
2.6950000000e+00,4.7734781410e-01
2.6960000000e+00,4.7678602119e-01
2.6970000000e+00,4.7622416239e-01
2.6980000000e+00,4.7566223942e-01
2.6990000000e+00,4.7510025400e-01
2.7000000000e+00,4.7453820785e-01
2.7010000000e+00,4.7397610270e-01
2.7020000000e+00,4.7341394027e-01
2.7030000000e+00,4.7285172227e-01
2.7040000000e+00,4.7228945044e-01
2.7050000000e+00,4.7172712648e-01
2.7060000000e+00,4.7116475212e-01
2.7070000000e+00,4.7060232907e-01
2.7080000000e+00,4.7003985905e-01
2.7090000000e+00,4.6947734377e-01
2.7100000000e+00,4.6891478494e-01
2.7110000000e+00,4.6835218429e-01
2.7120000000e+00,4.6778954351e-01
2.7130000000e+00,4.6722686432e-01
2.7140000000e+00,4.6666414844e-01
2.7150000000e+00,4.6610139756e-01
2.7160000000e+00,4.6553861339e-01
2.7170000000e+00,4.6497579765e-01
2.7180000000e+00,4.6441295203e-01
2.7190000000e+00,4.6385007825e-01
2.7200000000e+00,4.6328717799e-01
2.7210000000e+00,4.6272425297e-01
2.7220000000e+00,4.6216130488e-01
2.7230000000e+00,4.6159833542e-01
2.7240000000e+00,4.6103534629e-01
2.7250000000e+00,4.6047233919e-01
2.7260000000e+00,4.5990931582e-01
2.7270000000e+00,4.5934627786e-01
2.7280000000e+00,4.5878322700e-01
2.7290000000e+00,4.5822016495e-01
2.7300000000e+00,4.5765709339e-01
2.7310000000e+00,4.5709401401e-01
2.7320000000e+00,4.5653092850e-01
2.7330000000e+00,4.5596783854e-01
2.7340000000e+00,4.5540474582e-01
2.7350000000e+00,4.5484165202e-01
2.7360000000e+00,4.5427855882e-01
2.7370000000e+00,4.5371546791e-01
2.7380000000e+00,4.5315238097e-01
2.7390000000e+00,4.5258929967e-01
2.7400000000e+00,4.5202622569e-01
2.7410000000e+00,4.5146316070e-01
2.7420000000e+00,4.5090010639e-01
2.7430000000e+00,4.5033706441e-01
2.7440000000e+00,4.4977403645e-01
2.7450000000e+00,4.4921102417e-01
2.7460000000e+00,4.4864802924e-01
2.7470000000e+00,4.4808505333e-01
2.7480000000e+00,4.4752209809e-01
2.7490000000e+00,4.4695916521e-01
2.7500000000e+00,4.4639625633e-01
2.7510000000e+00,4.4583337312e-01
2.7520000000e+00,4.4527051723e-01
2.7530000000e+00,4.4470769033e-01
2.7540000000e+00,4.4414489407e-01
2.7550000000e+00,4.4358213010e-01
2.7560000000e+00,4.4301940008e-01
2.7570000000e+00,4.4245670566e-01
2.7580000000e+00,4.4189404848e-01
2.7590000000e+00,4.4133143020e-01
2.7600000000e+00,4.4076885246e-01
2.7610000000e+00,4.4020631691e-01
2.7620000000e+00,4.3964382519e-01
2.7630000000e+00,4.3908137893e-01
2.7640000000e+00,4.3851897978e-01
2.7650000000e+00,4.3795662938e-01
2.7660000000e+00,4.3739432936e-01
2.7670000000e+00,4.3683208136e-01
2.7680000000e+00,4.3626988701e-01
2.7690000000e+00,4.3570774794e-01
2.7700000000e+00,4.3514566578e-01
2.7710000000e+00,4.3458364216e-01
2.7720000000e+00,4.3402167870e-01
2.7730000000e+00,4.3345977703e-01
2.7740000000e+00,4.3289793876e-01
2.7750000000e+00,4.3233616553e-01
2.7760000000e+00,4.3177445894e-01
2.7770000000e+00,4.3121282061e-01
2.7780000000e+00,4.3065125216e-01
2.7790000000e+00,4.3008975521e-01
2.7800000000e+00,4.2952833135e-01
2.7810000000e+00,4.2896698221e-01
2.7820000000e+00,4.2840570939e-01
2.7830000000e+00,4.2784451449e-01
2.7840000000e+00,4.2728339912e-01
2.7850000000e+00,4.2672236487e-01
2.7860000000e+00,4.2616141336e-01
2.7870000000e+00,4.2560054617e-01
2.7880000000e+00,4.2503976490e-01
2.7890000000e+00,4.2447907115e-01
2.7900000000e+00,4.2391846650e-01
2.7910000000e+00,4.2335795255e-01
2.7920000000e+00,4.2279753089e-01
2.7930000000e+00,4.2223720310e-01
2.7940000000e+00,4.2167697076e-01
2.7950000000e+00,4.2111683546e-01
2.7960000000e+00,4.2055679877e-01
2.7970000000e+00,4.1999686228e-01
2.7980000000e+00,4.1943702756e-01
2.7990000000e+00,4.1887729618e-01
2.8000000000e+00,4.1831766972e-01
2.8010000000e+00,4.1775814974e-01
2.8020000000e+00,4.1719873781e-01
2.8030000000e+00,4.1663943549e-01
2.8040000000e+00,4.1608024436e-01
2.8050000000e+00,4.1552116597e-01
2.8060000000e+00,4.1496220188e-01
2.8070000000e+00,4.1440335364e-01
2.8080000000e+00,4.1384462281e-01
2.8090000000e+00,4.1328601095e-01
2.8100000000e+00,4.1272751960e-01
2.8110000000e+00,4.1216915031e-01
2.8120000000e+00,4.1161090463e-01
2.8130000000e+00,4.1105278410e-01
2.8140000000e+00,4.1049479026e-01
2.8150000000e+00,4.0993692466e-01
2.8160000000e+00,4.0937918882e-01
2.8170000000e+00,4.0882158429e-01
2.8180000000e+00,4.0826411259e-01
2.8190000000e+00,4.0770677526e-01
2.8200000000e+00,4.0714957382e-01
2.8210000000e+00,4.0659250980e-01
2.8220000000e+00,4.0603558473e-01
2.8230000000e+00,4.0547880012e-01
2.8240000000e+00,4.0492215749e-01
2.8250000000e+00,4.0436565836e-01
2.8260000000e+00,4.0380930425e-01
2.8270000000e+00,4.0325309666e-01
2.8280000000e+00,4.0269703711e-01
2.8290000000e+00,4.0214112710e-01
2.8300000000e+00,4.0158536813e-01
2.8310000000e+00,4.0102976172e-01
2.8320000000e+00,4.0047430935e-01
2.8330000000e+00,3.9991901253e-01
2.8340000000e+00,3.9936387275e-01
2.8350000000e+00,3.9880889151e-01
2.8360000000e+00,3.9825407029e-01
2.8370000000e+00,3.9769941059e-01
2.8380000000e+00,3.9714491388e-01
2.8390000000e+00,3.9659058166e-01
2.8400000000e+00,3.9603641540e-01
2.8410000000e+00,3.9548241657e-01
2.8420000000e+00,3.9492858667e-01
2.8430000000e+00,3.9437492715e-01
2.8440000000e+00,3.9382143950e-01
2.8450000000e+00,3.9326812517e-01
2.8460000000e+00,3.9271498564e-01
2.8470000000e+00,3.9216202236e-01
2.8480000000e+00,3.9160923680e-01
2.8490000000e+00,3.9105663042e-01
2.8500000000e+00,3.9050420467e-01
2.8510000000e+00,3.8995196100e-01
2.8520000000e+00,3.8939990087e-01
2.8530000000e+00,3.8884802573e-01
2.8540000000e+00,3.8829633701e-01
2.8550000000e+00,3.8774483616e-01
2.8560000000e+00,3.8719352463e-01
2.8570000000e+00,3.8664240384e-01
2.8580000000e+00,3.8609147524e-01
2.8590000000e+00,3.8554074025e-01
2.8600000000e+00,3.8499020031e-01
2.8610000000e+00,3.8443985685e-01
2.8620000000e+00,3.8388971128e-01
2.8630000000e+00,3.8333976504e-01
2.8640000000e+00,3.8279001953e-01
2.8650000000e+00,3.8224047618e-01
2.8660000000e+00,3.8169113639e-01
2.8670000000e+00,3.8114200159e-01
2.8680000000e+00,3.8059307318e-01
2.8690000000e+00,3.8004435256e-01
2.8700000000e+00,3.7949584114e-01
2.8710000000e+00,3.7894754032e-01
2.8720000000e+00,3.7839945149e-01
2.8730000000e+00,3.7785157606e-01
2.8740000000e+00,3.7730391541e-01
2.8750000000e+00,3.7675647093e-01
2.8760000000e+00,3.7620924401e-01
2.8770000000e+00,3.7566223604e-01
2.8780000000e+00,3.7511544839e-01
2.8790000000e+00,3.7456888245e-01
2.8800000000e+00,3.7402253958e-01
2.8810000000e+00,3.7347642117e-01
2.8820000000e+00,3.7293052858e-01
2.8830000000e+00,3.7238486317e-01
2.8840000000e+00,3.7183942633e-01
2.8850000000e+00,3.7129421939e-01
2.8860000000e+00,3.7074924374e-01
2.8870000000e+00,3.7020450071e-01
2.8880000000e+00,3.6965999167e-01
2.8890000000e+00,3.6911571796e-01
2.8900000000e+00,3.6857168093e-01
2.8910000000e+00,3.6802788194e-01
2.8920000000e+00,3.6748432231e-01
2.8930000000e+00,3.6694100338e-01
2.8940000000e+00,3.6639792651e-01
2.8950000000e+00,3.6585509301e-01
2.8960000000e+00,3.6531250421e-01
2.8970000000e+00,3.6477016145e-01
2.8980000000e+00,3.6422806605e-01
2.8990000000e+00,3.6368621934e-01
2.9000000000e+00,3.6314462262e-01
2.9010000000e+00,3.6260327722e-01
2.9020000000e+00,3.6206218444e-01
2.9030000000e+00,3.6152134561e-01
2.9040000000e+00,3.6098076202e-01
2.9050000000e+00,3.6044043498e-01
2.9060000000e+00,3.5990036579e-01
2.9070000000e+00,3.5936055576e-01
2.9080000000e+00,3.5882100616e-01
2.9090000000e+00,3.5828171830e-01
2.9100000000e+00,3.5774269347e-01
2.9110000000e+00,3.5720393295e-01
2.9120000000e+00,3.5666543803e-01
2.9130000000e+00,3.5612720998e-01
2.9140000000e+00,3.5558925009e-01
2.9150000000e+00,3.5505155963e-01
2.9160000000e+00,3.5451413986e-01
2.9170000000e+00,3.5397699206e-01
2.9180000000e+00,3.5344011750e-01
2.9190000000e+00,3.5290351742e-01
2.9200000000e+00,3.5236719311e-01
2.9210000000e+00,3.5183114580e-01
2.9220000000e+00,3.5129537676e-01
2.9230000000e+00,3.5075988723e-01
2.9240000000e+00,3.5022467846e-01
2.9250000000e+00,3.4968975170e-01
2.9260000000e+00,3.4915510818e-01
2.9270000000e+00,3.4862074915e-01
2.9280000000e+00,3.4808667583e-01
2.9290000000e+00,3.4755288947e-01
2.9300000000e+00,3.4701939128e-01
2.9310000000e+00,3.4648618250e-01
2.9320000000e+00,3.4595326435e-01
2.9330000000e+00,3.4542063804e-01
2.9340000000e+00,3.4488830479e-01
2.9350000000e+00,3.4435626582e-01
2.9360000000e+00,3.4382452234e-01
2.9370000000e+00,3.4329307554e-01
2.9380000000e+00,3.4276192665e-01
2.9390000000e+00,3.4223107685e-01
2.9400000000e+00,3.4170052734e-01
2.9410000000e+00,3.4117027932e-01
2.9420000000e+00,3.4064033398e-01
2.9430000000e+00,3.4011069252e-01
2.9440000000e+00,3.3958135610e-01
2.9450000000e+00,3.3905232592e-01
2.9460000000e+00,3.3852360315e-01
2.9470000000e+00,3.3799518897e-01
2.9480000000e+00,3.3746708455e-01
2.9490000000e+00,3.3693929106e-01
2.9500000000e+00,3.3641180966e-01
2.9510000000e+00,3.3588464152e-01
2.9520000000e+00,3.3535778781e-01
2.9530000000e+00,3.3483124966e-01
2.9540000000e+00,3.3430502824e-01
2.9550000000e+00,3.3377912470e-01
2.9560000000e+00,3.3325354019e-01
2.9570000000e+00,3.3272827584e-01
2.9580000000e+00,3.3220333280e-01
2.9590000000e+00,3.3167871220e-01
2.9600000000e+00,3.3115441518e-01
2.9610000000e+00,3.3063044287e-01
2.9620000000e+00,3.3010679640e-01
2.9630000000e+00,3.2958347689e-01
2.9640000000e+00,3.2906048545e-01
2.9650000000e+00,3.2853782322e-01
2.9660000000e+00,3.2801549130e-01
2.9670000000e+00,3.2749349081e-01
2.9680000000e+00,3.2697182285e-01
2.9690000000e+00,3.2645048852e-01
2.9700000000e+00,3.2592948894e-01
2.9710000000e+00,3.2540882519e-01
2.9720000000e+00,3.2488849837e-01
2.9730000000e+00,3.2436850957e-01
2.9740000000e+00,3.2384885989e-01
2.9750000000e+00,3.2332955040e-01
2.9760000000e+00,3.2281058219e-01
2.9770000000e+00,3.2229195634e-01
2.9780000000e+00,3.2177367392e-01
2.9790000000e+00,3.2125573600e-01
2.9800000000e+00,3.2073814365e-01
2.9810000000e+00,3.2022089795e-01
2.9820000000e+00,3.1970399994e-01
2.9830000000e+00,3.1918745068e-01
2.9840000000e+00,3.1867125125e-01
2.9850000000e+00,3.1815540267e-01
2.9860000000e+00,3.1763990601e-01
2.9870000000e+00,3.1712476232e-01
2.9880000000e+00,3.1660997262e-01
2.9890000000e+00,3.1609553796e-01
2.9900000000e+00,3.1558145938e-01
2.9910000000e+00,3.1506773791e-01
2.9920000000e+00,3.1455437457e-01
2.9930000000e+00,3.1404137039e-01
2.9940000000e+00,3.1352872640e-01
2.9950000000e+00,3.1301644362e-01
2.9960000000e+00,3.1250452305e-01
2.9970000000e+00,3.1199296571e-01
2.9980000000e+00,3.1148177261e-01
2.9990000000e+00,3.1097094476e-01
3.0000000000e+00,3.1046048315e-01
3.0010000000e+00,3.0995038879e-01
3.0020000000e+00,3.0944066267e-01
3.0030000000e+00,3.0893130578e-01
3.0040000000e+00,3.0842231912e-01
3.0050000000e+00,3.0791370366e-01
3.0060000000e+00,3.0740546039e-01
3.0070000000e+00,3.0689759028e-01
3.0080000000e+00,3.0639009432e-01
3.0090000000e+00,3.0588297348e-01
3.0100000000e+00,3.0537622871e-01
3.0110000000e+00,3.0486986100e-01
3.0120000000e+00,3.0436387129e-01
3.0130000000e+00,3.0385826055e-01
3.0140000000e+00,3.0335302974e-01
3.0150000000e+00,3.0284817979e-01
3.0160000000e+00,3.0234371167e-01
3.0170000000e+00,3.0183962632e-01
3.0180000000e+00,3.0133592468e-01
3.0190000000e+00,3.0083260768e-01
3.0200000000e+00,3.0032967626e-01
3.0210000000e+00,2.9982713136e-01
3.0220000000e+00,2.9932497390e-01
3.0230000000e+00,2.9882320480e-01
3.0240000000e+00,2.9832182498e-01
3.0250000000e+00,2.9782083537e-01
3.0260000000e+00,2.9732023688e-01
3.0270000000e+00,2.9682003042e-01
3.0280000000e+00,2.9632021689e-01
3.0290000000e+00,2.9582079720e-01
3.0300000000e+00,2.9532177225e-01
3.0310000000e+00,2.9482314294e-01
3.0320000000e+00,2.9432491016e-01
3.0330000000e+00,2.9382707481e-01
3.0340000000e+00,2.9332963776e-01
3.0350000000e+00,2.9283259990e-01
3.0360000000e+00,2.9233596212e-01
3.0370000000e+00,2.9183972529e-01
3.0380000000e+00,2.9134389028e-01
3.0390000000e+00,2.9084845796e-01
3.0400000000e+00,2.9035342920e-01
3.0410000000e+00,2.8985880486e-01
3.0420000000e+00,2.8936458581e-01
3.0430000000e+00,2.8887077290e-01
3.0440000000e+00,2.8837736697e-01
3.0450000000e+00,2.8788436889e-01
3.0460000000e+00,2.8739177949e-01
3.0470000000e+00,2.8689959963e-01
3.0480000000e+00,2.8640783013e-01
3.0490000000e+00,2.8591647184e-01
3.0500000000e+00,2.8542552558e-01
3.0510000000e+00,2.8493499219e-01
3.0520000000e+00,2.8444487249e-01
3.0530000000e+00,2.8395516730e-01
3.0540000000e+00,2.8346587745e-01
3.0550000000e+00,2.8297700375e-01
3.0560000000e+00,2.8248854700e-01
3.0570000000e+00,2.8200050802e-01
3.0580000000e+00,2.8151288761e-01
3.0590000000e+00,2.8102568658e-01
3.0600000000e+00,2.8053890572e-01
3.0610000000e+00,2.8005254583e-01
3.0620000000e+00,2.7956660769e-01
3.0630000000e+00,2.7908109210e-01
3.0640000000e+00,2.7859599985e-01
3.0650000000e+00,2.7811133170e-01
3.0660000000e+00,2.7762708844e-01
3.0670000000e+00,2.7714327085e-01
3.0680000000e+00,2.7665987969e-01
3.0690000000e+00,2.7617691573e-01
3.0700000000e+00,2.7569437974e-01
3.0710000000e+00,2.7521227248e-01
3.0720000000e+00,2.7473059470e-01
3.0730000000e+00,2.7424934715e-01
3.0740000000e+00,2.7376853059e-01
3.0750000000e+00,2.7328814577e-01
3.0760000000e+00,2.7280819342e-01
3.0770000000e+00,2.7232867429e-01
3.0780000000e+00,2.7184958912e-01
3.0790000000e+00,2.7137093863e-01
3.0800000000e+00,2.7089272355e-01
3.0810000000e+00,2.7041494463e-01
3.0820000000e+00,2.6993760256e-01
3.0830000000e+00,2.6946069809e-01
3.0840000000e+00,2.6898423191e-01
3.0850000000e+00,2.6850820475e-01
3.0860000000e+00,2.6803261731e-01
3.0870000000e+00,2.6755747030e-01
3.0880000000e+00,2.6708276442e-01
3.0890000000e+00,2.6660850038e-01
3.0900000000e+00,2.6613467886e-01
3.0910000000e+00,2.6566130056e-01
3.0920000000e+00,2.6518836616e-01
3.0930000000e+00,2.6471587636e-01
3.0940000000e+00,2.6424383183e-01
3.0950000000e+00,2.6377223326e-01
3.0960000000e+00,2.6330108131e-01
3.0970000000e+00,2.6283037667e-01
3.0980000000e+00,2.6236011999e-01
3.0990000000e+00,2.6189031195e-01
3.1000000000e+00,2.6142095320e-01
3.1010000000e+00,2.6095204440e-01
3.1020000000e+00,2.6048358622e-01
3.1030000000e+00,2.6001557929e-01
3.1040000000e+00,2.5954802427e-01
3.1050000000e+00,2.5908092180e-01
3.1060000000e+00,2.5861427252e-01
3.1070000000e+00,2.5814807708e-01
3.1080000000e+00,2.5768233610e-01
3.1090000000e+00,2.5721705022e-01
3.1100000000e+00,2.5675222006e-01
3.1110000000e+00,2.5628784625e-01
3.1120000000e+00,2.5582392941e-01
3.1130000000e+00,2.5536047016e-01
3.1140000000e+00,2.5489746911e-01
3.1150000000e+00,2.5443492687e-01
3.1160000000e+00,2.5397284405e-01
3.1170000000e+00,2.5351122125e-01
3.1180000000e+00,2.5305005908e-01
3.1190000000e+00,2.5258935812e-01
3.1200000000e+00,2.5212911899e-01
3.1210000000e+00,2.5166934225e-01
3.1220000000e+00,2.5121002851e-01
3.1230000000e+00,2.5075117835e-01
3.1240000000e+00,2.5029279235e-01
3.1250000000e+00,2.4983487108e-01
3.1260000000e+00,2.4937741512e-01
3.1270000000e+00,2.4892042503e-01
3.1280000000e+00,2.4846390140e-01
3.1290000000e+00,2.4800784477e-01
3.1300000000e+00,2.4755225571e-01
3.1310000000e+00,2.4709713478e-01
3.1320000000e+00,2.4664248253e-01
3.1330000000e+00,2.4618829951e-01
3.1340000000e+00,2.4573458626e-01
3.1350000000e+00,2.4528134334e-01
3.1360000000e+00,2.4482857128e-01
3.1370000000e+00,2.4437627062e-01
3.1380000000e+00,2.4392444190e-01
3.1390000000e+00,2.4347308563e-01
3.1400000000e+00,2.4302220236e-01
3.1410000000e+00,2.4257179260e-01
3.1420000000e+00,2.4212185687e-01
3.1430000000e+00,2.4167239570e-01
3.1440000000e+00,2.4122340959e-01
3.1450000000e+00,2.4077489906e-01
3.1460000000e+00,2.4032686461e-01
3.1470000000e+00,2.3987930675e-01
3.1480000000e+00,2.3943222597e-01
3.1490000000e+00,2.3898562278e-01
3.1500000000e+00,2.3853949767e-01
3.1510000000e+00,2.3809385113e-01
3.1520000000e+00,2.3764868364e-01
3.1530000000e+00,2.3720399569e-01
3.1540000000e+00,2.3675978777e-01
3.1550000000e+00,2.3631606035e-01
3.1560000000e+00,2.3587281390e-01
3.1570000000e+00,2.3543004889e-01
3.1580000000e+00,2.3498776580e-01
3.1590000000e+00,2.3454596508e-01
3.1600000000e+00,2.3410464720e-01
3.1610000000e+00,2.3366381262e-01
3.1620000000e+00,2.3322346179e-01
3.1630000000e+00,2.3278359516e-01
3.1640000000e+00,2.3234421318e-01
3.1650000000e+00,2.3190531630e-01
3.1660000000e+00,2.3146690495e-01
3.1670000000e+00,2.3102897958e-01
3.1680000000e+00,2.3059154062e-01
3.1690000000e+00,2.3015458850e-01
3.1700000000e+00,2.2971812365e-01
3.1710000000e+00,2.2928214650e-01
3.1720000000e+00,2.2884665747e-01
3.1730000000e+00,2.2841165698e-01
3.1740000000e+00,2.2797714544e-01
3.1750000000e+00,2.2754312327e-01
3.1760000000e+00,2.2710959087e-01
3.1770000000e+00,2.2667654865e-01
3.1780000000e+00,2.2624399702e-01
3.1790000000e+00,2.2581193638e-01
3.1800000000e+00,2.2538036712e-01
3.1810000000e+00,2.2494928963e-01
3.1820000000e+00,2.2451870430e-01
3.1830000000e+00,2.2408861153e-01
3.1840000000e+00,2.2365901169e-01
3.1850000000e+00,2.2322990517e-01
3.1860000000e+00,2.2280129235e-01
3.1870000000e+00,2.2237317359e-01
3.1880000000e+00,2.2194554927e-01
3.1890000000e+00,2.2151841976e-01
3.1900000000e+00,2.2109178542e-01
3.1910000000e+00,2.2066564661e-01
3.1920000000e+00,2.2024000370e-01
3.1930000000e+00,2.1981485703e-01
3.1940000000e+00,2.1939020696e-01
3.1950000000e+00,2.1896605385e-01
3.1960000000e+00,2.1854239802e-01
3.1970000000e+00,2.1811923984e-01
3.1980000000e+00,2.1769657963e-01
3.1990000000e+00,2.1727441773e-01
3.2000000000e+00,2.1685275448e-01
3.2010000000e+00,2.1643159021e-01
3.2020000000e+00,2.1601092524e-01
3.2030000000e+00,2.1559075990e-01
3.2040000000e+00,2.1517109451e-01
3.2050000000e+00,2.1475192939e-01
3.2060000000e+00,2.1433326484e-01
3.2070000000e+00,2.1391510119e-01
3.2080000000e+00,2.1349743875e-01
3.2090000000e+00,2.1308027781e-01
3.2100000000e+00,2.1266361868e-01
3.2110000000e+00,2.1224746166e-01
3.2120000000e+00,2.1183180704e-01
3.2130000000e+00,2.1141665513e-01
3.2140000000e+00,2.1100200620e-01
3.2150000000e+00,2.1058786054e-01
3.2160000000e+00,2.1017421845e-01
3.2170000000e+00,2.0976108020e-01
3.2180000000e+00,2.0934844606e-01
3.2190000000e+00,2.0893631632e-01
3.2200000000e+00,2.0852469124e-01
3.2210000000e+00,2.0811357110e-01
3.2220000000e+00,2.0770295616e-01
3.2230000000e+00,2.0729284667e-01
3.2240000000e+00,2.0688324291e-01
3.2250000000e+00,2.0647414513e-01
3.2260000000e+00,2.0606555358e-01
3.2270000000e+00,2.0565746852e-01
3.2280000000e+00,2.0524989018e-01
3.2290000000e+00,2.0484281882e-01
3.2300000000e+00,2.0443625468e-01
3.2310000000e+00,2.0403019799e-01
3.2320000000e+00,2.0362464899e-01
3.2330000000e+00,2.0321960792e-01
3.2340000000e+00,2.0281507500e-01
3.2350000000e+00,2.0241105046e-01
3.2360000000e+00,2.0200753452e-01
3.2370000000e+00,2.0160452741e-01
3.2380000000e+00,2.0120202935e-01
3.2390000000e+00,2.0080004054e-01
3.2400000000e+00,2.0039856120e-01
3.2410000000e+00,1.9999759153e-01
3.2420000000e+00,1.9959713176e-01
3.2430000000e+00,1.9919718207e-01
3.2440000000e+00,1.9879774267e-01
3.2450000000e+00,1.9839881376e-01
3.2460000000e+00,1.9800039553e-01
3.2470000000e+00,1.9760248816e-01
3.2480000000e+00,1.9720509186e-01
3.2490000000e+00,1.9680820681e-01
3.2500000000e+00,1.9641183318e-01
3.2510000000e+00,1.9601597116e-01
3.2520000000e+00,1.9562062093e-01
3.2530000000e+00,1.9522578266e-01
3.2540000000e+00,1.9483145652e-01
3.2550000000e+00,1.9443764268e-01
3.2560000000e+00,1.9404434130e-01
3.2570000000e+00,1.9365155256e-01
3.2580000000e+00,1.9325927660e-01
3.2590000000e+00,1.9286751358e-01
3.2600000000e+00,1.9247626367e-01
3.2610000000e+00,1.9208552700e-01
3.2620000000e+00,1.9169530373e-01
3.2630000000e+00,1.9130559401e-01
3.2640000000e+00,1.9091639797e-01
3.2650000000e+00,1.9052771576e-01
3.2660000000e+00,1.9013954751e-01
3.2670000000e+00,1.8975189337e-01
3.2680000000e+00,1.8936475345e-01
3.2690000000e+00,1.8897812789e-01
3.2700000000e+00,1.8859201682e-01
3.2710000000e+00,1.8820642035e-01
3.2720000000e+00,1.8782133861e-01
3.2730000000e+00,1.8743677172e-01
3.2740000000e+00,1.8705271979e-01
3.2750000000e+00,1.8666918293e-01
3.2760000000e+00,1.8628616125e-01
3.2770000000e+00,1.8590365486e-01
3.2780000000e+00,1.8552166387e-01
3.2790000000e+00,1.8514018837e-01
3.2800000000e+00,1.8475922846e-01
3.2810000000e+00,1.8437878423e-01
3.2820000000e+00,1.8399885579e-01
3.2830000000e+00,1.8361944322e-01
3.2840000000e+00,1.8324054660e-01
3.2850000000e+00,1.8286216603e-01
3.2860000000e+00,1.8248430158e-01
3.2870000000e+00,1.8210695334e-01
3.2880000000e+00,1.8173012137e-01
3.2890000000e+00,1.8135380576e-01
3.2900000000e+00,1.8097800658e-01
3.2910000000e+00,1.8060272389e-01
3.2920000000e+00,1.8022795776e-01
3.2930000000e+00,1.7985370825e-01
3.2940000000e+00,1.7947997543e-01
3.2950000000e+00,1.7910675935e-01
3.2960000000e+00,1.7873406006e-01
3.2970000000e+00,1.7836187763e-01
3.2980000000e+00,1.7799021209e-01
3.2990000000e+00,1.7761906350e-01
3.3000000000e+00,1.7724843190e-01
3.3010000000e+00,1.7687831733e-01
3.3020000000e+00,1.7650871984e-01
3.3030000000e+00,1.7613963946e-01
3.3040000000e+00,1.7577107622e-01
3.3050000000e+00,1.7540303016e-01
3.3060000000e+00,1.7503550130e-01
3.3070000000e+00,1.7466848967e-01
3.3080000000e+00,1.7430199529e-01
3.3090000000e+00,1.7393601820e-01
3.3100000000e+00,1.7357055839e-01
3.3110000000e+00,1.7320561590e-01
3.3120000000e+00,1.7284119074e-01
3.3130000000e+00,1.7247728290e-01
3.3140000000e+00,1.7211389242e-01
3.3150000000e+00,1.7175101928e-01
3.3160000000e+00,1.7138866350e-01
3.3170000000e+00,1.7102682507e-01
3.3180000000e+00,1.7066550399e-01
3.3190000000e+00,1.7030470026e-01
3.3200000000e+00,1.6994441388e-01
3.3210000000e+00,1.6958464482e-01
3.3220000000e+00,1.6922539309e-01
3.3230000000e+00,1.6886665866e-01
3.3240000000e+00,1.6850844153e-01
3.3250000000e+00,1.6815074166e-01
3.3260000000e+00,1.6779355905e-01
3.3270000000e+00,1.6743689366e-01
3.3280000000e+00,1.6708074547e-01
3.3290000000e+00,1.6672511444e-01
3.3300000000e+00,1.6637000056e-01
3.3310000000e+00,1.6601540378e-01
3.3320000000e+00,1.6566132407e-01
3.3330000000e+00,1.6530776139e-01
3.3340000000e+00,1.6495471569e-01
3.3350000000e+00,1.6460218694e-01
3.3360000000e+00,1.6425017509e-01
3.3370000000e+00,1.6389868009e-01
3.3380000000e+00,1.6354770189e-01
3.3390000000e+00,1.6319724043e-01
3.3400000000e+00,1.6284729566e-01
3.3410000000e+00,1.6249786752e-01
3.3420000000e+00,1.6214895596e-01
3.3430000000e+00,1.6180056090e-01
3.3440000000e+00,1.6145268229e-01
3.3450000000e+00,1.6110532005e-01
3.3460000000e+00,1.6075847412e-01
3.3470000000e+00,1.6041214442e-01
3.3480000000e+00,1.6006633088e-01
3.3490000000e+00,1.5972103343e-01
3.3500000000e+00,1.5937625197e-01
3.3510000000e+00,1.5903198644e-01
3.3520000000e+00,1.5868823674e-01
3.3530000000e+00,1.5834500280e-01
3.3540000000e+00,1.5800228452e-01
3.3550000000e+00,1.5766008180e-01
3.3560000000e+00,1.5731839457e-01
3.3570000000e+00,1.5697722272e-01
3.3580000000e+00,1.5663656616e-01
3.3590000000e+00,1.5629642478e-01
3.3600000000e+00,1.5595679848e-01
3.3610000000e+00,1.5561768716e-01
3.3620000000e+00,1.5527909072e-01
3.3630000000e+00,1.5494100903e-01
3.3640000000e+00,1.5460344200e-01
3.3650000000e+00,1.5426638951e-01
3.3660000000e+00,1.5392985144e-01
3.3670000000e+00,1.5359382767e-01
3.3680000000e+00,1.5325831808e-01
3.3690000000e+00,1.5292332256e-01
3.3700000000e+00,1.5258884097e-01
3.3710000000e+00,1.5225487320e-01
3.3720000000e+00,1.5192141910e-01
3.3730000000e+00,1.5158847855e-01
3.3740000000e+00,1.5125605142e-01
3.3750000000e+00,1.5092413757e-01
3.3760000000e+00,1.5059273687e-01
3.3770000000e+00,1.5026184916e-01
3.3780000000e+00,1.4993147432e-01
3.3790000000e+00,1.4960161219e-01
3.3800000000e+00,1.4927226264e-01
3.3810000000e+00,1.4894342550e-01
3.3820000000e+00,1.4861510064e-01
3.3830000000e+00,1.4828728789e-01
3.3840000000e+00,1.4795998711e-01
3.3850000000e+00,1.4763319813e-01
3.3860000000e+00,1.4730692080e-01
3.3870000000e+00,1.4698115496e-01
3.3880000000e+00,1.4665590044e-01
3.3890000000e+00,1.4633115708e-01
3.3900000000e+00,1.4600692470e-01
3.3910000000e+00,1.4568320315e-01
3.3920000000e+00,1.4535999224e-01
3.3930000000e+00,1.4503729181e-01
3.3940000000e+00,1.4471510168e-01
3.3950000000e+00,1.4439342166e-01
3.3960000000e+00,1.4407225159e-01
3.3970000000e+00,1.4375159128e-01
3.3980000000e+00,1.4343144054e-01
3.3990000000e+00,1.4311179919e-01
3.4000000000e+00,1.4279266705e-01
3.4010000000e+00,1.4247404391e-01
3.4020000000e+00,1.4215592959e-01
3.4030000000e+00,1.4183832390e-01
3.4040000000e+00,1.4152122664e-01
3.4050000000e+00,1.4120463761e-01
3.4060000000e+00,1.4088855660e-01
3.4070000000e+00,1.4057298343e-01
3.4080000000e+00,1.4025791788e-01
3.4090000000e+00,1.3994335976e-01
3.4100000000e+00,1.3962930884e-01
3.4110000000e+00,1.3931576492e-01
3.4120000000e+00,1.3900272780e-01
3.4130000000e+00,1.3869019724e-01
3.4140000000e+00,1.3837817305e-01
3.4150000000e+00,1.3806665501e-01
3.4160000000e+00,1.3775564288e-01
3.4170000000e+00,1.3744513646e-01
3.4180000000e+00,1.3713513551e-01
3.4190000000e+00,1.3682563982e-01
3.4200000000e+00,1.3651664915e-01
3.4210000000e+00,1.3620816328e-01
3.4220000000e+00,1.3590018198e-01
3.4230000000e+00,1.3559270501e-01
3.4240000000e+00,1.3528573214e-01
3.4250000000e+00,1.3497926313e-01
3.4260000000e+00,1.3467329774e-01
3.4270000000e+00,1.3436783574e-01
3.4280000000e+00,1.3406287688e-01
3.4290000000e+00,1.3375842092e-01
3.4300000000e+00,1.3345446761e-01
3.4310000000e+00,1.3315101670e-01
3.4320000000e+00,1.3284806795e-01
3.4330000000e+00,1.3254562110e-01
3.4340000000e+00,1.3224367591e-01
3.4350000000e+00,1.3194223210e-01
3.4360000000e+00,1.3164128944e-01
3.4370000000e+00,1.3134084766e-01
3.4380000000e+00,1.3104090650e-01
3.4390000000e+00,1.3074146570e-01
3.4400000000e+00,1.3044252500e-01
3.4410000000e+00,1.3014408412e-01
3.4420000000e+00,1.2984614281e-01
3.4430000000e+00,1.2954870079e-01
3.4440000000e+00,1.2925175780e-01
3.4450000000e+00,1.2895531355e-01
3.4460000000e+00,1.2865936779e-01
3.4470000000e+00,1.2836392022e-01
3.4480000000e+00,1.2806897057e-01
3.4490000000e+00,1.2777451857e-01
3.4500000000e+00,1.2748056393e-01
3.4510000000e+00,1.2718710637e-01
3.4520000000e+00,1.2689414561e-01
3.4530000000e+00,1.2660168135e-01
3.4540000000e+00,1.2630971332e-01
3.4550000000e+00,1.2601824122e-01
3.4560000000e+00,1.2572726476e-01
3.4570000000e+00,1.2543678365e-01
3.4580000000e+00,1.2514679759e-01
3.4590000000e+00,1.2485730629e-01
3.4600000000e+00,1.2456830945e-01
3.4610000000e+00,1.2427980676e-01
3.4620000000e+00,1.2399179794e-01
3.4630000000e+00,1.2370428268e-01
3.4640000000e+00,1.2341726067e-01
3.4650000000e+00,1.2313073160e-01
3.4660000000e+00,1.2284469517e-01
3.4670000000e+00,1.2255915108e-01
3.4680000000e+00,1.2227409900e-01
3.4690000000e+00,1.2198953863e-01
3.4700000000e+00,1.2170546965e-01
3.4710000000e+00,1.2142189175e-01
3.4720000000e+00,1.2113880461e-01
3.4730000000e+00,1.2085620792e-01
3.4740000000e+00,1.2057410135e-01
3.4750000000e+00,1.2029248457e-01
3.4760000000e+00,1.2001135728e-01
3.4770000000e+00,1.1973071914e-01
3.4780000000e+00,1.1945056982e-01
3.4790000000e+00,1.1917090900e-01
3.4800000000e+00,1.1889173636e-01
3.4810000000e+00,1.1861305155e-01
3.4820000000e+00,1.1833485425e-01
3.4830000000e+00,1.1805714412e-01
3.4840000000e+00,1.1777992082e-01
3.4850000000e+00,1.1750318403e-01
3.4860000000e+00,1.1722693340e-01
3.4870000000e+00,1.1695116859e-01
3.4880000000e+00,1.1667588927e-01
3.4890000000e+00,1.1640109508e-01
3.4900000000e+00,1.1612678569e-01
3.4910000000e+00,1.1585296074e-01
3.4920000000e+00,1.1557961990e-01
3.4930000000e+00,1.1530676281e-01
3.4940000000e+00,1.1503438913e-01
3.4950000000e+00,1.1476249850e-01
3.4960000000e+00,1.1449109056e-01
3.4970000000e+00,1.1422016497e-01
3.4980000000e+00,1.1394972138e-01
3.4990000000e+00,1.1367975941e-01
3.5000000000e+00,1.1341027872e-01
3.5010000000e+00,1.1314127894e-01
3.5020000000e+00,1.1287275972e-01
3.5030000000e+00,1.1260472069e-01
3.5040000000e+00,1.1233716148e-01
3.5050000000e+00,1.1207008174e-01
3.5060000000e+00,1.1180348109e-01
3.5070000000e+00,1.1153735917e-01
3.5080000000e+00,1.1127171561e-01
3.5090000000e+00,1.1100655004e-01
3.5100000000e+00,1.1074186208e-01
3.5110000000e+00,1.1047765136e-01
3.5120000000e+00,1.1021391751e-01
3.5130000000e+00,1.0995066016e-01
3.5140000000e+00,1.0968787891e-01
3.5150000000e+00,1.0942557341e-01
3.5160000000e+00,1.0916374326e-01
3.5170000000e+00,1.0890238808e-01
3.5180000000e+00,1.0864150750e-01
3.5190000000e+00,1.0838110113e-01
3.5200000000e+00,1.0812116857e-01
3.5210000000e+00,1.0786170946e-01
3.5220000000e+00,1.0760272340e-01
3.5230000000e+00,1.0734421000e-01
3.5240000000e+00,1.0708616887e-01
3.5250000000e+00,1.0682859962e-01
3.5260000000e+00,1.0657150186e-01
3.5270000000e+00,1.0631487519e-01
3.5280000000e+00,1.0605871922e-01
3.5290000000e+00,1.0580303355e-01
3.5300000000e+00,1.0554781779e-01
3.5310000000e+00,1.0529307154e-01
3.5320000000e+00,1.0503879439e-01
3.5330000000e+00,1.0478498595e-01
3.5340000000e+00,1.0453164581e-01
3.5350000000e+00,1.0427877358e-01
3.5360000000e+00,1.0402636884e-01
3.5370000000e+00,1.0377443118e-01
3.5380000000e+00,1.0352296022e-01
3.5390000000e+00,1.0327195553e-01
3.5400000000e+00,1.0302141670e-01
3.5410000000e+00,1.0277134333e-01
3.5420000000e+00,1.0252173501e-01
3.5430000000e+00,1.0227259131e-01
3.5440000000e+00,1.0202391184e-01
3.5450000000e+00,1.0177569616e-01
3.5460000000e+00,1.0152794388e-01
3.5470000000e+00,1.0128065456e-01
3.5480000000e+00,1.0103382780e-01
3.5490000000e+00,1.0078746317e-01
3.5500000000e+00,1.0054156025e-01
3.5510000000e+00,1.0029611862e-01
3.5520000000e+00,1.0005113786e-01
3.5530000000e+00,9.9806617542e-02
3.5540000000e+00,9.9562557245e-02
3.5550000000e+00,9.9318956541e-02
3.5560000000e+00,9.9075815005e-02
3.5570000000e+00,9.8833132207e-02
3.5580000000e+00,9.8590907719e-02
3.5590000000e+00,9.8349141111e-02
3.5600000000e+00,9.8107831952e-02
3.5610000000e+00,9.7866979810e-02
3.5620000000e+00,9.7626584251e-02
3.5630000000e+00,9.7386644842e-02
3.5640000000e+00,9.7147161146e-02
3.5650000000e+00,9.6908132729e-02
3.5660000000e+00,9.6669559153e-02
3.5670000000e+00,9.6431439980e-02
3.5680000000e+00,9.6193774770e-02
3.5690000000e+00,9.5956563084e-02
3.5700000000e+00,9.5719804480e-02
3.5710000000e+00,9.5483498516e-02
3.5720000000e+00,9.5247644749e-02
3.5730000000e+00,9.5012242735e-02
3.5740000000e+00,9.4777292029e-02
3.5750000000e+00,9.4542792186e-02
3.5760000000e+00,9.4308742757e-02
3.5770000000e+00,9.4075143296e-02
3.5780000000e+00,9.3841993353e-02
3.5790000000e+00,9.3609292479e-02
3.5800000000e+00,9.3377040223e-02
3.5810000000e+00,9.3145236134e-02
3.5820000000e+00,9.2913879758e-02
3.5830000000e+00,9.2682970644e-02
3.5840000000e+00,9.2452508335e-02
3.5850000000e+00,9.2222492378e-02
3.5860000000e+00,9.1992922316e-02
3.5870000000e+00,9.1763797692e-02
3.5880000000e+00,9.1535118048e-02
3.5890000000e+00,9.1306882926e-02
3.5900000000e+00,9.1079091866e-02
3.5910000000e+00,9.0851744407e-02
3.5920000000e+00,9.0624840088e-02
3.5930000000e+00,9.0398378447e-02
3.5940000000e+00,9.0172359021e-02
3.5950000000e+00,8.9946781346e-02
3.5960000000e+00,8.9721644958e-02
3.5970000000e+00,8.9496949390e-02
3.5980000000e+00,8.9272694176e-02
3.5990000000e+00,8.9048878850e-02
3.6000000000e+00,8.8825502942e-02
3.6010000000e+00,8.8602565985e-02
3.6020000000e+00,8.8380067509e-02
3.6030000000e+00,8.8158007043e-02
3.6040000000e+00,8.7936384116e-02
3.6050000000e+00,8.7715198256e-02
3.6060000000e+00,8.7494448990e-02
3.6070000000e+00,8.7274135845e-02
3.6080000000e+00,8.7054258346e-02
3.6090000000e+00,8.6834816019e-02
3.6100000000e+00,8.6615808386e-02
3.6110000000e+00,8.6397234972e-02
3.6120000000e+00,8.6179095300e-02
3.6130000000e+00,8.5961388890e-02
3.6140000000e+00,8.5744115265e-02
3.6150000000e+00,8.5527273945e-02
3.6160000000e+00,8.5310864448e-02
3.6170000000e+00,8.5094886295e-02
3.6180000000e+00,8.4879339003e-02
3.6190000000e+00,8.4664222090e-02
3.6200000000e+00,8.4449535072e-02
3.6210000000e+00,8.4235277466e-02
3.6220000000e+00,8.4021448788e-02
3.6230000000e+00,8.3808048550e-02
3.6240000000e+00,8.3595076269e-02
3.6250000000e+00,8.3382531457e-02
3.6260000000e+00,8.3170413626e-02
3.6270000000e+00,8.2958722288e-02
3.6280000000e+00,8.2747456956e-02
3.6290000000e+00,8.2536617139e-02
3.6300000000e+00,8.2326202347e-02
3.6310000000e+00,8.2116212090e-02
3.6320000000e+00,8.1906645876e-02
3.6330000000e+00,8.1697503214e-02
3.6340000000e+00,8.1488783610e-02
3.6350000000e+00,8.1280486572e-02
3.6360000000e+00,8.1072611605e-02
3.6370000000e+00,8.0865158215e-02
3.6380000000e+00,8.0658125907e-02
3.6390000000e+00,8.0451514184e-02
3.6400000000e+00,8.0245322552e-02
3.6410000000e+00,8.0039550512e-02
3.6420000000e+00,7.9834197568e-02
3.6430000000e+00,7.9629263220e-02
3.6440000000e+00,7.9424746971e-02
3.6450000000e+00,7.9220648321e-02
3.6460000000e+00,7.9016966769e-02
3.6470000000e+00,7.8813701816e-02
3.6480000000e+00,7.8610852961e-02
3.6490000000e+00,7.8408419701e-02
3.6500000000e+00,7.8206401535e-02
3.6510000000e+00,7.8004797960e-02
3.6520000000e+00,7.7803608472e-02
3.6530000000e+00,7.7602832568e-02
3.6540000000e+00,7.7402469744e-02
3.6550000000e+00,7.7202519494e-02
3.6560000000e+00,7.7002981313e-02
3.6570000000e+00,7.6803854695e-02
3.6580000000e+00,7.6605139134e-02
3.6590000000e+00,7.6406834123e-02
3.6600000000e+00,7.6208939153e-02
3.6610000000e+00,7.6011453718e-02
3.6620000000e+00,7.5814377308e-02
3.6630000000e+00,7.5617709414e-02
3.6640000000e+00,7.5421449528e-02
3.6650000000e+00,7.5225597139e-02
3.6660000000e+00,7.5030151736e-02
3.6670000000e+00,7.4835112809e-02
3.6680000000e+00,7.4640479846e-02
3.6690000000e+00,7.4446252335e-02
3.6700000000e+00,7.4252429764e-02
3.6710000000e+00,7.4059011620e-02
3.6720000000e+00,7.3865997390e-02
3.6730000000e+00,7.3673386561e-02
3.6740000000e+00,7.3481178617e-02
3.6750000000e+00,7.3289373044e-02
3.6760000000e+00,7.3097969328e-02
3.6770000000e+00,7.2906966952e-02
3.6780000000e+00,7.2716365401e-02
3.6790000000e+00,7.2526164159e-02
3.6800000000e+00,7.2336362709e-02
3.6810000000e+00,7.2146960533e-02
3.6820000000e+00,7.1957957115e-02
3.6830000000e+00,7.1769351935e-02
3.6840000000e+00,7.1581144477e-02
3.6850000000e+00,7.1393334220e-02
3.6860000000e+00,7.1205920646e-02
3.6870000000e+00,7.1018903236e-02
3.6880000000e+00,7.0832281469e-02
3.6890000000e+00,7.0646054825e-02
3.6900000000e+00,7.0460222783e-02
3.6910000000e+00,7.0274784823e-02
3.6920000000e+00,7.0089740422e-02
3.6930000000e+00,6.9905089060e-02
3.6940000000e+00,6.9720830215e-02
3.6950000000e+00,6.9536963362e-02
3.6960000000e+00,6.9353487981e-02
3.6970000000e+00,6.9170403547e-02
3.6980000000e+00,6.8987709538e-02
3.6990000000e+00,6.8805405428e-02
3.7000000000e+00,6.8623490696e-02
3.7010000000e+00,6.8441964814e-02
3.7020000000e+00,6.8260827260e-02
3.7030000000e+00,6.8080077508e-02
3.7040000000e+00,6.7899715032e-02
3.7050000000e+00,6.7719739307e-02
3.7060000000e+00,6.7540149806e-02
3.7070000000e+00,6.7360946004e-02
3.7080000000e+00,6.7182127374e-02
3.7090000000e+00,6.7003693389e-02
3.7100000000e+00,6.6825643521e-02
3.7110000000e+00,6.6647977243e-02
3.7120000000e+00,6.6470694028e-02
3.7130000000e+00,6.6293793347e-02
3.7140000000e+00,6.6117274672e-02
3.7150000000e+00,6.5941137475e-02
3.7160000000e+00,6.5765381227e-02
3.7170000000e+00,6.5590005398e-02
3.7180000000e+00,6.5415009460e-02
3.7190000000e+00,6.5240392882e-02
3.7200000000e+00,6.5066155136e-02
3.7210000000e+00,6.4892295690e-02
3.7220000000e+00,6.4718814015e-02
3.7230000000e+00,6.4545709580e-02
3.7240000000e+00,6.4372981854e-02
3.7250000000e+00,6.4200630307e-02
3.7260000000e+00,6.4028654407e-02
3.7270000000e+00,6.3857053623e-02
3.7280000000e+00,6.3685827423e-02
3.7290000000e+00,6.3514975275e-02
3.7300000000e+00,6.3344496648e-02
3.7310000000e+00,6.3174391009e-02
3.7320000000e+00,6.3004657826e-02
3.7330000000e+00,6.2835296565e-02
3.7340000000e+00,6.2666306695e-02
3.7350000000e+00,6.2497687683e-02
3.7360000000e+00,6.2329438994e-02
3.7370000000e+00,6.2161560097e-02
3.7380000000e+00,6.1994050457e-02
3.7390000000e+00,6.1826909540e-02
3.7400000000e+00,6.1660136814e-02
3.7410000000e+00,6.1493731743e-02
3.7420000000e+00,6.1327693794e-02
3.7430000000e+00,6.1162022433e-02
3.7440000000e+00,6.0996717124e-02
3.7450000000e+00,6.0831777334e-02
3.7460000000e+00,6.0667202528e-02
3.7470000000e+00,6.0502992170e-02
3.7480000000e+00,6.0339145727e-02
3.7490000000e+00,6.0175662662e-02
3.7500000000e+00,6.0012542441e-02
3.7510000000e+00,5.9849784528e-02
3.7520000000e+00,5.9687388387e-02
3.7530000000e+00,5.9525353484e-02
3.7540000000e+00,5.9363679281e-02
3.7550000000e+00,5.9202365245e-02
3.7560000000e+00,5.9041410838e-02
3.7570000000e+00,5.8880815525e-02
3.7580000000e+00,5.8720578769e-02
3.7590000000e+00,5.8560700035e-02
3.7600000000e+00,5.8401178785e-02
3.7610000000e+00,5.8242014485e-02
3.7620000000e+00,5.8083206596e-02
3.7630000000e+00,5.7924754584e-02
3.7640000000e+00,5.7766657910e-02
3.7650000000e+00,5.7608916039e-02
3.7660000000e+00,5.7451528434e-02
3.7670000000e+00,5.7294494558e-02
3.7680000000e+00,5.7137813874e-02
3.7690000000e+00,5.6981485845e-02
3.7700000000e+00,5.6825509934e-02
3.7710000000e+00,5.6669885605e-02
3.7720000000e+00,5.6514612320e-02
3.7730000000e+00,5.6359689542e-02
3.7740000000e+00,5.6205116734e-02
3.7750000000e+00,5.6050893359e-02
3.7760000000e+00,5.5897018880e-02
3.7770000000e+00,5.5743492759e-02
3.7780000000e+00,5.5590314460e-02
3.7790000000e+00,5.5437483445e-02
3.7800000000e+00,5.5284999176e-02
3.7810000000e+00,5.5132861118e-02
3.7820000000e+00,5.4981068731e-02
3.7830000000e+00,5.4829621479e-02
3.7840000000e+00,5.4678518825e-02
3.7850000000e+00,5.4527760232e-02
3.7860000000e+00,5.4377345161e-02
3.7870000000e+00,5.4227273076e-02
3.7880000000e+00,5.4077543440e-02
3.7890000000e+00,5.3928155715e-02
3.7900000000e+00,5.3779109365e-02
3.7910000000e+00,5.3630403851e-02
3.7920000000e+00,5.3482038637e-02
3.7930000000e+00,5.3334013186e-02
3.7940000000e+00,5.3186326960e-02
3.7950000000e+00,5.3038979422e-02
3.7960000000e+00,5.2891970036e-02
3.7970000000e+00,5.2745298264e-02
3.7980000000e+00,5.2598963569e-02
3.7990000000e+00,5.2452965415e-02
3.8000000000e+00,5.2307303265e-02
3.8010000000e+00,5.2161976581e-02
3.8020000000e+00,5.2016984828e-02
3.8030000000e+00,5.1872327467e-02
3.8040000000e+00,5.1728003964e-02
3.8050000000e+00,5.1584013781e-02
3.8060000000e+00,5.1440356381e-02
3.8070000000e+00,5.1297031229e-02
3.8080000000e+00,5.1154037788e-02
3.8090000000e+00,5.1011375521e-02
3.8100000000e+00,5.0869043894e-02
3.8110000000e+00,5.0727042368e-02
3.8120000000e+00,5.0585370409e-02
3.8130000000e+00,5.0444027481e-02
3.8140000000e+00,5.0303013048e-02
3.8150000000e+00,5.0162326574e-02
3.8160000000e+00,5.0021967523e-02
3.8170000000e+00,4.9881935360e-02
3.8180000000e+00,4.9742229550e-02
3.8190000000e+00,4.9602849557e-02
3.8200000000e+00,4.9463794847e-02
3.8210000000e+00,4.9325064883e-02
3.8220000000e+00,4.9186659132e-02
3.8230000000e+00,4.9048577059e-02
3.8240000000e+00,4.8910818128e-02
3.8250000000e+00,4.8773381805e-02
3.8260000000e+00,4.8636267556e-02
3.8270000000e+00,4.8499474847e-02
3.8280000000e+00,4.8363003143e-02
3.8290000000e+00,4.8226851910e-02
3.8300000000e+00,4.8091020615e-02
3.8310000000e+00,4.7955508724e-02
3.8320000000e+00,4.7820315703e-02
3.8330000000e+00,4.7685441019e-02
3.8340000000e+00,4.7550884138e-02
3.8350000000e+00,4.7416644528e-02
3.8360000000e+00,4.7282721656e-02
3.8370000000e+00,4.7149114988e-02
3.8380000000e+00,4.7015823993e-02
3.8390000000e+00,4.6882848137e-02
3.8400000000e+00,4.6750186889e-02
3.8410000000e+00,4.6617839717e-02
3.8420000000e+00,4.6485806088e-02
3.8430000000e+00,4.6354085470e-02
3.8440000000e+00,4.6222677333e-02
3.8450000000e+00,4.6091581145e-02
3.8460000000e+00,4.5960796375e-02
3.8470000000e+00,4.5830322492e-02
3.8480000000e+00,4.5700158964e-02
3.8490000000e+00,4.5570305262e-02
3.8500000000e+00,4.5440760855e-02
3.8510000000e+00,4.5311525213e-02
3.8520000000e+00,4.5182597806e-02
3.8530000000e+00,4.5053978104e-02
3.8540000000e+00,4.4925665577e-02
3.8550000000e+00,4.4797659697e-02
3.8560000000e+00,4.4669959934e-02
3.8570000000e+00,4.4542565759e-02
3.8580000000e+00,4.4415476643e-02
3.8590000000e+00,4.4288692059e-02
3.8600000000e+00,4.4162211477e-02
3.8610000000e+00,4.4036034370e-02
3.8620000000e+00,4.3910160210e-02
3.8630000000e+00,4.3784588470e-02
3.8640000000e+00,4.3659318622e-02
3.8650000000e+00,4.3534350139e-02
3.8660000000e+00,4.3409682494e-02
3.8670000000e+00,4.3285315161e-02
3.8680000000e+00,4.3161247613e-02
3.8690000000e+00,4.3037479325e-02
3.8700000000e+00,4.2914009770e-02
3.8710000000e+00,4.2790838423e-02
3.8720000000e+00,4.2667964758e-02
3.8730000000e+00,4.2545388251e-02
3.8740000000e+00,4.2423108377e-02
3.8750000000e+00,4.2301124611e-02
3.8760000000e+00,4.2179436429e-02
3.8770000000e+00,4.2058043306e-02
3.8780000000e+00,4.1936944720e-02
3.8790000000e+00,4.1816140146e-02
3.8800000000e+00,4.1695629062e-02
3.8810000000e+00,4.1575410945e-02
3.8820000000e+00,4.1455485271e-02
3.8830000000e+00,4.1335851520e-02
3.8840000000e+00,4.1216509167e-02
3.8850000000e+00,4.1097457693e-02
3.8860000000e+00,4.0978696575e-02
3.8870000000e+00,4.0860225292e-02
3.8880000000e+00,4.0742043324e-02
3.8890000000e+00,4.0624150149e-02
3.8900000000e+00,4.0506545248e-02
3.8910000000e+00,4.0389228100e-02
3.8920000000e+00,4.0272198186e-02
3.8930000000e+00,4.0155454986e-02
3.8940000000e+00,4.0038997981e-02
3.8950000000e+00,3.9922826653e-02
3.8960000000e+00,3.9806940483e-02
3.8970000000e+00,3.9691338953e-02
3.8980000000e+00,3.9576021546e-02
3.8990000000e+00,3.9460987742e-02
3.9000000000e+00,3.9346237027e-02
3.9010000000e+00,3.9231768882e-02
3.9020000000e+00,3.9117582791e-02
3.9030000000e+00,3.9003678238e-02
3.9040000000e+00,3.8890054707e-02
3.9050000000e+00,3.8776711682e-02
3.9060000000e+00,3.8663648649e-02
3.9070000000e+00,3.8550865092e-02
3.9080000000e+00,3.8438360497e-02
3.9090000000e+00,3.8326134350e-02
3.9100000000e+00,3.8214186137e-02
3.9110000000e+00,3.8102515344e-02
3.9120000000e+00,3.7991121459e-02
3.9130000000e+00,3.7880003968e-02
3.9140000000e+00,3.7769162359e-02
3.9150000000e+00,3.7658596120e-02
3.9160000000e+00,3.7548304739e-02
3.9170000000e+00,3.7438287705e-02
3.9180000000e+00,3.7328544507e-02
3.9190000000e+00,3.7219074634e-02
3.9200000000e+00,3.7109877576e-02
3.9210000000e+00,3.7000952822e-02
3.9220000000e+00,3.6892299864e-02
3.9230000000e+00,3.6783918193e-02
3.9240000000e+00,3.6675807298e-02
3.9250000000e+00,3.6567966673e-02
3.9260000000e+00,3.6460395808e-02
3.9270000000e+00,3.6353094196e-02
3.9280000000e+00,3.6246061331e-02
3.9290000000e+00,3.6139296704e-02
3.9300000000e+00,3.6032799809e-02
3.9310000000e+00,3.5926570141e-02
3.9320000000e+00,3.5820607192e-02
3.9330000000e+00,3.5714910459e-02
3.9340000000e+00,3.5609479436e-02
3.9350000000e+00,3.5504313618e-02
3.9360000000e+00,3.5399412501e-02
3.9370000000e+00,3.5294775582e-02
3.9380000000e+00,3.5190402356e-02
3.9390000000e+00,3.5086292322e-02
3.9400000000e+00,3.4982444975e-02
3.9410000000e+00,3.4878859815e-02
3.9420000000e+00,3.4775536338e-02
3.9430000000e+00,3.4672474045e-02
3.9440000000e+00,3.4569672433e-02
3.9450000000e+00,3.4467131002e-02
3.9460000000e+00,3.4364849252e-02
3.9470000000e+00,3.4262826684e-02
3.9480000000e+00,3.4161062797e-02
3.9490000000e+00,3.4059557094e-02
3.9500000000e+00,3.3958309074e-02
3.9510000000e+00,3.3857318241e-02
3.9520000000e+00,3.3756584097e-02
3.9530000000e+00,3.3656106144e-02
3.9540000000e+00,3.3555883886e-02
3.9550000000e+00,3.3455916825e-02
3.9560000000e+00,3.3356204467e-02
3.9570000000e+00,3.3256746316e-02
3.9580000000e+00,3.3157541876e-02
3.9590000000e+00,3.3058590653e-02
3.9600000000e+00,3.2959892152e-02
3.9610000000e+00,3.2861445881e-02
3.9620000000e+00,3.2763251345e-02
3.9630000000e+00,3.2665308051e-02
3.9640000000e+00,3.2567615507e-02
3.9650000000e+00,3.2470173222e-02
3.9660000000e+00,3.2372980702e-02
3.9670000000e+00,3.2276037458e-02
3.9680000000e+00,3.2179342999e-02
3.9690000000e+00,3.2082896833e-02
3.9700000000e+00,3.1986698473e-02
3.9710000000e+00,3.1890747427e-02
3.9720000000e+00,3.1795043208e-02
3.9730000000e+00,3.1699585326e-02
3.9740000000e+00,3.1604373294e-02
3.9750000000e+00,3.1509406625e-02
3.9760000000e+00,3.1414684830e-02
3.9770000000e+00,3.1320207424e-02
3.9780000000e+00,3.1225973921e-02
3.9790000000e+00,3.1131983835e-02
3.9800000000e+00,3.1038236680e-02
3.9810000000e+00,3.0944731972e-02
3.9820000000e+00,3.0851469226e-02
3.9830000000e+00,3.0758447959e-02
3.9840000000e+00,3.0665667688e-02
3.9850000000e+00,3.0573127929e-02
3.9860000000e+00,3.0480828200e-02
3.9870000000e+00,3.0388768019e-02
3.9880000000e+00,3.0296946905e-02
3.9890000000e+00,3.0205364377e-02
3.9900000000e+00,3.0114019955e-02
3.9910000000e+00,3.0022913157e-02
3.9920000000e+00,2.9932043506e-02
3.9930000000e+00,2.9841410521e-02
3.9940000000e+00,2.9751013724e-02
3.9950000000e+00,2.9660852638e-02
3.9960000000e+00,2.9570926784e-02
3.9970000000e+00,2.9481235686e-02
3.9980000000e+00,2.9391778866e-02
3.9990000000e+00,2.9302555850e-02
4.0000000000e+00,2.9213566160e-02
4.0010000000e+00,2.9124809323e-02
4.0020000000e+00,2.9036284863e-02
4.0030000000e+00,2.8947992306e-02
4.0040000000e+00,2.8859931179e-02
4.0050000000e+00,2.8772101008e-02
4.0060000000e+00,2.8684501322e-02
4.0070000000e+00,2.8597131647e-02
4.0080000000e+00,2.8509991512e-02
4.0090000000e+00,2.8423080446e-02
4.0100000000e+00,2.8336397979e-02
4.0110000000e+00,2.8249943639e-02
4.0120000000e+00,2.8163716959e-02
4.0130000000e+00,2.8077717468e-02
4.0140000000e+00,2.7991944698e-02
4.0150000000e+00,2.7906398181e-02
4.0160000000e+00,2.7821077449e-02
4.0170000000e+00,2.7735982035e-02
4.0180000000e+00,2.7651111473e-02
4.0190000000e+00,2.7566465297e-02
4.0200000000e+00,2.7482043040e-02
4.0210000000e+00,2.7397844239e-02
4.0220000000e+00,2.7313868429e-02
4.0230000000e+00,2.7230115145e-02
4.0240000000e+00,2.7146583925e-02
4.0250000000e+00,2.7063274305e-02
4.0260000000e+00,2.6980185823e-02
4.0270000000e+00,2.6897318017e-02
4.0280000000e+00,2.6814670426e-02
4.0290000000e+00,2.6732242588e-02
4.0300000000e+00,2.6650034045e-02
4.0310000000e+00,2.6568044335e-02
4.0320000000e+00,2.6486273000e-02
4.0330000000e+00,2.6404719580e-02
4.0340000000e+00,2.6323383619e-02
4.0350000000e+00,2.6242264657e-02
4.0360000000e+00,2.6161362239e-02
4.0370000000e+00,2.6080675907e-02
4.0380000000e+00,2.6000205205e-02
4.0390000000e+00,2.5919949678e-02
4.0400000000e+00,2.5839908871e-02
4.0410000000e+00,2.5760082330e-02
4.0420000000e+00,2.5680469600e-02
4.0430000000e+00,2.5601070228e-02
4.0440000000e+00,2.5521883762e-02
4.0450000000e+00,2.5442909749e-02
4.0460000000e+00,2.5364147737e-02
4.0470000000e+00,2.5285597275e-02
4.0480000000e+00,2.5207257913e-02
4.0490000000e+00,2.5129129200e-02
4.0500000000e+00,2.5051210687e-02
4.0510000000e+00,2.4973501925e-02
4.0520000000e+00,2.4896002465e-02
4.0530000000e+00,2.4818711860e-02
4.0540000000e+00,2.4741629662e-02
4.0550000000e+00,2.4664755424e-02
4.0560000000e+00,2.4588088701e-02
4.0570000000e+00,2.4511629045e-02
4.0580000000e+00,2.4435376013e-02
4.0590000000e+00,2.4359329159e-02
4.0600000000e+00,2.4283488040e-02
4.0610000000e+00,2.4207852212e-02
4.0620000000e+00,2.4132421232e-02
4.0630000000e+00,2.4057194658e-02
4.0640000000e+00,2.3982172047e-02
4.0650000000e+00,2.3907352959e-02
4.0660000000e+00,2.3832736953e-02
4.0670000000e+00,2.3758323588e-02
4.0680000000e+00,2.3684112426e-02
4.0690000000e+00,2.3610103027e-02
4.0700000000e+00,2.3536294952e-02
4.0710000000e+00,2.3462687764e-02
4.0720000000e+00,2.3389281026e-02
4.0730000000e+00,2.3316074300e-02
4.0740000000e+00,2.3243067150e-02
4.0750000000e+00,2.3170259141e-02
4.0760000000e+00,2.3097649838e-02
4.0770000000e+00,2.3025238805e-02
4.0780000000e+00,2.2953025610e-02
4.0790000000e+00,2.2881009819e-02
4.0800000000e+00,2.2809190998e-02
4.0810000000e+00,2.2737568716e-02
4.0820000000e+00,2.2666142542e-02
4.0830000000e+00,2.2594912043e-02
4.0840000000e+00,2.2523876789e-02
4.0850000000e+00,2.2453036351e-02
4.0860000000e+00,2.2382390299e-02
4.0870000000e+00,2.2311938204e-02
4.0880000000e+00,2.2241679638e-02
4.0890000000e+00,2.2171614174e-02
4.0900000000e+00,2.2101741383e-02
4.0910000000e+00,2.2032060840e-02
4.0920000000e+00,2.1962572119e-02
4.0930000000e+00,2.1893274794e-02
4.0940000000e+00,2.1824168441e-02
4.0950000000e+00,2.1755252635e-02
4.0960000000e+00,2.1686526953e-02
4.0970000000e+00,2.1617990972e-02
4.0980000000e+00,2.1549644268e-02
4.0990000000e+00,2.1481486421e-02
4.1000000000e+00,2.1413517009e-02
4.1010000000e+00,2.1345735612e-02
4.1020000000e+00,2.1278141808e-02
4.1030000000e+00,2.1210735178e-02
4.1040000000e+00,2.1143515305e-02
4.1050000000e+00,2.1076481768e-02
4.1060000000e+00,2.1009634151e-02
4.1070000000e+00,2.0942972035e-02
4.1080000000e+00,2.0876495005e-02
4.1090000000e+00,2.0810202645e-02
4.1100000000e+00,2.0744094538e-02
4.1110000000e+00,2.0678170270e-02
4.1120000000e+00,2.0612429427e-02
4.1130000000e+00,2.0546871595e-02
4.1140000000e+00,2.0481496360e-02
4.1150000000e+00,2.0416303311e-02
4.1160000000e+00,2.0351292035e-02
4.1170000000e+00,2.0286462121e-02
4.1180000000e+00,2.0221813157e-02
4.1190000000e+00,2.0157344735e-02
4.1200000000e+00,2.0093056444e-02
4.1210000000e+00,2.0028947876e-02
4.1220000000e+00,1.9965018621e-02
4.1230000000e+00,1.9901268272e-02
4.1240000000e+00,1.9837696422e-02
4.1250000000e+00,1.9774302664e-02
4.1260000000e+00,1.9711086592e-02
4.1270000000e+00,1.9648047801e-02
4.1280000000e+00,1.9585185886e-02
4.1290000000e+00,1.9522500441e-02
4.1300000000e+00,1.9459991065e-02
4.1310000000e+00,1.9397657354e-02
4.1320000000e+00,1.9335498904e-02
4.1330000000e+00,1.9273515315e-02
4.1340000000e+00,1.9211706185e-02
4.1350000000e+00,1.9150071113e-02
4.1360000000e+00,1.9088609699e-02
4.1370000000e+00,1.9027321543e-02
4.1380000000e+00,1.8966206248e-02
4.1390000000e+00,1.8905263413e-02
4.1400000000e+00,1.8844492643e-02
4.1410000000e+00,1.8783893538e-02
4.1420000000e+00,1.8723465704e-02
4.1430000000e+00,1.8663208744e-02
4.1440000000e+00,1.8603122262e-02
4.1450000000e+00,1.8543205864e-02
4.1460000000e+00,1.8483459156e-02
4.1470000000e+00,1.8423881745e-02
4.1480000000e+00,1.8364473236e-02
4.1490000000e+00,1.8305233238e-02
4.1500000000e+00,1.8246161360e-02
4.1510000000e+00,1.8187257209e-02
4.1520000000e+00,1.8128520396e-02
4.1530000000e+00,1.8069950530e-02
4.1540000000e+00,1.8011547223e-02
4.1550000000e+00,1.7953310085e-02
4.1560000000e+00,1.7895238728e-02
4.1570000000e+00,1.7837332765e-02
4.1580000000e+00,1.7779591808e-02
4.1590000000e+00,1.7722015472e-02
4.1600000000e+00,1.7664603371e-02
4.1610000000e+00,1.7607355119e-02
4.1620000000e+00,1.7550270332e-02
4.1630000000e+00,1.7493348626e-02
4.1640000000e+00,1.7436589618e-02
4.1650000000e+00,1.7379992924e-02
4.1660000000e+00,1.7323558164e-02
4.1670000000e+00,1.7267284955e-02
4.1680000000e+00,1.7211172916e-02
4.1690000000e+00,1.7155221667e-02
4.1700000000e+00,1.7099430828e-02
4.1710000000e+00,1.7043800020e-02
4.1720000000e+00,1.6988328865e-02
4.1730000000e+00,1.6933016985e-02
4.1740000000e+00,1.6877864002e-02
4.1750000000e+00,1.6822869540e-02
4.1760000000e+00,1.6768033223e-02
4.1770000000e+00,1.6713354675e-02
4.1780000000e+00,1.6658833520e-02
4.1790000000e+00,1.6604469386e-02
4.1800000000e+00,1.6550261898e-02
4.1810000000e+00,1.6496210683e-02
4.1820000000e+00,1.6442315369e-02
4.1830000000e+00,1.6388575584e-02
4.1840000000e+00,1.6334990956e-02
4.1850000000e+00,1.6281561115e-02
4.1860000000e+00,1.6228285691e-02
4.1870000000e+00,1.6175164314e-02
4.1880000000e+00,1.6122196615e-02
4.1890000000e+00,1.6069382227e-02
4.1900000000e+00,1.6016720781e-02
4.1910000000e+00,1.5964211911e-02
4.1920000000e+00,1.5911855250e-02
4.1930000000e+00,1.5859650432e-02
4.1940000000e+00,1.5807597092e-02
4.1950000000e+00,1.5755694866e-02
4.1960000000e+00,1.5703943389e-02
4.1970000000e+00,1.5652342298e-02
4.1980000000e+00,1.5600891230e-02
4.1990000000e+00,1.5549589823e-02
4.2000000000e+00,1.5498437715e-02
4.2010000000e+00,1.5447434546e-02
4.2020000000e+00,1.5396579955e-02
4.2030000000e+00,1.5345873582e-02
4.2040000000e+00,1.5295315068e-02
4.2050000000e+00,1.5244904055e-02
4.2060000000e+00,1.5194640183e-02
4.2070000000e+00,1.5144523097e-02
4.2080000000e+00,1.5094552440e-02
4.2090000000e+00,1.5044727854e-02
4.2100000000e+00,1.4995048986e-02
4.2110000000e+00,1.4945515478e-02
4.2120000000e+00,1.4896126978e-02
4.2130000000e+00,1.4846883132e-02
4.2140000000e+00,1.4797783586e-02
4.2150000000e+00,1.4748827988e-02
4.2160000000e+00,1.4700015986e-02
4.2170000000e+00,1.4651347229e-02
4.2180000000e+00,1.4602821366e-02
4.2190000000e+00,1.4554438046e-02
4.2200000000e+00,1.4506196921e-02
4.2210000000e+00,1.4458097641e-02
4.2220000000e+00,1.4410139858e-02
4.2230000000e+00,1.4362323224e-02
4.2240000000e+00,1.4314647393e-02
4.2250000000e+00,1.4267112017e-02
4.2260000000e+00,1.4219716751e-02
4.2270000000e+00,1.4172461250e-02
4.2280000000e+00,1.4125345169e-02
4.2290000000e+00,1.4078368163e-02
4.2300000000e+00,1.4031529890e-02
4.2310000000e+00,1.3984830006e-02
4.2320000000e+00,1.3938268169e-02
4.2330000000e+00,1.3891844038e-02
4.2340000000e+00,1.3845557271e-02
4.2350000000e+00,1.3799407528e-02
4.2360000000e+00,1.3753394469e-02
4.2370000000e+00,1.3707517754e-02
4.2380000000e+00,1.3661777046e-02
4.2390000000e+00,1.3616172005e-02
4.2400000000e+00,1.3570702295e-02
4.2410000000e+00,1.3525367579e-02
4.2420000000e+00,1.3480167520e-02
4.2430000000e+00,1.3435101782e-02
4.2440000000e+00,1.3390170031e-02
4.2450000000e+00,1.3345371933e-02
4.2460000000e+00,1.3300707152e-02
4.2470000000e+00,1.3256175356e-02
4.2480000000e+00,1.3211776213e-02
4.2490000000e+00,1.3167509390e-02
4.2500000000e+00,1.3123374556e-02
4.2510000000e+00,1.3079371379e-02
4.2520000000e+00,1.3035499530e-02
4.2530000000e+00,1.2991758679e-02
4.2540000000e+00,1.2948148496e-02
4.2550000000e+00,1.2904668654e-02
4.2560000000e+00,1.2861318825e-02
4.2570000000e+00,1.2818098680e-02
4.2580000000e+00,1.2775007894e-02
4.2590000000e+00,1.2732046140e-02
4.2600000000e+00,1.2689213093e-02
4.2610000000e+00,1.2646508427e-02
4.2620000000e+00,1.2603931820e-02
4.2630000000e+00,1.2561482946e-02
4.2640000000e+00,1.2519161483e-02
4.2650000000e+00,1.2476967108e-02
4.2660000000e+00,1.2434899499e-02
4.2670000000e+00,1.2392958335e-02
4.2680000000e+00,1.2351143295e-02
4.2690000000e+00,1.2309454060e-02
4.2700000000e+00,1.2267890309e-02
4.2710000000e+00,1.2226451723e-02
4.2720000000e+00,1.2185137984e-02
4.2730000000e+00,1.2143948775e-02
4.2740000000e+00,1.2102883778e-02
4.2750000000e+00,1.2061942676e-02
4.2760000000e+00,1.2021125154e-02
4.2770000000e+00,1.1980430896e-02
4.2780000000e+00,1.1939859588e-02
4.2790000000e+00,1.1899410914e-02
4.2800000000e+00,1.1859084562e-02
4.2810000000e+00,1.1818880218e-02
4.2820000000e+00,1.1778797570e-02
4.2830000000e+00,1.1738836307e-02
4.2840000000e+00,1.1698996116e-02
4.2850000000e+00,1.1659276687e-02
4.2860000000e+00,1.1619677710e-02
4.2870000000e+00,1.1580198875e-02
4.2880000000e+00,1.1540839874e-02
4.2890000000e+00,1.1501600398e-02
4.2900000000e+00,1.1462480140e-02
4.2910000000e+00,1.1423478792e-02
4.2920000000e+00,1.1384596048e-02
4.2930000000e+00,1.1345831601e-02
4.2940000000e+00,1.1307185146e-02
4.2950000000e+00,1.1268656379e-02
4.2960000000e+00,1.1230244995e-02
4.2970000000e+00,1.1191950691e-02
4.2980000000e+00,1.1153773163e-02
4.2990000000e+00,1.1115712110e-02
4.3000000000e+00,1.1077767228e-02
4.3010000000e+00,1.1039938217e-02
4.3020000000e+00,1.1002224776e-02
4.3030000000e+00,1.0964626605e-02
4.3040000000e+00,1.0927143404e-02
4.3050000000e+00,1.0889774875e-02
4.3060000000e+00,1.0852520718e-02
4.3070000000e+00,1.0815380637e-02
4.3080000000e+00,1.0778354333e-02
4.3090000000e+00,1.0741441511e-02
4.3100000000e+00,1.0704641873e-02
4.3110000000e+00,1.0667955125e-02
4.3120000000e+00,1.0631380972e-02
4.3130000000e+00,1.0594919119e-02
4.3140000000e+00,1.0558569272e-02
4.3150000000e+00,1.0522331139e-02
4.3160000000e+00,1.0486204427e-02
4.3170000000e+00,1.0450188842e-02
4.3180000000e+00,1.0414284096e-02
4.3190000000e+00,1.0378489895e-02
4.3200000000e+00,1.0342805950e-02
4.3210000000e+00,1.0307231971e-02
4.3220000000e+00,1.0271767670e-02
4.3230000000e+00,1.0236412757e-02
4.3240000000e+00,1.0201166944e-02
4.3250000000e+00,1.0166029944e-02
4.3260000000e+00,1.0131001470e-02
4.3270000000e+00,1.0096081236e-02
4.3280000000e+00,1.0061268956e-02
4.3290000000e+00,1.0026564344e-02
4.3300000000e+00,9.9919671174e-03
4.3310000000e+00,9.9574769906e-03
4.3320000000e+00,9.9230936806e-03
4.3330000000e+00,9.8888169044e-03
4.3340000000e+00,9.8546463799e-03
4.3350000000e+00,9.8205818251e-03
4.3360000000e+00,9.7866229591e-03
4.3370000000e+00,9.7527695010e-03
4.3380000000e+00,9.7190211710e-03
4.3390000000e+00,9.6853776894e-03
4.3400000000e+00,9.6518387775e-03
4.3410000000e+00,9.6184041568e-03
4.3420000000e+00,9.5850735496e-03
4.3430000000e+00,9.5518466787e-03
4.3440000000e+00,9.5187232674e-03
4.3450000000e+00,9.4857030395e-03
4.3460000000e+00,9.4527857197e-03
4.3470000000e+00,9.4199710329e-03
4.3480000000e+00,9.3872587048e-03
4.3490000000e+00,9.3546484614e-03
4.3500000000e+00,9.3221400295e-03
4.3510000000e+00,9.2897331364e-03
4.3520000000e+00,9.2574275100e-03
4.3530000000e+00,9.2252228785e-03
4.3540000000e+00,9.1931189711e-03
4.3550000000e+00,9.1611155172e-03
4.3560000000e+00,9.1292122468e-03
4.3570000000e+00,9.0974088906e-03
4.3580000000e+00,9.0657051799e-03
4.3590000000e+00,9.0341008463e-03
4.3600000000e+00,9.0025956221e-03
4.3610000000e+00,8.9711892403e-03
4.3620000000e+00,8.9398814342e-03
4.3630000000e+00,8.9086719377e-03
4.3640000000e+00,8.8775604855e-03
4.3650000000e+00,8.8465468126e-03
4.3660000000e+00,8.8156306545e-03
4.3670000000e+00,8.7848117475e-03
4.3680000000e+00,8.7540898284e-03
4.3690000000e+00,8.7234646343e-03
4.3700000000e+00,8.6929359031e-03
4.3710000000e+00,8.6625033733e-03
4.3720000000e+00,8.6321667836e-03
4.3730000000e+00,8.6019258737e-03
4.3740000000e+00,8.5717803835e-03
4.3750000000e+00,8.5417300536e-03
4.3760000000e+00,8.5117746252e-03
4.3770000000e+00,8.4819138398e-03
4.3780000000e+00,8.4521474397e-03
4.3790000000e+00,8.4224751677e-03
4.3800000000e+00,8.3928967671e-03
4.3810000000e+00,8.3634119817e-03
4.3820000000e+00,8.3340205559e-03
4.3830000000e+00,8.3047222346e-03
4.3840000000e+00,8.2755167634e-03
4.3850000000e+00,8.2464038881e-03
4.3860000000e+00,8.2173833555e-03
4.3870000000e+00,8.1884549126e-03
4.3880000000e+00,8.1596183070e-03
4.3890000000e+00,8.1308732869e-03
4.3900000000e+00,8.1022196011e-03
4.3910000000e+00,8.0736569988e-03
4.3920000000e+00,8.0451852297e-03
4.3930000000e+00,8.0168040443e-03
4.3940000000e+00,7.9885131934e-03
4.3950000000e+00,7.9603124284e-03
4.3960000000e+00,7.9322015012e-03
4.3970000000e+00,7.9041801644e-03
4.3980000000e+00,7.8762481708e-03
4.3990000000e+00,7.8484052742e-03
4.4000000000e+00,7.8206512285e-03
4.4010000000e+00,7.7929857883e-03
4.4020000000e+00,7.7654087089e-03
4.4030000000e+00,7.7379197458e-03
4.4040000000e+00,7.7105186553e-03
4.4050000000e+00,7.6832051941e-03
4.4060000000e+00,7.6559791195e-03
4.4070000000e+00,7.6288401893e-03
4.4080000000e+00,7.6017881617e-03
4.4090000000e+00,7.5748227957e-03
4.4100000000e+00,7.5479438506e-03
4.4110000000e+00,7.5211510863e-03
4.4120000000e+00,7.4944442633e-03
4.4130000000e+00,7.4678231424e-03
4.4140000000e+00,7.4412874852e-03
4.4150000000e+00,7.4148370536e-03
4.4160000000e+00,7.3884716103e-03
4.4170000000e+00,7.3621909182e-03
4.4180000000e+00,7.3359947409e-03
4.4190000000e+00,7.3098828424e-03
4.4200000000e+00,7.2838549875e-03
4.4210000000e+00,7.2579109413e-03
4.4220000000e+00,7.2320504693e-03
4.4230000000e+00,7.2062733377e-03
4.4240000000e+00,7.1805793133e-03
4.4250000000e+00,7.1549681633e-03
4.4260000000e+00,7.1294396553e-03
4.4270000000e+00,7.1039935576e-03
4.4280000000e+00,7.0786296390e-03
4.4290000000e+00,7.0533476687e-03
4.4300000000e+00,7.0281474165e-03
4.4310000000e+00,7.0030286527e-03
4.4320000000e+00,6.9779911482e-03
4.4330000000e+00,6.9530346741e-03
4.4340000000e+00,6.9281590025e-03
4.4350000000e+00,6.9033639055e-03
4.4360000000e+00,6.8786491562e-03
4.4370000000e+00,6.8540145278e-03
4.4380000000e+00,6.8294597942e-03
4.4390000000e+00,6.8049847297e-03
4.4400000000e+00,6.7805891094e-03
4.4410000000e+00,6.7562727086e-03
4.4420000000e+00,6.7320353031e-03
4.4430000000e+00,6.7078766695e-03
4.4440000000e+00,6.6837965846e-03
4.4450000000e+00,6.6597948258e-03
4.4460000000e+00,6.6358711711e-03
4.4470000000e+00,6.6120253989e-03
4.4480000000e+00,6.5882572881e-03
4.4490000000e+00,6.5645666181e-03
4.4500000000e+00,6.5409531689e-03
4.4510000000e+00,6.5174167210e-03
4.4520000000e+00,6.4939570552e-03
4.4530000000e+00,6.4705739531e-03
4.4540000000e+00,6.4472671964e-03
4.4550000000e+00,6.4240365677e-03
4.4560000000e+00,6.4008818499e-03
4.4570000000e+00,6.3778028263e-03
4.4580000000e+00,6.3547992811e-03
4.4590000000e+00,6.3318709984e-03
4.4600000000e+00,6.3090177633e-03
4.4610000000e+00,6.2862393612e-03
4.4620000000e+00,6.2635355779e-03
4.4630000000e+00,6.2409061998e-03
4.4640000000e+00,6.2183510139e-03
4.4650000000e+00,6.1958698074e-03
4.4660000000e+00,6.1734623684e-03
4.4670000000e+00,6.1511284850e-03
4.4680000000e+00,6.1288679462e-03
4.4690000000e+00,6.1066805413e-03
4.4700000000e+00,6.0845660600e-03
4.4710000000e+00,6.0625242928e-03
4.4720000000e+00,6.0405550304e-03
4.4730000000e+00,6.0186580641e-03
4.4740000000e+00,5.9968331856e-03
4.4750000000e+00,5.9750801871e-03
4.4760000000e+00,5.9533988615e-03
4.4770000000e+00,5.9317890020e-03
4.4780000000e+00,5.9102504021e-03
4.4790000000e+00,5.8887828562e-03
4.4800000000e+00,5.8673861588e-03
4.4810000000e+00,5.8460601051e-03
4.4820000000e+00,5.8248044908e-03
4.4830000000e+00,5.8036191118e-03
4.4840000000e+00,5.7825037649e-03
4.4850000000e+00,5.7614582470e-03
4.4860000000e+00,5.7404823557e-03
4.4870000000e+00,5.7195758889e-03
4.4880000000e+00,5.6987386452e-03
4.4890000000e+00,5.6779704235e-03
4.4900000000e+00,5.6572710233e-03
4.4910000000e+00,5.6366402444e-03
4.4920000000e+00,5.6160778872e-03
4.4930000000e+00,5.5955837526e-03
4.4940000000e+00,5.5751576419e-03
4.4950000000e+00,5.5547993568e-03
4.4960000000e+00,5.5345086997e-03
4.4970000000e+00,5.5142854732e-03
4.4980000000e+00,5.4941294806e-03
4.4990000000e+00,5.4740405255e-03
4.5000000000e+00,5.4540184121e-03
4.5010000000e+00,5.4340629449e-03
4.5020000000e+00,5.4141739290e-03
4.5030000000e+00,5.3943511699e-03
4.5040000000e+00,5.3745944737e-03
4.5050000000e+00,5.3549036467e-03
4.5060000000e+00,5.3352784959e-03
4.5070000000e+00,5.3157188287e-03
4.5080000000e+00,5.2962244530e-03
4.5090000000e+00,5.2767951769e-03
4.5100000000e+00,5.2574308093e-03
4.5110000000e+00,5.2381311594e-03
4.5120000000e+00,5.2188960369e-03
4.5130000000e+00,5.1997252518e-03
4.5140000000e+00,5.1806186149e-03
4.5150000000e+00,5.1615759371e-03
4.5160000000e+00,5.1425970300e-03
4.5170000000e+00,5.1236817055e-03
4.5180000000e+00,5.1048297761e-03
4.5190000000e+00,5.0860410545e-03
4.5200000000e+00,5.0673153541e-03
4.5210000000e+00,5.0486524888e-03
4.5220000000e+00,5.0300522726e-03
4.5230000000e+00,5.0115145203e-03
4.5240000000e+00,4.9930390471e-03
4.5250000000e+00,4.9746256684e-03
4.5260000000e+00,4.9562742003e-03
4.5270000000e+00,4.9379844593e-03
4.5280000000e+00,4.9197562623e-03
4.5290000000e+00,4.9015894266e-03
4.5300000000e+00,4.8834837701e-03
4.5310000000e+00,4.8654391110e-03
4.5320000000e+00,4.8474552681e-03
4.5330000000e+00,4.8295320603e-03
4.5340000000e+00,4.8116693074e-03
4.5350000000e+00,4.7938668294e-03
4.5360000000e+00,4.7761244467e-03
4.5370000000e+00,4.7584419802e-03
4.5380000000e+00,4.7408192513e-03
4.5390000000e+00,4.7232560818e-03
4.5400000000e+00,4.7057522939e-03
4.5410000000e+00,4.6883077102e-03
4.5420000000e+00,4.6709221539e-03
4.5430000000e+00,4.6535954484e-03
4.5440000000e+00,4.6363274179e-03
4.5450000000e+00,4.6191178865e-03
4.5460000000e+00,4.6019666793e-03
4.5470000000e+00,4.5848736215e-03
4.5480000000e+00,4.5678385387e-03
4.5490000000e+00,4.5508612572e-03
4.5500000000e+00,4.5339416035e-03
4.5510000000e+00,4.5170794045e-03
4.5520000000e+00,4.5002744878e-03
4.5530000000e+00,4.4835266811e-03
4.5540000000e+00,4.4668358128e-03
4.5550000000e+00,4.4502017116e-03
4.5560000000e+00,4.4336242066e-03
4.5570000000e+00,4.4171031273e-03
4.5580000000e+00,4.4006383039e-03
4.5590000000e+00,4.3842295666e-03
4.5600000000e+00,4.3678767464e-03
4.5610000000e+00,4.3515796745e-03
4.5620000000e+00,4.3353381825e-03
4.5630000000e+00,4.3191521027e-03
4.5640000000e+00,4.3030212674e-03
4.5650000000e+00,4.2869455098e-03
4.5660000000e+00,4.2709246631e-03
4.5670000000e+00,4.2549585611e-03
4.5680000000e+00,4.2390470380e-03
4.5690000000e+00,4.2231899285e-03
4.5700000000e+00,4.2073870677e-03
4.5710000000e+00,4.1916382908e-03
4.5720000000e+00,4.1759434339e-03
4.5730000000e+00,4.1603023332e-03
4.5740000000e+00,4.1447148255e-03
4.5750000000e+00,4.1291807477e-03
4.5760000000e+00,4.1136999375e-03
4.5770000000e+00,4.0982722328e-03
4.5780000000e+00,4.0828974720e-03
4.5790000000e+00,4.0675754937e-03
4.5800000000e+00,4.0523061372e-03
4.5810000000e+00,4.0370892421e-03
4.5820000000e+00,4.0219246482e-03
4.5830000000e+00,4.0068121961e-03
4.5840000000e+00,3.9917517265e-03
4.5850000000e+00,3.9767430807e-03
4.5860000000e+00,3.9617861002e-03
4.5870000000e+00,3.9468806270e-03
4.5880000000e+00,3.9320265036e-03
4.5890000000e+00,3.9172235727e-03
4.5900000000e+00,3.9024716777e-03
4.5910000000e+00,3.8877706621e-03
4.5920000000e+00,3.8731203700e-03
4.5930000000e+00,3.8585206457e-03
4.5940000000e+00,3.8439713342e-03
4.5950000000e+00,3.8294722806e-03
4.5960000000e+00,3.8150233305e-03
4.5970000000e+00,3.8006243300e-03
4.5980000000e+00,3.7862751255e-03
4.5990000000e+00,3.7719755638e-03
4.6000000000e+00,3.7577254921e-03
4.6010000000e+00,3.7435247580e-03
4.6020000000e+00,3.7293732094e-03
4.6030000000e+00,3.7152706949e-03
4.6040000000e+00,3.7012170631e-03
4.6050000000e+00,3.6872121632e-03
4.6060000000e+00,3.6732558449e-03
4.6070000000e+00,3.6593479579e-03
4.6080000000e+00,3.6454883528e-03
4.6090000000e+00,3.6316768801e-03
4.6100000000e+00,3.6179133911e-03
4.6110000000e+00,3.6041977372e-03
4.6120000000e+00,3.5905297703e-03
4.6130000000e+00,3.5769093427e-03
4.6140000000e+00,3.5633363070e-03
4.6150000000e+00,3.5498105163e-03
4.6160000000e+00,3.5363318241e-03
4.6170000000e+00,3.5229000840e-03
4.6180000000e+00,3.5095151504e-03
4.6190000000e+00,3.4961768778e-03
4.6200000000e+00,3.4828851212e-03
4.6210000000e+00,3.4696397358e-03
4.6220000000e+00,3.4564405774e-03
4.6230000000e+00,3.4432875021e-03
4.6240000000e+00,3.4301803663e-03
4.6250000000e+00,3.4171190270e-03
4.6260000000e+00,3.4041033413e-03
4.6270000000e+00,3.3911331668e-03
4.6280000000e+00,3.3782083615e-03
4.6290000000e+00,3.3653287837e-03
4.6300000000e+00,3.3524942922e-03
4.6310000000e+00,3.3397047461e-03
4.6320000000e+00,3.3269600047e-03
4.6330000000e+00,3.3142599281e-03
4.6340000000e+00,3.3016043763e-03
4.6350000000e+00,3.2889932099e-03
4.6360000000e+00,3.2764262900e-03
4.6370000000e+00,3.2639034777e-03
4.6380000000e+00,3.2514246348e-03
4.6390000000e+00,3.2389896234e-03
4.6400000000e+00,3.2265983058e-03
4.6410000000e+00,3.2142505448e-03
4.6420000000e+00,3.2019462036e-03
4.6430000000e+00,3.1896851457e-03
4.6440000000e+00,3.1774672349e-03
4.6450000000e+00,3.1652923356e-03
4.6460000000e+00,3.1531603122e-03
4.6470000000e+00,3.1410710298e-03
4.6480000000e+00,3.1290243537e-03
4.6490000000e+00,3.1170201495e-03
4.6500000000e+00,3.1050582833e-03
4.6510000000e+00,3.0931386215e-03
4.6520000000e+00,3.0812610308e-03
4.6530000000e+00,3.0694253784e-03
4.6540000000e+00,3.0576315318e-03
4.6550000000e+00,3.0458793586e-03
4.6560000000e+00,3.0341687273e-03
4.6570000000e+00,3.0224995061e-03
4.6580000000e+00,3.0108715641e-03
4.6590000000e+00,2.9992847706e-03
4.6600000000e+00,2.9877389950e-03
4.6610000000e+00,2.9762341073e-03
4.6620000000e+00,2.9647699778e-03
4.6630000000e+00,2.9533464772e-03
4.6640000000e+00,2.9419634765e-03
4.6650000000e+00,2.9306208470e-03
4.6660000000e+00,2.9193184603e-03
4.6670000000e+00,2.9080561886e-03
4.6680000000e+00,2.8968339042e-03
4.6690000000e+00,2.8856514799e-03
4.6700000000e+00,2.8745087886e-03
4.6710000000e+00,2.8634057039e-03
4.6720000000e+00,2.8523420995e-03
4.6730000000e+00,2.8413178495e-03
4.6740000000e+00,2.8303328283e-03
4.6750000000e+00,2.8193869108e-03
4.6760000000e+00,2.8084799720e-03
4.6770000000e+00,2.7976118875e-03
4.6780000000e+00,2.7867825331e-03
4.6790000000e+00,2.7759917848e-03
4.6800000000e+00,2.7652395192e-03
4.6810000000e+00,2.7545256132e-03
4.6820000000e+00,2.7438499438e-03
4.6830000000e+00,2.7332123886e-03
4.6840000000e+00,2.7226128254e-03
4.6850000000e+00,2.7120511323e-03
4.6860000000e+00,2.7015271880e-03
4.6870000000e+00,2.6910408711e-03
4.6880000000e+00,2.6805920609e-03
4.6890000000e+00,2.6701806369e-03
4.6900000000e+00,2.6598064789e-03
4.6910000000e+00,2.6494694670e-03
4.6920000000e+00,2.6391694818e-03
4.6930000000e+00,2.6289064041e-03
4.6940000000e+00,2.6186801150e-03
4.6950000000e+00,2.6084904960e-03
4.6960000000e+00,2.5983374289e-03
4.6970000000e+00,2.5882207959e-03
4.6980000000e+00,2.5781404793e-03
4.6990000000e+00,2.5680963620e-03
4.7000000000e+00,2.5580883270e-03
4.7010000000e+00,2.5481162579e-03
4.7020000000e+00,2.5381800383e-03
4.7030000000e+00,2.5282795523e-03
4.7040000000e+00,2.5184146843e-03
4.7050000000e+00,2.5085853191e-03
4.7060000000e+00,2.4987913416e-03
4.7070000000e+00,2.4890326373e-03
4.7080000000e+00,2.4793090918e-03
4.7090000000e+00,2.4696205910e-03
4.7100000000e+00,2.4599670214e-03
4.7110000000e+00,2.4503482695e-03
4.7120000000e+00,2.4407642222e-03
4.7130000000e+00,2.4312147669e-03
4.7140000000e+00,2.4216997911e-03
4.7150000000e+00,2.4122191827e-03
4.7160000000e+00,2.4027728299e-03
4.7170000000e+00,2.3933606212e-03
4.7180000000e+00,2.3839824455e-03
4.7190000000e+00,2.3746381918e-03
4.7200000000e+00,2.3653277496e-03
4.7210000000e+00,2.3560510087e-03
4.7220000000e+00,2.3468078592e-03
4.7230000000e+00,2.3375981914e-03
4.7240000000e+00,2.3284218960e-03
4.7250000000e+00,2.3192788640e-03
4.7260000000e+00,2.3101689867e-03
4.7270000000e+00,2.3010921557e-03
4.7280000000e+00,2.2920482630e-03
4.7290000000e+00,2.2830372006e-03
4.7300000000e+00,2.2740588612e-03
4.7310000000e+00,2.2651131376e-03
4.7320000000e+00,2.2561999229e-03
4.7330000000e+00,2.2473191105e-03
4.7340000000e+00,2.2384705942e-03
4.7350000000e+00,2.2296542680e-03
4.7360000000e+00,2.2208700262e-03
4.7370000000e+00,2.2121177634e-03
4.7380000000e+00,2.2033973747e-03
4.7390000000e+00,2.1947087551e-03
4.7400000000e+00,2.1860518002e-03
4.7410000000e+00,2.1774264059e-03
4.7420000000e+00,2.1688324683e-03
4.7430000000e+00,2.1602698838e-03
4.7440000000e+00,2.1517385490e-03
4.7450000000e+00,2.1432383610e-03
4.7460000000e+00,2.1347692172e-03
4.7470000000e+00,2.1263310149e-03
4.7480000000e+00,2.1179236523e-03
4.7490000000e+00,2.1095470274e-03
4.7500000000e+00,2.1012010386e-03
4.7510000000e+00,2.0928855848e-03
4.7520000000e+00,2.0846005650e-03
4.7530000000e+00,2.0763458785e-03
4.7540000000e+00,2.0681214250e-03
4.7550000000e+00,2.0599271042e-03
4.7560000000e+00,2.0517628166e-03
4.7570000000e+00,2.0436284624e-03
4.7580000000e+00,2.0355239426e-03
4.7590000000e+00,2.0274491581e-03
4.7600000000e+00,2.0194040103e-03
4.7610000000e+00,2.0113884008e-03
4.7620000000e+00,2.0034022314e-03
4.7630000000e+00,1.9954454045e-03
4.7640000000e+00,1.9875178225e-03
4.7650000000e+00,1.9796193880e-03
4.7660000000e+00,1.9717500042e-03
4.7670000000e+00,1.9639095744e-03
4.7680000000e+00,1.9560980021e-03
4.7690000000e+00,1.9483151912e-03
4.7700000000e+00,1.9405610458e-03
4.7710000000e+00,1.9328354705e-03
4.7720000000e+00,1.9251383698e-03
4.7730000000e+00,1.9174696488e-03
4.7740000000e+00,1.9098292127e-03
4.7750000000e+00,1.9022169671e-03
4.7760000000e+00,1.8946328177e-03
4.7770000000e+00,1.8870766706e-03
4.7780000000e+00,1.8795484322e-03
4.7790000000e+00,1.8720480090e-03
4.7800000000e+00,1.8645753081e-03
4.7810000000e+00,1.8571302365e-03
4.7820000000e+00,1.8497127017e-03
4.7830000000e+00,1.8423226114e-03
4.7840000000e+00,1.8349598735e-03
4.7850000000e+00,1.8276243963e-03
4.7860000000e+00,1.8203160884e-03
4.7870000000e+00,1.8130348584e-03
4.7880000000e+00,1.8057806155e-03
4.7890000000e+00,1.7985532689e-03
4.7900000000e+00,1.7913527282e-03
4.7910000000e+00,1.7841789034e-03
4.7920000000e+00,1.7770317043e-03
4.7930000000e+00,1.7699110416e-03
4.7940000000e+00,1.7628168256e-03
4.7950000000e+00,1.7557489675e-03
4.7960000000e+00,1.7487073783e-03
4.7970000000e+00,1.7416919694e-03
4.7980000000e+00,1.7347026525e-03
4.7990000000e+00,1.7277393397e-03
4.8000000000e+00,1.7208019429e-03
4.8010000000e+00,1.7138903748e-03
4.8020000000e+00,1.7070045480e-03
4.8030000000e+00,1.7001443755e-03
4.8040000000e+00,1.6933097705e-03
4.8050000000e+00,1.6865006466e-03
4.8060000000e+00,1.6797169174e-03
4.8070000000e+00,1.6729584969e-03
4.8080000000e+00,1.6662252995e-03
4.8090000000e+00,1.6595172396e-03
4.8100000000e+00,1.6528342319e-03
4.8110000000e+00,1.6461761915e-03
4.8120000000e+00,1.6395430337e-03
4.8130000000e+00,1.6329346739e-03
4.8140000000e+00,1.6263510280e-03
4.8150000000e+00,1.6197920119e-03
4.8160000000e+00,1.6132575419e-03
4.8170000000e+00,1.6067475345e-03
4.8180000000e+00,1.6002619065e-03
4.8190000000e+00,1.5938005749e-03
4.8200000000e+00,1.5873634569e-03
4.8210000000e+00,1.5809504701e-03
4.8220000000e+00,1.5745615322e-03
4.8230000000e+00,1.5681965613e-03
4.8240000000e+00,1.5618554754e-03
4.8250000000e+00,1.5555381932e-03
4.8260000000e+00,1.5492446334e-03
4.8270000000e+00,1.5429747149e-03
4.8280000000e+00,1.5367283570e-03
4.8290000000e+00,1.5305054791e-03
4.8300000000e+00,1.5243060009e-03
4.8310000000e+00,1.5181298423e-03
4.8320000000e+00,1.5119769236e-03
4.8330000000e+00,1.5058471652e-03
4.8340000000e+00,1.4997404876e-03
4.8350000000e+00,1.4936568119e-03
4.8360000000e+00,1.4875960591e-03
4.8370000000e+00,1.4815581506e-03
4.8380000000e+00,1.4755430080e-03
4.8390000000e+00,1.4695505533e-03
4.8400000000e+00,1.4635807083e-03
4.8410000000e+00,1.4576333956e-03
4.8420000000e+00,1.4517085376e-03
4.8430000000e+00,1.4458060571e-03
4.8440000000e+00,1.4399258771e-03
4.8450000000e+00,1.4340679209e-03
4.8460000000e+00,1.4282321119e-03
4.8470000000e+00,1.4224183740e-03
4.8480000000e+00,1.4166266309e-03
4.8490000000e+00,1.4108568070e-03
4.8500000000e+00,1.4051088265e-03
4.8510000000e+00,1.3993826142e-03
4.8520000000e+00,1.3936780949e-03
4.8530000000e+00,1.3879951937e-03
4.8540000000e+00,1.3823338359e-03
4.8550000000e+00,1.3766939471e-03
4.8560000000e+00,1.3710754530e-03
4.8570000000e+00,1.3654782796e-03
4.8580000000e+00,1.3599023532e-03
4.8590000000e+00,1.3543476003e-03
4.8600000000e+00,1.3488139474e-03
4.8610000000e+00,1.3433013214e-03
4.8620000000e+00,1.3378096496e-03
4.8630000000e+00,1.3323388592e-03
4.8640000000e+00,1.3268888779e-03
4.8650000000e+00,1.3214596333e-03
4.8660000000e+00,1.3160510536e-03
4.8670000000e+00,1.3106630668e-03
4.8680000000e+00,1.3052956016e-03
4.8690000000e+00,1.2999485865e-03
4.8700000000e+00,1.2946219504e-03
4.8710000000e+00,1.2893156225e-03
4.8720000000e+00,1.2840295320e-03
4.8730000000e+00,1.2787636085e-03
4.8740000000e+00,1.2735177818e-03
4.8750000000e+00,1.2682919818e-03
4.8760000000e+00,1.2630861387e-03
4.8770000000e+00,1.2579001829e-03
4.8780000000e+00,1.2527340450e-03
4.8790000000e+00,1.2475876559e-03
4.8800000000e+00,1.2424609466e-03
4.8810000000e+00,1.2373538483e-03
4.8820000000e+00,1.2322662926e-03
4.8830000000e+00,1.2271982110e-03
4.8840000000e+00,1.2221495356e-03
4.8850000000e+00,1.2171201983e-03
4.8860000000e+00,1.2121101315e-03
4.8870000000e+00,1.2071192678e-03
4.8880000000e+00,1.2021475397e-03
4.8890000000e+00,1.1971948804e-03
4.8900000000e+00,1.1922612229e-03
4.8910000000e+00,1.1873465006e-03
4.8920000000e+00,1.1824506470e-03
4.8930000000e+00,1.1775735959e-03
4.8940000000e+00,1.1727152813e-03
4.8950000000e+00,1.1678756374e-03
4.8960000000e+00,1.1630545984e-03
4.8970000000e+00,1.1582520991e-03
4.8980000000e+00,1.1534680743e-03
4.8990000000e+00,1.1487024588e-03
4.9000000000e+00,1.1439551879e-03
4.9010000000e+00,1.1392261970e-03
4.9020000000e+00,1.1345154216e-03
4.9030000000e+00,1.1298227977e-03
4.9040000000e+00,1.1251482612e-03
4.9050000000e+00,1.1204917482e-03
4.9060000000e+00,1.1158531952e-03
4.9070000000e+00,1.1112325388e-03
4.9080000000e+00,1.1066297158e-03
4.9090000000e+00,1.1020446632e-03
4.9100000000e+00,1.0974773181e-03
4.9110000000e+00,1.0929276180e-03
4.9120000000e+00,1.0883955004e-03
4.9130000000e+00,1.0838809031e-03
4.9140000000e+00,1.0793837642e-03
4.9150000000e+00,1.0749040217e-03
4.9160000000e+00,1.0704416140e-03
4.9170000000e+00,1.0659964797e-03
4.9180000000e+00,1.0615685575e-03
4.9190000000e+00,1.0571577865e-03
4.9200000000e+00,1.0527641057e-03
4.9210000000e+00,1.0483874544e-03
4.9220000000e+00,1.0440277722e-03
4.9230000000e+00,1.0396849987e-03
4.9240000000e+00,1.0353590740e-03
4.9250000000e+00,1.0310499380e-03
4.9260000000e+00,1.0267575311e-03
4.9270000000e+00,1.0224817938e-03
4.9280000000e+00,1.0182226666e-03
4.9290000000e+00,1.0139800904e-03
4.9300000000e+00,1.0097540063e-03
4.9310000000e+00,1.0055443555e-03
4.9320000000e+00,1.0013510793e-03
4.9330000000e+00,9.9717411947e-04
4.9340000000e+00,9.9301341766e-04
4.9350000000e+00,9.8886891587e-04
4.9360000000e+00,9.8474055624e-04
4.9370000000e+00,9.8062828110e-04
4.9380000000e+00,9.7653203297e-04
4.9390000000e+00,9.7245175454e-04
4.9400000000e+00,9.6838738868e-04
4.9410000000e+00,9.6433887846e-04
4.9420000000e+00,9.6030616712e-04
4.9430000000e+00,9.5628919809e-04
4.9440000000e+00,9.5228791496e-04
4.9450000000e+00,9.4830226151e-04
4.9460000000e+00,9.4433218172e-04
4.9470000000e+00,9.4037761971e-04
4.9480000000e+00,9.3643851982e-04
4.9490000000e+00,9.3251482653e-04
4.9500000000e+00,9.2860648452e-04
4.9510000000e+00,9.2471343866e-04
4.9520000000e+00,9.2083563395e-04
4.9530000000e+00,9.1697301561e-04
4.9540000000e+00,9.1312552903e-04
4.9550000000e+00,9.0929311975e-04
4.9560000000e+00,9.0547573350e-04
4.9570000000e+00,9.0167331619e-04
4.9580000000e+00,8.9788581391e-04
4.9590000000e+00,8.9411317289e-04
4.9600000000e+00,8.9035533957e-04
4.9610000000e+00,8.8661226054e-04
4.9620000000e+00,8.8288388256e-04
4.9630000000e+00,8.7917015259e-04
4.9640000000e+00,8.7547101773e-04
4.9650000000e+00,8.7178642526e-04
4.9660000000e+00,8.6811632264e-04
4.9670000000e+00,8.6446065748e-04
4.9680000000e+00,8.6081937758e-04
4.9690000000e+00,8.5719243089e-04
4.9700000000e+00,8.5357976554e-04
4.9710000000e+00,8.4998132982e-04
4.9720000000e+00,8.4639707220e-04
4.9730000000e+00,8.4282694131e-04
4.9740000000e+00,8.3927088594e-04
4.9750000000e+00,8.3572885505e-04
4.9760000000e+00,8.3220079777e-04
4.9770000000e+00,8.2868666338e-04
4.9780000000e+00,8.2518640135e-04
4.9790000000e+00,8.2169996130e-04
4.9800000000e+00,8.1822729300e-04
4.9810000000e+00,8.1476834640e-04
4.9820000000e+00,8.1132307162e-04
4.9830000000e+00,8.0789141893e-04
4.9840000000e+00,8.0447333875e-04
4.9850000000e+00,8.0106878169e-04
4.9860000000e+00,7.9767769849e-04
4.9870000000e+00,7.9430004008e-04
4.9880000000e+00,7.9093575753e-04
4.9890000000e+00,7.8758480207e-04
4.9900000000e+00,7.8424712511e-04
4.9910000000e+00,7.8092267819e-04
4.9920000000e+00,7.7761141303e-04
4.9930000000e+00,7.7431328150e-04
4.9940000000e+00,7.7102823562e-04
4.9950000000e+00,7.6775622757e-04
4.9960000000e+00,7.6449720971e-04
4.9970000000e+00,7.6125113452e-04
4.9980000000e+00,7.5801795465e-04
4.9990000000e+00,7.5479762292e-04
5.0000000000e+00,7.5159009229e-04
5.0010000000e+00,7.4839531587e-04
5.0020000000e+00,7.4521324694e-04
5.0030000000e+00,7.4204383891e-04
5.0040000000e+00,7.3888704537e-04
5.0050000000e+00,7.3574282004e-04
5.0060000000e+00,7.3261111681e-04
5.0070000000e+00,7.2949188971e-04
5.0080000000e+00,7.2638509292e-04
5.0090000000e+00,7.2329068078e-04
5.0100000000e+00,7.2020860779e-04
5.0110000000e+00,7.1713882856e-04
5.0120000000e+00,7.1408129790e-04
5.0130000000e+00,7.1103597073e-04
5.0140000000e+00,7.0800280214e-04
5.0150000000e+00,7.0498174736e-04
5.0160000000e+00,7.0197276178e-04
5.0170000000e+00,6.9897580091e-04
5.0180000000e+00,6.9599082044e-04
5.0190000000e+00,6.9301777619e-04
5.0200000000e+00,6.9005662413e-04
5.0210000000e+00,6.8710732037e-04
5.0220000000e+00,6.8416982116e-04
5.0230000000e+00,6.8124408292e-04
5.0240000000e+00,6.7833006219e-04
5.0250000000e+00,6.7542771567e-04
5.0260000000e+00,6.7253700020e-04
5.0270000000e+00,6.6965787275e-04
5.0280000000e+00,6.6679029045e-04
5.0290000000e+00,6.6393421057e-04
5.0300000000e+00,6.6108959051e-04
5.0310000000e+00,6.5825638782e-04
5.0320000000e+00,6.5543456020e-04
5.0330000000e+00,6.5262406548e-04
5.0340000000e+00,6.4982486164e-04
5.0350000000e+00,6.4703690677e-04
5.0360000000e+00,6.4426015915e-04
5.0370000000e+00,6.4149457716e-04
5.0380000000e+00,6.3874011934e-04
5.0390000000e+00,6.3599674435e-04
5.0400000000e+00,6.3326441100e-04
5.0410000000e+00,6.3054307824e-04
5.0420000000e+00,6.2783270515e-04
5.0430000000e+00,6.2513325095e-04
5.0440000000e+00,6.2244467501e-04
5.0450000000e+00,6.1976693680e-04
5.0460000000e+00,6.1709999598e-04
5.0470000000e+00,6.1444381228e-04
5.0480000000e+00,6.1179834563e-04
5.0490000000e+00,6.0916355604e-04
5.0500000000e+00,6.0653940370e-04
5.0510000000e+00,6.0392584890e-04
5.0520000000e+00,6.0132285207e-04
5.0530000000e+00,5.9873037379e-04
5.0540000000e+00,5.9614837476e-04
5.0550000000e+00,5.9357681582e-04
5.0560000000e+00,5.9101565792e-04
5.0570000000e+00,5.8846486217e-04
5.0580000000e+00,5.8592438979e-04
5.0590000000e+00,5.8339420214e-04
5.0600000000e+00,5.8087426072e-04
5.0610000000e+00,5.7836452715e-04
5.0620000000e+00,5.7586496316e-04
5.0630000000e+00,5.7337553065e-04
5.0640000000e+00,5.7089619162e-04
5.0650000000e+00,5.6842690820e-04
5.0660000000e+00,5.6596764267e-04
5.0670000000e+00,5.6351835740e-04
5.0680000000e+00,5.6107901493e-04
5.0690000000e+00,5.5864957789e-04
5.0700000000e+00,5.5623000907e-04
5.0710000000e+00,5.5382027136e-04
5.0720000000e+00,5.5142032778e-04
5.0730000000e+00,5.4903014149e-04
5.0740000000e+00,5.4664967576e-04
5.0750000000e+00,5.4427889399e-04
5.0760000000e+00,5.4191775971e-04
5.0770000000e+00,5.3956623658e-04
5.0780000000e+00,5.3722428835e-04
5.0790000000e+00,5.3489187893e-04
5.0800000000e+00,5.3256897233e-04
5.0810000000e+00,5.3025553270e-04
5.0820000000e+00,5.2795152431e-04
5.0830000000e+00,5.2565691154e-04
5.0840000000e+00,5.2337165889e-04
5.0850000000e+00,5.2109573099e-04
5.0860000000e+00,5.1882909260e-04
5.0870000000e+00,5.1657170859e-04
5.0880000000e+00,5.1432354393e-04
5.0890000000e+00,5.1208456376e-04
5.0900000000e+00,5.0985473328e-04
5.0910000000e+00,5.0763401786e-04
5.0920000000e+00,5.0542238295e-04
5.0930000000e+00,5.0321979415e-04
5.0940000000e+00,5.0102621716e-04
5.0950000000e+00,4.9884161779e-04
5.0960000000e+00,4.9666596199e-04
5.0970000000e+00,4.9449921581e-04
5.0980000000e+00,4.9234134542e-04
5.0990000000e+00,4.9019231711e-04
5.1000000000e+00,4.8805209728e-04
5.1010000000e+00,4.8592065246e-04
5.1020000000e+00,4.8379794927e-04
5.1030000000e+00,4.8168395446e-04
5.1040000000e+00,4.7957863491e-04
5.1050000000e+00,4.7748195758e-04
5.1060000000e+00,4.7539388957e-04
5.1070000000e+00,4.7331439809e-04
5.1080000000e+00,4.7124345044e-04
5.1090000000e+00,4.6918101407e-04
5.1100000000e+00,4.6712705652e-04
5.1110000000e+00,4.6508154543e-04
5.1120000000e+00,4.6304444859e-04
5.1130000000e+00,4.6101573386e-04
5.1140000000e+00,4.5899536924e-04
5.1150000000e+00,4.5698332282e-04
5.1160000000e+00,4.5497956282e-04
5.1170000000e+00,4.5298405757e-04
5.1180000000e+00,4.5099677548e-04
5.1190000000e+00,4.4901768510e-04
5.1200000000e+00,4.4704675508e-04
5.1210000000e+00,4.4508395418e-04
5.1220000000e+00,4.4312925126e-04
5.1230000000e+00,4.4118261531e-04
5.1240000000e+00,4.3924401539e-04
5.1250000000e+00,4.3731342070e-04
5.1260000000e+00,4.3539080054e-04
5.1270000000e+00,4.3347612431e-04
5.1280000000e+00,4.3156936152e-04
5.1290000000e+00,4.2967048179e-04
5.1300000000e+00,4.2777945484e-04
5.1310000000e+00,4.2589625050e-04
5.1320000000e+00,4.2402083870e-04
5.1330000000e+00,4.2215318947e-04
5.1340000000e+00,4.2029327297e-04
5.1350000000e+00,4.1844105943e-04
5.1360000000e+00,4.1659651921e-04
5.1370000000e+00,4.1475962276e-04
5.1380000000e+00,4.1293034064e-04
5.1390000000e+00,4.1110864351e-04
5.1400000000e+00,4.0929450213e-04
5.1410000000e+00,4.0748788736e-04
5.1420000000e+00,4.0568877018e-04
5.1430000000e+00,4.0389712165e-04
5.1440000000e+00,4.0211291294e-04
5.1450000000e+00,4.0033611533e-04
5.1460000000e+00,3.9856670018e-04
5.1470000000e+00,3.9680463897e-04
5.1480000000e+00,3.9504990327e-04
5.1490000000e+00,3.9330246475e-04
5.1500000000e+00,3.9156229519e-04
5.1510000000e+00,3.8982936645e-04
5.1520000000e+00,3.8810365051e-04
5.1530000000e+00,3.8638511944e-04
5.1540000000e+00,3.8467374540e-04
5.1550000000e+00,3.8296950065e-04
5.1560000000e+00,3.8127235756e-04
5.1570000000e+00,3.7958228860e-04
5.1580000000e+00,3.7789926631e-04
5.1590000000e+00,3.7622326335e-04
5.1600000000e+00,3.7455425247e-04
5.1610000000e+00,3.7289220652e-04
5.1620000000e+00,3.7123709844e-04
5.1630000000e+00,3.6958890127e-04
5.1640000000e+00,3.6794758814e-04
5.1650000000e+00,3.6631313228e-04
5.1660000000e+00,3.6468550701e-04
5.1670000000e+00,3.6306468576e-04
5.1680000000e+00,3.6145064202e-04
5.1690000000e+00,3.5984334942e-04
5.1700000000e+00,3.5824278164e-04
5.1710000000e+00,3.5664891247e-04
5.1720000000e+00,3.5506171582e-04
5.1730000000e+00,3.5348116564e-04
5.1740000000e+00,3.5190723601e-04
5.1750000000e+00,3.5033990110e-04
5.1760000000e+00,3.4877913516e-04
5.1770000000e+00,3.4722491252e-04
5.1780000000e+00,3.4567720764e-04
5.1790000000e+00,3.4413599504e-04
5.1800000000e+00,3.4260124933e-04
5.1810000000e+00,3.4107294522e-04
5.1820000000e+00,3.3955105752e-04
5.1830000000e+00,3.3803556111e-04
5.1840000000e+00,3.3652643096e-04
5.1850000000e+00,3.3502364216e-04
5.1860000000e+00,3.3352716984e-04
5.1870000000e+00,3.3203698926e-04
5.1880000000e+00,3.3055307575e-04
5.1890000000e+00,3.2907540474e-04
5.1900000000e+00,3.2760395172e-04
5.1910000000e+00,3.2613869230e-04
5.1920000000e+00,3.2467960216e-04
5.1930000000e+00,3.2322665707e-04
5.1940000000e+00,3.2177983289e-04
5.1950000000e+00,3.2033910556e-04
5.1960000000e+00,3.1890445112e-04
5.1970000000e+00,3.1747584567e-04
5.1980000000e+00,3.1605326543e-04
5.1990000000e+00,3.1463668667e-04
5.2000000000e+00,3.1322608578e-04
5.2010000000e+00,3.1182143920e-04
5.2020000000e+00,3.1042272348e-04
5.2030000000e+00,3.0902991524e-04
5.2040000000e+00,3.0764299119e-04
5.2050000000e+00,3.0626192814e-04
5.2060000000e+00,3.0488670294e-04
5.2070000000e+00,3.0351729257e-04
5.2080000000e+00,3.0215367407e-04
5.2090000000e+00,3.0079582456e-04
5.2100000000e+00,2.9944372125e-04
5.2110000000e+00,2.9809734144e-04
5.2120000000e+00,2.9675666248e-04
5.2130000000e+00,2.9542166184e-04
5.2140000000e+00,2.9409231706e-04
5.2150000000e+00,2.9276860574e-04
5.2160000000e+00,2.9145050559e-04
5.2170000000e+00,2.9013799438e-04
5.2180000000e+00,2.8883104997e-04
5.2190000000e+00,2.8752965030e-04
5.2200000000e+00,2.8623377338e-04
5.2210000000e+00,2.8494339732e-04
5.2220000000e+00,2.8365850029e-04
5.2230000000e+00,2.8237906055e-04
5.2240000000e+00,2.8110505643e-04
5.2250000000e+00,2.7983646634e-04
5.2260000000e+00,2.7857326877e-04
5.2270000000e+00,2.7731544230e-04
5.2280000000e+00,2.7606296557e-04
5.2290000000e+00,2.7481581730e-04
5.2300000000e+00,2.7357397630e-04
5.2310000000e+00,2.7233742145e-04
5.2320000000e+00,2.7110613170e-04
5.2330000000e+00,2.6988008608e-04
5.2340000000e+00,2.6865926370e-04
5.2350000000e+00,2.6744364375e-04
5.2360000000e+00,2.6623320548e-04
5.2370000000e+00,2.6502792824e-04
5.2380000000e+00,2.6382779143e-04
5.2390000000e+00,2.6263277454e-04
5.2400000000e+00,2.6144285712e-04
5.2410000000e+00,2.6025801883e-04
5.2420000000e+00,2.5907823935e-04
5.2430000000e+00,2.5790349849e-04
5.2440000000e+00,2.5673377609e-04
5.2450000000e+00,2.5556905209e-04
5.2460000000e+00,2.5440930648e-04
5.2470000000e+00,2.5325451936e-04
5.2480000000e+00,2.5210467087e-04
5.2490000000e+00,2.5095974122e-04
5.2500000000e+00,2.4981971073e-04
5.2510000000e+00,2.4868455975e-04
5.2520000000e+00,2.4755426873e-04
5.2530000000e+00,2.4642881817e-04
5.2540000000e+00,2.4530818866e-04
5.2550000000e+00,2.4419236085e-04
5.2560000000e+00,2.4308131547e-04
5.2570000000e+00,2.4197503331e-04
5.2580000000e+00,2.4087349524e-04
5.2590000000e+00,2.3977668220e-04
5.2600000000e+00,2.3868457519e-04
5.2610000000e+00,2.3759715529e-04
5.2620000000e+00,2.3651440364e-04
5.2630000000e+00,2.3543630145e-04
5.2640000000e+00,2.3436283003e-04
5.2650000000e+00,2.3329397071e-04
5.2660000000e+00,2.3222970491e-04
5.2670000000e+00,2.3117001414e-04
5.2680000000e+00,2.3011487994e-04
5.2690000000e+00,2.2906428395e-04
5.2700000000e+00,2.2801820785e-04
5.2710000000e+00,2.2697663342e-04
5.2720000000e+00,2.2593954248e-04
5.2730000000e+00,2.2490691692e-04
5.2740000000e+00,2.2387873871e-04
5.2750000000e+00,2.2285498988e-04
5.2760000000e+00,2.2183565252e-04
5.2770000000e+00,2.2082070880e-04
5.2780000000e+00,2.1981014095e-04
5.2790000000e+00,2.1880393126e-04
5.2800000000e+00,2.1780206209e-04
5.2810000000e+00,2.1680451586e-04
5.2820000000e+00,2.1581127507e-04
5.2830000000e+00,2.1482232228e-04
5.2840000000e+00,2.1383764009e-04
5.2850000000e+00,2.1285721120e-04
5.2860000000e+00,2.1188101835e-04
5.2870000000e+00,2.1090904436e-04
5.2880000000e+00,2.0994127211e-04
5.2890000000e+00,2.0897768452e-04
5.2900000000e+00,2.0801826462e-04
5.2910000000e+00,2.0706299546e-04
5.2920000000e+00,2.0611186017e-04
5.2930000000e+00,2.0516484195e-04
5.2940000000e+00,2.0422192405e-04
5.2950000000e+00,2.0328308978e-04
5.2960000000e+00,2.0234832254e-04
5.2970000000e+00,2.0141760576e-04
5.2980000000e+00,2.0049092294e-04
5.2990000000e+00,1.9956825764e-04
5.3000000000e+00,1.9864959351e-04
5.3010000000e+00,1.9773491421e-04
5.3020000000e+00,1.9682420350e-04
5.3030000000e+00,1.9591744519e-04
5.3040000000e+00,1.9501462314e-04
5.3050000000e+00,1.9411572129e-04
5.3060000000e+00,1.9322072363e-04
5.3070000000e+00,1.9232961421e-04
5.3080000000e+00,1.9144237713e-04
5.3090000000e+00,1.9055899656e-04
5.3100000000e+00,1.8967945673e-04
5.3110000000e+00,1.8880374193e-04
5.3120000000e+00,1.8793183651e-04
5.3130000000e+00,1.8706372486e-04
5.3140000000e+00,1.8619939146e-04
5.3150000000e+00,1.8533882081e-04
5.3160000000e+00,1.8448199751e-04
5.3170000000e+00,1.8362890619e-04
5.3180000000e+00,1.8277953155e-04
5.3190000000e+00,1.8193385833e-04
5.3200000000e+00,1.8109187135e-04
5.3210000000e+00,1.8025355547e-04
5.3220000000e+00,1.7941889561e-04
5.3230000000e+00,1.7858787677e-04
5.3240000000e+00,1.7776048397e-04
5.3250000000e+00,1.7693670231e-04
5.3260000000e+00,1.7611651693e-04
5.3270000000e+00,1.7529991304e-04
5.3280000000e+00,1.7448687591e-04
5.3290000000e+00,1.7367739085e-04
5.3300000000e+00,1.7287144323e-04
5.3310000000e+00,1.7206901849e-04
5.3320000000e+00,1.7127010209e-04
5.3330000000e+00,1.7047467958e-04
5.3340000000e+00,1.6968273655e-04
5.3350000000e+00,1.6889425864e-04
5.3360000000e+00,1.6810923157e-04
5.3370000000e+00,1.6732764107e-04
5.3380000000e+00,1.6654947296e-04
5.3390000000e+00,1.6577471310e-04
5.3400000000e+00,1.6500334741e-04
5.3410000000e+00,1.6423536185e-04
5.3420000000e+00,1.6347074245e-04
5.3430000000e+00,1.6270947528e-04
5.3440000000e+00,1.6195154647e-04
5.3450000000e+00,1.6119694220e-04
5.3460000000e+00,1.6044564870e-04
5.3470000000e+00,1.5969765226e-04
5.3480000000e+00,1.5895293921e-04
5.3490000000e+00,1.5821149594e-04
5.3500000000e+00,1.5747330889e-04
5.3510000000e+00,1.5673836456e-04
5.3520000000e+00,1.5600664949e-04
5.3530000000e+00,1.5527815026e-04
5.3540000000e+00,1.5455285353e-04
5.3550000000e+00,1.5383074600e-04
5.3560000000e+00,1.5311181441e-04
5.3570000000e+00,1.5239604555e-04
5.3580000000e+00,1.5168342627e-04
5.3590000000e+00,1.5097394348e-04
5.3600000000e+00,1.5026758412e-04
5.3610000000e+00,1.4956433518e-04
5.3620000000e+00,1.4886418372e-04
5.3630000000e+00,1.4816711682e-04
5.3640000000e+00,1.4747312164e-04
5.3650000000e+00,1.4678218537e-04
5.3660000000e+00,1.4609429525e-04
5.3670000000e+00,1.4540943858e-04
5.3680000000e+00,1.4472760269e-04
5.3690000000e+00,1.4404877498e-04
5.3700000000e+00,1.4337294287e-04
5.3710000000e+00,1.4270009386e-04
5.3720000000e+00,1.4203021549e-04
5.3730000000e+00,1.4136329532e-04
5.3740000000e+00,1.4069932099e-04
5.3750000000e+00,1.4003828017e-04
5.3760000000e+00,1.3938016059e-04
5.3770000000e+00,1.3872495002e-04
5.3780000000e+00,1.3807263628e-04
5.3790000000e+00,1.3742320722e-04
5.3800000000e+00,1.3677665075e-04
5.3810000000e+00,1.3613295484e-04
5.3820000000e+00,1.3549210749e-04
5.3830000000e+00,1.3485409674e-04
5.3840000000e+00,1.3421891070e-04
5.3850000000e+00,1.3358653749e-04
5.3860000000e+00,1.3295696531e-04
5.3870000000e+00,1.3233018238e-04
5.3880000000e+00,1.3170617699e-04
5.3890000000e+00,1.3108493746e-04
5.3900000000e+00,1.3046645215e-04
5.3910000000e+00,1.2985070947e-04
5.3920000000e+00,1.2923769787e-04
5.3930000000e+00,1.2862740587e-04
5.3940000000e+00,1.2801982201e-04
5.3950000000e+00,1.2741493486e-04
5.3960000000e+00,1.2681273308e-04
5.3970000000e+00,1.2621320532e-04
5.3980000000e+00,1.2561634032e-04
5.3990000000e+00,1.2502212683e-04
5.4000000000e+00,1.2443055367e-04
5.4010000000e+00,1.2384160968e-04
5.4020000000e+00,1.2325528376e-04
5.4030000000e+00,1.2267156485e-04
5.4040000000e+00,1.2209044191e-04
5.4050000000e+00,1.2151190399e-04
5.4060000000e+00,1.2093594013e-04
5.4070000000e+00,1.2036253944e-04
5.4080000000e+00,1.1979169108e-04
5.4090000000e+00,1.1922338424e-04
5.4100000000e+00,1.1865760814e-04
5.4110000000e+00,1.1809435206e-04
5.4120000000e+00,1.1753360532e-04
5.4130000000e+00,1.1697535727e-04
5.4140000000e+00,1.1641959731e-04
5.4150000000e+00,1.1586631489e-04
5.4160000000e+00,1.1531549947e-04
5.4170000000e+00,1.1476714059e-04
5.4180000000e+00,1.1422122780e-04
5.4190000000e+00,1.1367775071e-04
5.4200000000e+00,1.1313669896e-04
5.4210000000e+00,1.1259806223e-04
5.4220000000e+00,1.1206183024e-04
5.4230000000e+00,1.1152799276e-04
5.4240000000e+00,1.1099653959e-04
5.4250000000e+00,1.1046746058e-04
5.4260000000e+00,1.0994074560e-04
5.4270000000e+00,1.0941638457e-04
5.4280000000e+00,1.0889436746e-04
5.4290000000e+00,1.0837468427e-04
5.4300000000e+00,1.0785732503e-04
5.4310000000e+00,1.0734227981e-04
5.4320000000e+00,1.0682953875e-04
5.4330000000e+00,1.0631909199e-04
5.4340000000e+00,1.0581092972e-04
5.4350000000e+00,1.0530504217e-04
5.4360000000e+00,1.0480141962e-04
5.4370000000e+00,1.0430005236e-04
5.4380000000e+00,1.0380093076e-04
5.4390000000e+00,1.0330404518e-04
5.4400000000e+00,1.0280938604e-04
5.4410000000e+00,1.0231694382e-04
5.4420000000e+00,1.0182670899e-04
5.4430000000e+00,1.0133867209e-04
5.4440000000e+00,1.0085282369e-04
5.4450000000e+00,1.0036915440e-04
5.4460000000e+00,9.9887654857e-05
5.4470000000e+00,9.9408315741e-05
5.4480000000e+00,9.8931127767e-05
5.4490000000e+00,9.8456081687e-05
5.4500000000e+00,9.7983168289e-05
5.4510000000e+00,9.7512378398e-05
5.4520000000e+00,9.7043702872e-05
5.4530000000e+00,9.6577132609e-05
5.4540000000e+00,9.6112658539e-05
5.4550000000e+00,9.5650271629e-05
5.4560000000e+00,9.5189962882e-05
5.4570000000e+00,9.4731723335e-05
5.4580000000e+00,9.4275544062e-05
5.4590000000e+00,9.3821416169e-05
5.4600000000e+00,9.3369330800e-05
5.4610000000e+00,9.2919279132e-05
5.4620000000e+00,9.2471252377e-05
5.4630000000e+00,9.2025241782e-05
5.4640000000e+00,9.1581238627e-05
5.4650000000e+00,9.1139234229e-05
5.4660000000e+00,9.0699219936e-05
5.4670000000e+00,9.0261187131e-05
5.4680000000e+00,8.9825127232e-05
5.4690000000e+00,8.9391031690e-05
5.4700000000e+00,8.8958891989e-05
5.4710000000e+00,8.8528699648e-05
5.4720000000e+00,8.8100446217e-05
5.4730000000e+00,8.7674123282e-05
5.4740000000e+00,8.7249722460e-05
5.4750000000e+00,8.6827235403e-05
5.4760000000e+00,8.6406653793e-05
5.4770000000e+00,8.5987969348e-05
5.4780000000e+00,8.5571173817e-05
5.4790000000e+00,8.5156258980e-05
5.4800000000e+00,8.4743216652e-05
5.4810000000e+00,8.4332038680e-05
5.4820000000e+00,8.3922716942e-05
5.4830000000e+00,8.3515243348e-05
5.4840000000e+00,8.3109609840e-05
5.4850000000e+00,8.2705808393e-05
5.4860000000e+00,8.2303831013e-05
5.4870000000e+00,8.1903669737e-05
5.4880000000e+00,8.1505316634e-05
5.4890000000e+00,8.1108763803e-05
5.4900000000e+00,8.0714003377e-05
5.4910000000e+00,8.0321027518e-05
5.4920000000e+00,7.9929828419e-05
5.4930000000e+00,7.9540398305e-05
5.4940000000e+00,7.9152729430e-05
5.4950000000e+00,7.8766814080e-05
5.4960000000e+00,7.8382644571e-05
5.4970000000e+00,7.8000213250e-05
5.4980000000e+00,7.7619512494e-05
5.4990000000e+00,7.7240534709e-05
5.5000000000e+00,7.6863272332e-05
5.5010000000e+00,7.6487717831e-05
5.5020000000e+00,7.6113863702e-05
5.5030000000e+00,7.5741702471e-05
5.5040000000e+00,7.5371226696e-05
5.5050000000e+00,7.5002428960e-05
5.5060000000e+00,7.4635301879e-05
5.5070000000e+00,7.4269838098e-05
5.5080000000e+00,7.3906030290e-05
5.5090000000e+00,7.3543871156e-05
5.5100000000e+00,7.3183353429e-05
5.5110000000e+00,7.2824469867e-05
5.5120000000e+00,7.2467213262e-05
5.5130000000e+00,7.2111576428e-05
5.5140000000e+00,7.1757552214e-05
5.5150000000e+00,7.1405133492e-05
5.5160000000e+00,7.1054313165e-05
5.5170000000e+00,7.0705084165e-05
5.5180000000e+00,7.0357439449e-05
5.5190000000e+00,7.0011372005e-05
5.5200000000e+00,6.9666874847e-05
5.5210000000e+00,6.9323941018e-05
5.5220000000e+00,6.8982563588e-05
5.5230000000e+00,6.8642735653e-05
5.5240000000e+00,6.8304450339e-05
5.5250000000e+00,6.7967700798e-05
5.5260000000e+00,6.7632480210e-05
5.5270000000e+00,6.7298781781e-05
5.5280000000e+00,6.6966598744e-05
5.5290000000e+00,6.6635924361e-05
5.5300000000e+00,6.6306751917e-05
5.5310000000e+00,6.5979074728e-05
5.5320000000e+00,6.5652886133e-05
5.5330000000e+00,6.5328179500e-05
5.5340000000e+00,6.5004948222e-05
5.5350000000e+00,6.4683185718e-05
5.5360000000e+00,6.4362885435e-05
5.5370000000e+00,6.4044040844e-05
5.5380000000e+00,6.3726645444e-05
5.5390000000e+00,6.3410692757e-05
5.5400000000e+00,6.3096176334e-05
5.5410000000e+00,6.2783089749e-05
5.5420000000e+00,6.2471426604e-05
5.5430000000e+00,6.2161180524e-05
5.5440000000e+00,6.1852345161e-05
5.5450000000e+00,6.1544914193e-05
5.5460000000e+00,6.1238881321e-05
5.5470000000e+00,6.0934240272e-05
5.5480000000e+00,6.0630984799e-05
5.5490000000e+00,6.0329108678e-05
5.5500000000e+00,6.0028605712e-05
5.5510000000e+00,5.9729469726e-05
5.5520000000e+00,5.9431694573e-05
5.5530000000e+00,5.9135274126e-05
5.5540000000e+00,5.8840202288e-05
5.5550000000e+00,5.8546472981e-05
5.5560000000e+00,5.8254080154e-05
5.5570000000e+00,5.7963017780e-05
5.5580000000e+00,5.7673279856e-05
5.5590000000e+00,5.7384860402e-05
5.5600000000e+00,5.7097753462e-05
5.5610000000e+00,5.6811953104e-05
5.5620000000e+00,5.6527453422e-05
5.5630000000e+00,5.6244248528e-05
5.5640000000e+00,5.5962332563e-05
5.5650000000e+00,5.5681699689e-05
5.5660000000e+00,5.5402344091e-05
5.5670000000e+00,5.5124259977e-05
5.5680000000e+00,5.4847441579e-05
5.5690000000e+00,5.4571883152e-05
5.5700000000e+00,5.4297578974e-05
5.5710000000e+00,5.4024523344e-05
5.5720000000e+00,5.3752710587e-05
5.5730000000e+00,5.3482135047e-05
5.5740000000e+00,5.3212791092e-05
5.5750000000e+00,5.2944673115e-05
5.5760000000e+00,5.2677775527e-05
5.5770000000e+00,5.2412092764e-05
5.5780000000e+00,5.2147619284e-05
5.5790000000e+00,5.1884349565e-05
5.5800000000e+00,5.1622278111e-05
5.5810000000e+00,5.1361399444e-05
5.5820000000e+00,5.1101708110e-05
5.5830000000e+00,5.0843198675e-05
5.5840000000e+00,5.0585865729e-05
5.5850000000e+00,5.0329703882e-05
5.5860000000e+00,5.0074707766e-05
5.5870000000e+00,4.9820872034e-05
5.5880000000e+00,4.9568191360e-05
5.5890000000e+00,4.9316660440e-05
5.5900000000e+00,4.9066273991e-05
5.5910000000e+00,4.8817026751e-05
5.5920000000e+00,4.8568913478e-05
5.5930000000e+00,4.8321928954e-05
5.5940000000e+00,4.8076067977e-05
5.5950000000e+00,4.7831325369e-05
5.5960000000e+00,4.7587695973e-05
5.5970000000e+00,4.7345174650e-05
5.5980000000e+00,4.7103756284e-05
5.5990000000e+00,4.6863435777e-05
5.6000000000e+00,4.6624208053e-05
5.6010000000e+00,4.6386068056e-05
5.6020000000e+00,4.6149010750e-05
5.6030000000e+00,4.5913031118e-05
5.6040000000e+00,4.5678124165e-05
5.6050000000e+00,4.5444284914e-05
5.6060000000e+00,4.5211508409e-05
5.6070000000e+00,4.4979789712e-05
5.6080000000e+00,4.4749123907e-05
5.6090000000e+00,4.4519506097e-05
5.6100000000e+00,4.4290931402e-05
5.6110000000e+00,4.4063394965e-05
5.6120000000e+00,4.3836891946e-05
5.6130000000e+00,4.3611417524e-05
5.6140000000e+00,4.3386966900e-05
5.6150000000e+00,4.3163535290e-05
5.6160000000e+00,4.2941117931e-05
5.6170000000e+00,4.2719710081e-05
5.6180000000e+00,4.2499307012e-05
5.6190000000e+00,4.2279904020e-05
5.6200000000e+00,4.2061496416e-05
5.6210000000e+00,4.1844079531e-05
5.6220000000e+00,4.1627648714e-05
5.6230000000e+00,4.1412199334e-05
5.6240000000e+00,4.1197726775e-05
5.6250000000e+00,4.0984226443e-05
5.6260000000e+00,4.0771693760e-05
5.6270000000e+00,4.0560124168e-05
5.6280000000e+00,4.0349513124e-05
5.6290000000e+00,4.0139856106e-05
5.6300000000e+00,3.9931148608e-05
5.6310000000e+00,3.9723386143e-05
5.6320000000e+00,3.9516564241e-05
5.6330000000e+00,3.9310678451e-05
5.6340000000e+00,3.9105724337e-05
5.6350000000e+00,3.8901697483e-05
5.6360000000e+00,3.8698593490e-05
5.6370000000e+00,3.8496407975e-05
5.6380000000e+00,3.8295136574e-05
5.6390000000e+00,3.8094774939e-05
5.6400000000e+00,3.7895318740e-05
5.6410000000e+00,3.7696763663e-05
5.6420000000e+00,3.7499105413e-05
5.6430000000e+00,3.7302339710e-05
5.6440000000e+00,3.7106462292e-05
5.6450000000e+00,3.6911468913e-05
5.6460000000e+00,3.6717355344e-05
5.6470000000e+00,3.6524117373e-05
5.6480000000e+00,3.6331750804e-05
5.6490000000e+00,3.6140251458e-05
5.6500000000e+00,3.5949615172e-05
5.6510000000e+00,3.5759837801e-05
5.6520000000e+00,3.5570915213e-05
5.6530000000e+00,3.5382843296e-05
5.6540000000e+00,3.5195617950e-05
5.6550000000e+00,3.5009235096e-05
5.6560000000e+00,3.4823690667e-05
5.6570000000e+00,3.4638980613e-05
5.6580000000e+00,3.4455100901e-05
5.6590000000e+00,3.4272047512e-05
5.6600000000e+00,3.4089816445e-05
5.6610000000e+00,3.3908403714e-05
5.6620000000e+00,3.3727805346e-05
5.6630000000e+00,3.3548017386e-05
5.6640000000e+00,3.3369035895e-05
5.6650000000e+00,3.3190856948e-05
5.6660000000e+00,3.3013476636e-05
5.6670000000e+00,3.2836891064e-05
5.6680000000e+00,3.2661096354e-05
5.6690000000e+00,3.2486088641e-05
5.6700000000e+00,3.2311864079e-05
5.6710000000e+00,3.2138418831e-05
5.6720000000e+00,3.1965749081e-05
5.6730000000e+00,3.1793851024e-05
5.6740000000e+00,3.1622720871e-05
5.6750000000e+00,3.1452354847e-05
5.6760000000e+00,3.1282749192e-05
5.6770000000e+00,3.1113900163e-05
5.6780000000e+00,3.0945804027e-05
5.6790000000e+00,3.0778457068e-05
5.6800000000e+00,3.0611855586e-05
5.6810000000e+00,3.0445995892e-05
5.6820000000e+00,3.0280874313e-05
5.6830000000e+00,3.0116487190e-05
5.6840000000e+00,2.9952830879e-05
5.6850000000e+00,2.9789901747e-05
5.6860000000e+00,2.9627696180e-05
5.6870000000e+00,2.9466210573e-05
5.6880000000e+00,2.9305441337e-05
5.6890000000e+00,2.9145384898e-05
5.6900000000e+00,2.8986037694e-05
5.6910000000e+00,2.8827396177e-05
5.6920000000e+00,2.8669456814e-05
5.6930000000e+00,2.8512216082e-05
5.6940000000e+00,2.8355670476e-05
5.6950000000e+00,2.8199816501e-05
5.6960000000e+00,2.8044650678e-05
5.6970000000e+00,2.7890169539e-05
5.6980000000e+00,2.7736369630e-05
5.6990000000e+00,2.7583247512e-05
5.7000000000e+00,2.7430799756e-05
5.7010000000e+00,2.7279022948e-05
5.7020000000e+00,2.7127913687e-05
5.7030000000e+00,2.6977468584e-05
5.7040000000e+00,2.6827684263e-05
5.7050000000e+00,2.6678557363e-05
5.7060000000e+00,2.6530084532e-05
5.7070000000e+00,2.6382262434e-05
5.7080000000e+00,2.6235087743e-05
5.7090000000e+00,2.6088557149e-05
5.7100000000e+00,2.5942667350e-05
5.7110000000e+00,2.5797415060e-05
5.7120000000e+00,2.5652797005e-05
5.7130000000e+00,2.5508809921e-05
5.7140000000e+00,2.5365450559e-05
5.7150000000e+00,2.5222715681e-05
5.7160000000e+00,2.5080602060e-05
5.7170000000e+00,2.4939106484e-05
5.7180000000e+00,2.4798225750e-05
5.7190000000e+00,2.4657956669e-05
5.7200000000e+00,2.4518296063e-05
5.7210000000e+00,2.4379240767e-05
5.7220000000e+00,2.4240787625e-05
5.7230000000e+00,2.4102933496e-05
5.7240000000e+00,2.3965675250e-05
5.7250000000e+00,2.3829009766e-05
5.7260000000e+00,2.3692933939e-05
5.7270000000e+00,2.3557444671e-05
5.7280000000e+00,2.3422538878e-05
5.7290000000e+00,2.3288213488e-05
5.7300000000e+00,2.3154465438e-05
5.7310000000e+00,2.3021291678e-05
5.7320000000e+00,2.2888689170e-05
5.7330000000e+00,2.2756654884e-05
5.7340000000e+00,2.2625185804e-05
5.7350000000e+00,2.2494278924e-05
5.7360000000e+00,2.2363931249e-05
5.7370000000e+00,2.2234139796e-05
5.7380000000e+00,2.2104901591e-05
5.7390000000e+00,2.1976213672e-05
5.7400000000e+00,2.1848073088e-05
5.7410000000e+00,2.1720476898e-05
5.7420000000e+00,2.1593422173e-05
5.7430000000e+00,2.1466905992e-05
5.7440000000e+00,2.1340925448e-05
5.7450000000e+00,2.1215477641e-05
5.7460000000e+00,2.1090559684e-05
5.7470000000e+00,2.0966168699e-05
5.7480000000e+00,2.0842301820e-05
5.7490000000e+00,2.0718956190e-05
5.7500000000e+00,2.0596128962e-05
5.7510000000e+00,2.0473817299e-05
5.7520000000e+00,2.0352018376e-05
5.7530000000e+00,2.0230729376e-05
5.7540000000e+00,2.0109947493e-05
5.7550000000e+00,1.9989669931e-05
5.7560000000e+00,1.9869893904e-05
5.7570000000e+00,1.9750616634e-05
5.7580000000e+00,1.9631835357e-05
5.7590000000e+00,1.9513547314e-05
5.7600000000e+00,1.9395749758e-05
5.7610000000e+00,1.9278439953e-05
5.7620000000e+00,1.9161615170e-05
5.7630000000e+00,1.9045272690e-05
5.7640000000e+00,1.8929409805e-05
5.7650000000e+00,1.8814023816e-05
5.7660000000e+00,1.8699112032e-05
5.7670000000e+00,1.8584671773e-05
5.7680000000e+00,1.8470700367e-05
5.7690000000e+00,1.8357195152e-05
5.7700000000e+00,1.8244153475e-05
5.7710000000e+00,1.8131572692e-05
5.7720000000e+00,1.8019450169e-05
5.7730000000e+00,1.7907783278e-05
5.7740000000e+00,1.7796569405e-05
5.7750000000e+00,1.7685805940e-05
5.7760000000e+00,1.7575490285e-05
5.7770000000e+00,1.7465619850e-05
5.7780000000e+00,1.7356192052e-05
5.7790000000e+00,1.7247204320e-05
5.7800000000e+00,1.7138654089e-05
5.7810000000e+00,1.7030538805e-05
5.7820000000e+00,1.6922855919e-05
5.7830000000e+00,1.6815602893e-05
5.7840000000e+00,1.6708777199e-05
5.7850000000e+00,1.6602376314e-05
5.7860000000e+00,1.6496397725e-05
5.7870000000e+00,1.6390838927e-05
5.7880000000e+00,1.6285697424e-05
5.7890000000e+00,1.6180970728e-05
5.7900000000e+00,1.6076656359e-05
5.7910000000e+00,1.5972751844e-05
5.7920000000e+00,1.5869254719e-05
5.7930000000e+00,1.5766162529e-05
5.7940000000e+00,1.5663472826e-05
5.7950000000e+00,1.5561183170e-05
5.7960000000e+00,1.5459291128e-05
5.7970000000e+00,1.5357794276e-05
5.7980000000e+00,1.5256690198e-05
5.7990000000e+00,1.5155976484e-05
5.8000000000e+00,1.5055650735e-05
5.8010000000e+00,1.4955710555e-05
5.8020000000e+00,1.4856153560e-05
5.8030000000e+00,1.4756977371e-05
5.8040000000e+00,1.4658179616e-05
5.8050000000e+00,1.4559757933e-05
5.8060000000e+00,1.4461709965e-05
5.8070000000e+00,1.4364033364e-05
5.8080000000e+00,1.4266725788e-05
5.8090000000e+00,1.4169784903e-05
5.8100000000e+00,1.4073208382e-05
5.8110000000e+00,1.3976993905e-05
5.8120000000e+00,1.3881139159e-05
5.8130000000e+00,1.3785641839e-05
5.8140000000e+00,1.3690499645e-05
5.8150000000e+00,1.3595710287e-05
5.8160000000e+00,1.3501271479e-05
5.8170000000e+00,1.3407180943e-05
5.8180000000e+00,1.3313436409e-05
5.8190000000e+00,1.3220035611e-05
5.8200000000e+00,1.3126976293e-05
5.8210000000e+00,1.3034256202e-05
5.8220000000e+00,1.2941873096e-05
5.8230000000e+00,1.2849824735e-05
5.8240000000e+00,1.2758108890e-05
5.8250000000e+00,1.2666723334e-05
5.8260000000e+00,1.2575665851e-05
5.8270000000e+00,1.2484934227e-05
5.8280000000e+00,1.2394526257e-05
5.8290000000e+00,1.2304439743e-05
5.8300000000e+00,1.2214672491e-05
5.8310000000e+00,1.2125222314e-05
5.8320000000e+00,1.2036087032e-05
5.8330000000e+00,1.1947264470e-05
5.8340000000e+00,1.1858752460e-05
5.8350000000e+00,1.1770548839e-05
5.8360000000e+00,1.1682651452e-05
5.8370000000e+00,1.1595058147e-05
5.8380000000e+00,1.1507766780e-05
5.8390000000e+00,1.1420775213e-05
5.8400000000e+00,1.1334081312e-05
5.8410000000e+00,1.1247682950e-05
5.8420000000e+00,1.1161578005e-05
5.8430000000e+00,1.1075764363e-05
5.8440000000e+00,1.0990239912e-05
5.8450000000e+00,1.0905002549e-05
5.8460000000e+00,1.0820050173e-05
5.8470000000e+00,1.0735380691e-05
5.8480000000e+00,1.0650992016e-05
5.8490000000e+00,1.0566882064e-05
5.8500000000e+00,1.0483048758e-05
5.8510000000e+00,1.0399490026e-05
5.8520000000e+00,1.0316203800e-05
5.8530000000e+00,1.0233188020e-05
5.8540000000e+00,1.0150440628e-05
5.8550000000e+00,1.0067959574e-05
5.8560000000e+00,9.9857428102e-06
5.8570000000e+00,9.9037882962e-06
5.8580000000e+00,9.8220939954e-06
5.8590000000e+00,9.7406578765e-06
5.8600000000e+00,9.6594779129e-06
5.8610000000e+00,9.5785520831e-06
5.8620000000e+00,9.4978783703e-06
5.8630000000e+00,9.4174547623e-06
5.8640000000e+00,9.3372792518e-06
5.8650000000e+00,9.2573498361e-06
5.8660000000e+00,9.1776645172e-06
5.8670000000e+00,9.0982213016e-06
5.8680000000e+00,9.0190182004e-06
5.8690000000e+00,8.9400532291e-06
5.8700000000e+00,8.8613244077e-06
5.8710000000e+00,8.7828297607e-06
5.8720000000e+00,8.7045673168e-06
5.8730000000e+00,8.6265351092e-06
5.8740000000e+00,8.5487311751e-06
5.8750000000e+00,8.4711535561e-06
5.8760000000e+00,8.3938002982e-06
5.8770000000e+00,8.3166694511e-06
5.8780000000e+00,8.2397590688e-06
5.8790000000e+00,8.1630672095e-06
5.8800000000e+00,8.0865919351e-06
5.8810000000e+00,8.0103313117e-06
5.8820000000e+00,7.9342834093e-06
5.8830000000e+00,7.8584463017e-06
5.8840000000e+00,7.7828180665e-06
5.8850000000e+00,7.7073967851e-06
5.8860000000e+00,7.6321805427e-06
5.8870000000e+00,7.5571674282e-06
5.8880000000e+00,7.4823555340e-06
5.8890000000e+00,7.4077429565e-06
5.8900000000e+00,7.3333277951e-06
5.8910000000e+00,7.2591081532e-06
5.8920000000e+00,7.1850821374e-06
5.8930000000e+00,7.1112478579e-06
5.8940000000e+00,7.0376034281e-06
5.8950000000e+00,6.9641469650e-06
5.8960000000e+00,6.8908765887e-06
5.8970000000e+00,6.8177904225e-06
5.8980000000e+00,6.7448865932e-06
5.8990000000e+00,6.6721632305e-06
5.9000000000e+00,6.5996184674e-06
5.9010000000e+00,6.5272504398e-06
5.9020000000e+00,6.4550572868e-06
5.9030000000e+00,6.3830371504e-06
5.9040000000e+00,6.3111881756e-06
5.9050000000e+00,6.2395085102e-06
5.9060000000e+00,6.1679963051e-06
5.9070000000e+00,6.0966497137e-06
5.9080000000e+00,6.0254668924e-06
5.9090000000e+00,5.9544460002e-06
5.9100000000e+00,5.8835851989e-06
5.9110000000e+00,5.8128826529e-06
5.9120000000e+00,5.7423365291e-06
5.9130000000e+00,5.6719449971e-06
5.9140000000e+00,5.6017062288e-06
5.9150000000e+00,5.5316183988e-06
5.9160000000e+00,5.4616796841e-06
5.9170000000e+00,5.3918882638e-06
5.9180000000e+00,5.3222423195e-06
5.9190000000e+00,5.2527400353e-06
5.9200000000e+00,5.1833795973e-06
5.9210000000e+00,5.1141591937e-06
5.9220000000e+00,5.0450770150e-06
5.9230000000e+00,4.9761312540e-06
5.9240000000e+00,4.9073201052e-06
5.9250000000e+00,4.8386417653e-06
5.9260000000e+00,4.7700944330e-06
5.9270000000e+00,4.7016763089e-06
5.9280000000e+00,4.6333855954e-06
5.9290000000e+00,4.5652204969e-06
5.9300000000e+00,4.4971792195e-06
5.9310000000e+00,4.4292599710e-06
5.9320000000e+00,4.3614609611e-06
5.9330000000e+00,4.2937804009e-06
5.9340000000e+00,4.2262165034e-06
5.9350000000e+00,4.1587674829e-06
5.9360000000e+00,4.0914315554e-06
5.9370000000e+00,4.0242069384e-06
5.9380000000e+00,3.9570918507e-06
5.9390000000e+00,3.8900845126e-06
5.9400000000e+00,3.8231831458e-06
5.9410000000e+00,3.7563859731e-06
5.9420000000e+00,3.6896912188e-06
5.9430000000e+00,3.6230971082e-06
5.9440000000e+00,3.5566018680e-06
5.9450000000e+00,3.4902037257e-06
5.9460000000e+00,3.4239009103e-06
5.9470000000e+00,3.3576916515e-06
5.9480000000e+00,3.2915741800e-06
5.9490000000e+00,3.2255467277e-06
5.9500000000e+00,3.1596075271e-06
5.9510000000e+00,3.0937548118e-06
5.9520000000e+00,3.0279868159e-06
5.9530000000e+00,2.9623017747e-06
5.9540000000e+00,2.8966979237e-06
5.9550000000e+00,2.8311734995e-06
5.9560000000e+00,2.7657267391e-06
5.9570000000e+00,2.7003558802e-06
5.9580000000e+00,2.6350591608e-06
5.9590000000e+00,2.5698348197e-06
5.9600000000e+00,2.5046810958e-06
5.9610000000e+00,2.4395962287e-06
5.9620000000e+00,2.3745784582e-06
5.9630000000e+00,2.3096260245e-06
5.9640000000e+00,2.2447371678e-06
5.9650000000e+00,2.1799101287e-06
5.9660000000e+00,2.1151431480e-06
5.9670000000e+00,2.0504344666e-06
5.9680000000e+00,1.9857823253e-06
5.9690000000e+00,1.9211849650e-06
5.9700000000e+00,1.8566406268e-06
5.9710000000e+00,1.7921475513e-06
5.9720000000e+00,1.7277039794e-06
5.9730000000e+00,1.6633081515e-06
5.9740000000e+00,1.5989583080e-06
5.9750000000e+00,1.5346526889e-06
5.9760000000e+00,1.4703895341e-06
5.9770000000e+00,1.4061670828e-06
5.9780000000e+00,1.3419835740e-06
5.9790000000e+00,1.2778372464e-06
5.9800000000e+00,1.2137263379e-06
5.9810000000e+00,1.1496490860e-06
5.9820000000e+00,1.0856037276e-06
5.9830000000e+00,1.0215884990e-06
5.9840000000e+00,9.5760163559e-07
5.9850000000e+00,8.9364137227e-07
5.9860000000e+00,8.2970594305e-07
5.9870000000e+00,7.6579358108e-07
5.9880000000e+00,7.0190251866e-07
5.9890000000e+00,6.3803098713e-07
5.9900000000e+00,5.7417721685e-07
5.9910000000e+00,5.1033943717e-07
5.9920000000e+00,4.4651587631e-07
5.9930000000e+00,3.8270476140e-07
5.9940000000e+00,3.1890431837e-07
5.9950000000e+00,2.5511277192e-07
5.9960000000e+00,1.9132834546e-07
5.9970000000e+00,1.2754926108e-07
5.9980000000e+00,6.3773739505e-08
5.9990000000e+00,0.0000000000e+00
