epoch,loss
0,0.00020520327962003648
1,0.4426431357860565
2,0.0702321007847786
3,0.5720049738883972
4,0.02517346851527691
5,0.06223649904131889
6,0.1939690262079239
7,0.26655954122543335
8,0.2762717306613922
9,0.2336355298757553
10,0.1496618092060089
11,0.05006430298089981
12,0.0015766937285661697
13,0.08269166201353073
14,0.1485864818096161
15,0.07035903632640839
16,0.00511485431343317
17,0.012195039540529251
18,0.046173203736543655
19,0.06887421011924744
20,0.06757444888353348
21,0.04515226185321808
22,0.015445868484675884
23,0.0006606891402043402
24,0.015995969995856285
25,0.040362417697906494
26,0.03512698411941528
27,0.010629735887050629
28,0.0007806325447745621
29,0.00950691569596529
30,0.02132684364914894
31,0.02434278093278408
32,0.016776518896222115
33,0.005444054491817951
34,0.0008692871779203415
35,0.007285441271960735
36,0.014679817482829094
37,0.011589779518544674
38,0.003363419324159622
39,0.0010134645272046328
40,0.00500675942748785
41,0.008859206922352314
42,0.008169946260750294
43,0.003972237464040518
44,0.0009197953040711582
45,0.0022384042385965586
46,0.0053748213686048985
47,0.005307483486831188
48,0.002330812392756343
49,0.0008066067239269614
50,0.002079813275486231
51,0.0037042596377432346
52,0.0034567376133054495
53,0.0017612596275284886
54,0.0007756072445772588
55,0.0015620666090399027
56,0.0026137528475373983
57,0.00219725351780653
58,0.0010403278283774853
59,0.0008079219260253012
60,0.0015036315890029073
61,0.001898468704894185
62,0.0014262807089835405
63,0.0007829505484551191
64,0.0008192332461476326
65,0.0013043612707406282
66,0.0013590960297733545
67,0.0009037253330461681
68,0.0006586029776372015
69,0.0008852547034621239
70,0.0011051420588046312
71,0.0009498274885118008
72,0.0006650877185165882
73,0.0006566058727912605
74,0.0008515639929100871
75,0.000867336115334183
76,0.0006718345102854073
77,0.0005788792041130364
78,0.0006810639752075076
79,0.0007506039110012352
80,0.0006555399158969522
81,0.0005462166154757142
82,0.0005737633327953517
83,0.000644280924461782
84,0.0006083667976781726
85,0.0005210645613260567
86,0.0005142212030477822
87,0.0005623793113045394
88,0.0005553585942834616
89,0.0004949652939103544
90,0.0004726778715848923
91,0.0005013952613808215
92,0.0005047886515967548
93,0.0004640154365915805
94,0.0004411612171679735
95,0.0004562899121083319
96,0.0004606004513334483
97,0.0004334754485171288
98,0.0004133049806114286
99,0.00042025407310575247
100,0.00042307976400479674
101,0.000403775047743693
102,0.0003879138093907386
103,0.0003906152560375631
104,0.0003910586528945714
105,0.00037664250703528523
106,0.0003644343523774296
107,0.0003648290003184229
108,0.0003633954329416156
109,0.00035196548560634255
110,0.00034282609703950584
111,0.00034205082920379937
112,0.0003391935024410486
113,0.00032987070153467357
114,0.0003230022848583758
115,0.0003215282631572336
116,0.00031776042305864394
117,0.00031004665652289987
118,0.0003049001097679138
119,0.0003029097570106387
120,0.0002986435720231384
121,0.00029230985091999173
122,0.0002883498964365572
123,0.00028595395269803703
124,0.00028155368636362255
125,0.0002764102246146649
126,0.00027323586982674897
127,0.00027049562777392566
128,0.00026625010650604963
129,0.0002621291787363589
130,0.00025939621264114976
131,0.000256435654591769
132,0.0002525626914575696
133,0.00024924814351834357
134,0.0002467139856889844
135,0.00024369152379222214
136,0.00024030759232118726
137,0.0002375734329689294
138,0.0002351096336496994
139,0.0002321829815628007
140,0.000229308643611148
141,0.0002269385731779039
142,0.00022451061522588134
143,0.00022182083921507
144,0.00021939368161838502
145,0.00021722451492678374
146,0.00021487900812644511
147,0.00021250368445180357
148,0.0002103994193021208
149,0.00020834035240113735
150,0.00020615859830286354
151,0.00020409566059242934
152,0.00020219779980834574
153,0.00020024532568641007
154,0.00019828378572128713
155,0.00019646964210551232
156,0.00019470277766231447
157,0.00019289276679046452
158,0.00019115456962026656
159,0.00018951449601445347
160,0.0001878612965811044
161,0.00018622189236339182
162,0.0001846715313149616
163,0.00018315331544727087
164,0.00018162792548537254
165,0.00018015889509115368
166,0.00017874606419354677
167,0.00017733476124703884
168,0.00017594938981346786
169,0.00017462116375099868
170,0.0001733118697302416
171,0.00017201443552039564
172,0.00017076131189242005
173,0.00016953973681665957
174,0.00016832741675898433
175,0.00016714507364667952
176,0.00016599874652456492
177,0.00016486529784742743
178,0.00016375177074223757
179,0.00016267089813482016
180,0.0001616085646674037
181,0.00016056127788033336
182,0.00015954053378663957
183,0.00015854169032536447
184,0.0001575552305439487
185,0.000156590758706443
186,0.0001556470524519682
187,0.0001547174615552649
188,0.00015380508557427675
189,0.00015291268937289715
190,0.00015203439397737384
191,0.00015117072325665504
192,0.00015032470400910825
193,0.00014949336764402688
194,0.00014867429854348302
195,0.0001478705380577594
196,0.00014708153321407735
197,0.00014630430086981505
198,0.00014553994697052985
199,0.00014478969387710094
200,0.0001440505584469065
201,0.000143322569783777
202,0.00014260673196986318
203,0.0001419023610651493
204,0.000141208030981943
205,0.00014052486221771687
206,0.0001398522435920313
207,0.0001391889963997528
208,0.0001385360665153712
209,0.00013789271179120988
210,0.0001372583647025749
211,0.00013663325808010995
212,0.0001360172318527475
213,0.0001354094420094043
214,0.00013481004862114787
215,0.00013421867333818227
216,0.00013363528705667704
217,0.00013305952597875148
218,0.00013249147741589695
219,0.00013193063205108047
220,0.00013137684436514974
221,0.00013083017256576568
222,0.00013029013643972576
223,0.0001297568524023518
224,0.00012923002941533923
225,0.0001287094346480444
226,0.00012819528637919575
227,0.000127687249914743
228,0.00012718525249511003
229,0.00012668866838794202
230,0.00012619796325452626
231,0.0001257128024008125
232,0.0001252331567229703
233,0.0001247588952537626
234,0.00012428978516254574
235,0.0001238257682416588
236,0.0001233664806932211
237,0.00012291200982872397
238,0.00012246250116731972
239,0.00012201731442473829
240,0.00012157696619397029
241,0.00012114085257053375
242,0.00012070917728124186
243,0.00012028172932332382
244,0.00011985861056018621
245,0.00011943968274863437
246,0.00011902465485036373
247,0.00011861345410579816
248,0.000118206262413878
249,0.00011780275963246822
250,0.00011740312038455158
251,0.00011700705363182351
252,0.00011661463940981776
253,0.00011622574675129727
254,0.00011584058665903285
255,0.00011545867164386436
256,0.00011507995805004612
257,0.00011470474419184029
258,0.0001143327317549847
259,0.00011396377522032708
260,0.00011359784548403695
261,0.00011323515354888514
262,0.00011287561937933788
263,0.00011251874821027741
264,0.0001121649838751182
265,0.000111813897092361
266,0.00011146571341669187
267,0.00011112042557215318
268,0.00011077764065703377
269,0.00011043755512218922
270,0.00011010053276550025
271,0.00010976578778354451
272,0.00010943359666271135
273,0.00010910416312981397
274,0.00010877681779675186
275,0.00010845220822375268
276,0.00010812972323037684
277,0.00010780987940961495
278,0.00010749228385975584
279,0.00010717692202888429
280,0.00010686366294976324
281,0.00010655270307324827
282,0.00010624376591295004
283,0.00010593717888696119
284,0.00010563251271378249
285,0.00010533020395087078
286,0.00010502991790417582
287,0.00010473166184965521
288,0.0001044352538883686
289,0.0001041409486788325
290,0.00010384844790678471
291,0.00010355827544117346
292,0.00010326958727091551
293,0.00010298300912836567
294,0.00010269808990415186
295,0.00010241498239338398
296,0.00010213370114797726
297,0.00010185417340835556
298,0.00010157623182749376
299,0.00010130008740816265
300,0.00010102587111759931
301,0.00010075318277813494
302,0.00010048206604551524
303,0.00010021257912740111
304,9.994446008931845e-05
305,9.967810910893604e-05
306,9.941323514794931e-05
307,9.914998372551054e-05
308,9.88881874945946e-05
309,9.862791193882003e-05
310,9.836899698711932e-05
311,9.811161726247519e-05
312,9.785566362552345e-05
313,9.760127431945875e-05
314,9.734826744534075e-05
315,9.709636651678011e-05
316,9.684589895186946e-05
317,9.659694478614256e-05
318,9.634927846491337e-05
319,9.610281995264813e-05
320,9.585762745700777e-05
321,9.56137664616108e-05
322,9.537106961943209e-05
323,9.512969700153917e-05
324,9.488945943303406e-05
325,9.465033508604392e-05
326,9.441254223929718e-05
327,9.417603723704815e-05
328,9.394063818035647e-05
329,9.370627230964601e-05
330,9.34730633161962e-05
331,9.324101120000705e-05
332,9.301005047746003e-05
333,9.278012294089422e-05
334,9.255125041818246e-05
335,9.232358570443466e-05
336,9.209715790348127e-05
337,9.187163959722966e-05
338,9.164695075014606e-05
339,9.142343333223835e-05
340,9.120080358115956e-05
341,9.097933798329905e-05
342,9.075871639652178e-05
343,9.053912799572572e-05
344,9.032044181367382e-05
345,9.01028688531369e-05
346,8.988621993921697e-05
347,8.967053872765973e-05
348,8.945577428676188e-05
349,8.924210851546377e-05
350,8.902924309950322e-05
351,8.881713438313454e-05
352,8.860595698934048e-05
353,8.839559450279921e-05
354,8.818610513117164e-05
355,8.797744521871209e-05
356,8.776965114520863e-05
357,8.756279567023739e-05
358,8.735670417081565e-05
359,8.715132571524009e-05
360,8.69468494784087e-05
361,8.674334094393998e-05
362,8.654056000523269e-05
363,8.633857942186296e-05
364,8.613731915829703e-05
365,8.593699749326333e-05
366,8.573729428462684e-05
367,8.553834049962461e-05
368,8.533999789506197e-05
369,8.514248474966735e-05
370,8.494567009620368e-05
371,8.474965579807758e-05
372,8.455441275145859e-05
373,8.436004281975329e-05
374,8.416635682806373e-05
375,8.397331112064421e-05
376,8.378100028494373e-05
377,8.358940249308944e-05
378,8.339849591720849e-05
379,8.320822234963998e-05
380,8.301857451442629e-05
381,8.282977069029585e-05
382,8.264162170235068e-05
383,8.245410572271794e-05
384,8.226733916671947e-05
385,8.208128565456718e-05
386,8.189587242668495e-05
387,8.171125227818266e-05
388,8.152723603416234e-05
389,8.134378731483594e-05
390,8.116103708744049e-05
391,8.097894169623032e-05
392,8.079739200184122e-05
393,8.061646803980693e-05
394,8.043622074183077e-05
395,8.025648276088759e-05
396,8.007745782379061e-05
397,7.989916775841266e-05
398,7.972136518219486e-05
399,7.954422471811995e-05
400,7.9367782745976e-05
401,7.91919301263988e-05
402,7.901665958343074e-05
403,7.884197111707181e-05
404,7.86679083830677e-05
405,7.849434041418135e-05
406,7.832146366126835e-05
407,7.814915443304926e-05
408,7.797748548910022e-05
409,7.78063404140994e-05
410,7.7635828347411e-05
411,7.746594201307744e-05
412,7.729655044386163e-05
413,7.712777733104303e-05
414,7.69595499150455e-05
415,7.679187547182664e-05
416,7.662469579372555e-05
417,7.645813457202166e-05
418,7.629210449522361e-05
419,7.612672925461084e-05
420,7.59618342272006e-05
421,7.579755765618756e-05
422,7.563392864540219e-05
423,7.547076529590413e-05
424,7.530814764322713e-05
425,7.514601747971028e-05
426,7.498452032450587e-05
427,7.482348883058876e-05
428,7.466308306902647e-05
429,7.450328121194616e-05
430,7.434398867189884e-05
431,7.418523455271497e-05
432,7.402703340630978e-05
433,7.386938523268327e-05
434,7.371212996076792e-05
435,7.35553985578008e-05
436,7.339930743910372e-05
437,7.324379112105817e-05
438,7.308890053536743e-05
439,7.293430098798126e-05
440,7.278050179593265e-05
441,7.262706640176475e-05
442,7.247419125633314e-05
443,7.232181815197691e-05
444,7.217010715976357e-05
445,7.20188400009647e-05
446,7.186809671111405e-05
447,7.171784818638116e-05
448,7.15682253940031e-05
449,7.141901733120903e-05
450,7.127035496523604e-05
451,7.112230377970263e-05
452,7.097472553141415e-05
453,7.082764932420105e-05
454,7.068119884934276e-05
455,7.05351194483228e-05
456,7.038961484795436e-05
457,7.024461956461892e-05
458,7.010018453001976e-05
459,6.995633884798735e-05
460,6.98129297234118e-05
461,6.967003719182685e-05
462,6.95276539772749e-05
463,6.9385816459544e-05
464,6.924459739821032e-05
465,6.910391675774008e-05
466,6.896368722664192e-05
467,6.882395246066153e-05
468,6.868468335596845e-05
469,6.854598177596927e-05
470,6.840781861683354e-05
471,6.82700629113242e-05
472,6.813286745455116e-05
473,6.799613038310781e-05
474,6.786006997572258e-05
475,6.772445340175182e-05
476,6.758933886885643e-05
477,6.745467544533312e-05
478,6.732052133884281e-05
479,6.718701479258016e-05
480,6.705398845952004e-05
481,6.692152965115383e-05
482,6.678941281279549e-05
483,6.665789987891912e-05
484,6.652694719377905e-05
485,6.639637285843492e-05
486,6.626636604778469e-05
487,6.613686127820984e-05
488,6.600781489396468e-05
489,6.58793724142015e-05
490,6.575127190444618e-05
491,6.562378985108808e-05
492,6.54968898743391e-05
493,6.537052831845358e-05
494,6.524466880364344e-05
495,6.511924584629014e-05
496,6.499441951746121e-05
497,6.487010978162289e-05
498,6.474629481090233e-05
499,6.462294550146908e-05
500,6.450012006098405e-05
501,6.437782576540485e-05
502,6.425589526770636e-05
503,6.413456139853224e-05
504,6.401364953489974e-05
505,6.38933342997916e-05
506,6.377356476150453e-05
507,6.365429726429284e-05
508,6.35354736004956e-05
509,6.341718835756183e-05
510,6.329936877591535e-05
511,6.318205123534426e-05
512,6.306507566478103e-05
513,6.294860213529319e-05
514,6.283268885454163e-05
515,6.27172994427383e-05
516,6.26023902441375e-05
517,6.248798308661208e-05
518,6.237401976250112e-05
519,6.226062396308407e-05
520,6.214759923750535e-05
521,6.203512020874768e-05
522,6.192313594510779e-05
523,6.181155185913667e-05
524,6.1700506194029e-05
525,6.158999894978479e-05
526,6.147991371108219e-05
527,6.137033051345497e-05
528,6.126126390881836e-05
529,6.115253927418962e-05
530,6.104441854404286e-05
531,6.093672709539533e-05
532,6.08295995334629e-05
533,6.0722912166966125e-05
534,6.0616737755481154e-05
535,6.0511036281241104e-05
536,6.040580046828836e-05
537,6.0300932091195136e-05
538,6.019661304890178e-05
539,6.0092657804489136e-05
540,5.9989310102537274e-05
541,5.9886409871978685e-05
542,5.978400440653786e-05
543,5.968206096440554e-05
544,5.9580663219094276e-05
545,5.947967656538822e-05
546,5.9379181038821116e-05
547,5.9279209381202236e-05
548,5.9179663367103785e-05
549,5.908064849791117e-05
550,5.8981982874684036e-05
551,5.888396844966337e-05
552,5.878624870092608e-05
553,5.8689096476882696e-05
554,5.859220982529223e-05
555,5.849582885275595e-05
556,5.839994264533743e-05
557,5.830445297760889e-05
558,5.820939259137958e-05
559,5.811486698803492e-05
560,5.8020705182570964e-05
561,5.7927038142224774e-05
562,5.78338404011447e-05
563,5.774117016699165e-05
564,5.76489583181683e-05
565,5.755714300903492e-05
566,5.746575698140077e-05
567,5.737482933909632e-05
568,5.7284225476905704e-05
569,5.7194221881218255e-05
570,5.71045238757506e-05
571,5.7015280617633834e-05
572,5.6926492106867954e-05
573,5.6838125601643696e-05
574,5.675021748174913e-05
575,5.6662662245798856e-05
576,5.6575576309114695e-05
577,5.648900332744233e-05
578,5.640277231577784e-05
579,5.6317014241358265e-05
580,5.6231667258543894e-05
581,5.614670953946188e-05
582,5.606221384368837e-05
583,5.597809285973199e-05
584,5.589445572695695e-05
585,5.58112224098295e-05
586,5.572845111601055e-05
587,5.564601087826304e-05
588,5.5563996284035966e-05
589,5.548241824726574e-05
590,5.540120764635503e-05
591,5.5320484534604475e-05
592,5.524016887648031e-05
593,5.5160220654215664e-05
594,5.508069079951383e-05
595,5.5001553846523166e-05
596,5.492279524332844e-05
597,5.4844480473548174e-05
598,5.4766522225691006e-05
599,5.468896415550262e-05
600,5.461182081489824e-05
601,5.4535092203877866e-05
602,5.445884380606003e-05
603,5.4382820962928236e-05
604,5.4307405662257224e-05
605,5.4232252296060324e-05
606,5.4157520935405046e-05
607,5.408318975241855e-05
608,5.400915688369423e-05
609,5.393555693444796e-05
610,5.386236807680689e-05
611,5.3789521189173684e-05
612,5.3717030823463574e-05
613,5.3644926083507016e-05
614,5.3573287004837766e-05
615,5.350198989617638e-05
616,5.3430998377734795e-05
617,5.336035246727988e-05
618,5.329012856236659e-05
619,5.32202138856519e-05
620,5.3150772146182135e-05
621,5.308165054884739e-05
622,5.301283090375364e-05
623,5.294440052239224e-05
624,5.287624662742019e-05
625,5.2808562031714246e-05
626,5.274121213005856e-05
627,5.2674164180643857e-05
628,5.2607556426664814e-05
629,5.2541170589393005e-05
630,5.247520311968401e-05
631,5.240964310360141e-05
632,5.234422496869229e-05
633,5.227929796092212e-05
634,5.221464016358368e-05
635,5.215036071604118e-05
636,5.208652510191314e-05
637,5.20228932145983e-05
638,5.1959690608782694e-05
639,5.1896819059038535e-05
640,5.18342167197261e-05
641,5.177200000616722e-05
642,5.171001612325199e-05
643,5.1648541557369754e-05
644,5.15872125106398e-05
645,5.152628727955744e-05
646,5.146572948433459e-05
647,5.140541907167062e-05
648,5.1345446991035715e-05
649,5.1285827794345096e-05
650,5.1226499635959044e-05
651,5.116744796396233e-05
652,5.110880738357082e-05
653,5.105037416797131e-05
654,5.099228656035848e-05
655,5.093447907711379e-05
656,5.087698082206771e-05
657,5.081993731437251e-05
658,5.0763053877744824e-05
659,5.070660336059518e-05
660,5.065036748419516e-05
661,5.059443356003612e-05
662,5.0538816140033305e-05
663,5.048354069003835e-05
664,5.0428450776962563e-05
665,5.037377923144959e-05
666,5.031932960264385e-05
667,5.026522558182478e-05
668,5.0211441703140736e-05
669,5.015793431084603e-05
670,5.0104703404940665e-05
671,5.0051676225848496e-05
672,4.9999001930700615e-05
673,4.9946615035878494e-05
674,4.989447188563645e-05
675,4.984261977369897e-05
676,4.979109507985413e-05
677,4.9739766836864874e-05
678,4.968875146005303e-05
679,4.9638005293672904e-05
680,4.95875246997457e-05
681,4.953724055667408e-05
682,4.948737841914408e-05
683,4.943764361087233e-05
684,4.938819256494753e-05
685,4.933905802317895e-05
686,4.9290229071630165e-05
687,4.924157110508531e-05
688,4.919324419461191e-05
689,4.914507735520601e-05
690,4.909717972623184e-05
691,4.904954766971059e-05
692,4.900219937553629e-05
693,4.895514211966656e-05
694,4.890840136795305e-05
695,4.886177339358255e-05
696,4.8815400077728555e-05
697,4.876925959251821e-05
698,4.872339923167601e-05
699,4.8677738959668204e-05
700,4.8632569814799353e-05
701,4.8587397031951696e-05
702,4.854259896092117e-05
703,4.849804099649191e-05
704,4.845360672334209e-05
705,4.840947804041207e-05
706,4.836564403376542e-05
707,4.8321995564037934e-05
708,4.827860539080575e-05
709,4.823545896215364e-05
710,4.8192549002124e-05
711,4.814981366507709e-05
712,4.8107402108144015e-05
713,4.8065172450151294e-05
714,4.8023164708865806e-05
715,4.7981375246308744e-05
716,4.793981133843772e-05
717,4.7898487537167966e-05
718,4.7857283789198846e-05
719,4.781641109730117e-05
720,4.777575304615311e-05
721,4.773520413436927e-05
722,4.76950008305721e-05
723,4.765499761560932e-05
724,4.7615121729904786e-05
725,4.757548595080152e-05
726,4.753606845042668e-05
727,4.749686559080146e-05
728,4.745789192384109e-05
729,4.741910015582107e-05
730,4.7380504838656634e-05
731,4.734213507617824e-05
732,4.730394357466139e-05
733,4.7265970351872966e-05
734,4.722819721791893e-05
735,4.719058415503241e-05
736,4.715320028481074e-05
737,4.711603105533868e-05
738,4.707904008682817e-05
739,4.70422746730037e-05
740,4.700562931247987e-05
741,4.696916585089639e-05
742,4.693288428825326e-05
743,4.6896904677851126e-05
744,4.686103784479201e-05
745,4.682537473854609e-05
746,4.6789955376880243e-05
747,4.6754739742027596e-05
748,4.671963688451797e-05
749,4.668474502977915e-05
750,4.665004962589592e-05
751,4.661551065510139e-05
752,4.658115722122602e-05
753,4.65469311166089e-05
754,4.651298149838112e-05
755,4.64791628473904e-05
756,4.644554064725526e-05
757,4.641212217393331e-05
758,4.637886740965769e-05
759,4.6345721784746274e-05
760,4.63128017145209e-05
761,4.628007809515111e-05
762,4.624743451131508e-05
763,4.6215089241741225e-05
764,4.6182827645679936e-05
765,4.6150806156219915e-05
766,4.611881377059035e-05
767,4.60870869574137e-05
768,4.605550930136815e-05
769,4.602413173415698e-05
770,4.599290696205571e-05
771,4.5961780415382236e-05
772,4.5930886699352413e-05
773,4.5900098484707996e-05
774,4.586947034113109e-05
775,4.583896588883363e-05
776,4.580872700898908e-05
777,4.5778560888720676e-05
778,4.5748554839519784e-05
779,4.571870158542879e-05
780,4.568899021251127e-05
781,4.5659562601940706e-05
782,4.563005859381519e-05
783,4.5600911107612774e-05
784,4.55717854492832e-05
785,4.554292172542773e-05
786,4.551401798380539e-05
787,4.548543438431807e-05
788,4.54569271823857e-05
789,4.5428623707266524e-05
790,4.540032387012616e-05
791,4.537227505352348e-05
792,4.534439722192474e-05
793,4.5316643081605434e-05
794,4.528895078692585e-05
795,4.526150587480515e-05
796,4.523415555013344e-05
797,4.5206950744614005e-05
798,4.517980414675549e-05
799,4.5152923121349886e-05
800,4.512607483775355e-05
801,4.5099386625224724e-05
802,4.507280755206011e-05
803,4.504646494751796e-05
804,4.5020191464573145e-05
805,4.499413262237795e-05
806,4.496816109167412e-05
807,4.49422441306524e-05
808,4.491658910410479e-05
809,4.4891046854900196e-05
810,4.4865581003250554e-05
811,4.484022065298632e-05
812,4.4815016735810786e-05
813,4.478998016566038e-05
814,4.4765030907001346e-05
815,4.4740150769939646e-05
816,4.471549982554279e-05
817,4.46909834863618e-05
818,4.466644168132916e-05
819,4.4642169086728245e-05
820,4.461790740606375e-05
821,4.459384945221245e-05
822,4.4569893361767754e-05
823,4.454600639292039e-05
824,4.452225039131008e-05
825,4.4498665374703705e-05
826,4.4475200411397964e-05
827,4.4451819121604785e-05
828,4.442859790287912e-05
829,4.440551492734812e-05
830,4.438237738213502e-05
831,4.435955634107813e-05
832,4.4336713472148404e-05
833,4.431406705407426e-05
834,4.429142427397892e-05
835,4.426895975484513e-05
836,4.424660437507555e-05
837,4.422438723850064e-05
838,4.42022064817138e-05
839,4.41801457782276e-05
840,4.4158234231872484e-05
841,4.413642454892397e-05
842,4.411464760778472e-05
843,4.4093034375691786e-05
844,4.407148662721738e-05
845,4.4050080759916455e-05
846,4.40287622041069e-05
847,4.400755278766155e-05
848,4.398641976877116e-05
849,4.3965505028609186e-05
850,4.3944564822595567e-05
851,4.392373375594616e-05
852,4.3903030018555e-05
853,4.388242450659163e-05
854,4.386187720228918e-05
855,4.3841468141181394e-05
856,4.382111001177691e-05
857,4.38008937635459e-05
858,4.378074299893342e-05
859,4.37607268395368e-05
860,4.3740768887801096e-05
861,4.372097464511171e-05
862,4.370118767837994e-05
863,4.368154986877926e-05
864,4.3661999370669946e-05
865,4.3642561649903655e-05
866,4.362318213679828e-05
867,4.36038535553962e-05
868,4.3584634113358334e-05
869,4.356557838036679e-05
870,4.3546544475248083e-05
871,4.35276233474724e-05
872,4.350882227299735e-05
873,4.349008304416202e-05
874,4.347142385086045e-05
875,4.345279376138933e-05
876,4.3434338294900954e-05
877,4.341599196777679e-05
878,4.339760562288575e-05
879,4.3379346607252955e-05
880,4.3361196730984375e-05
881,4.3343159632058814e-05
882,4.332514072302729e-05
883,4.330725278123282e-05
884,4.32894412369933e-05
885,4.3271669710520655e-05
886,4.325398549553938e-05
887,4.3236392230028287e-05
888,4.321894084569067e-05
889,4.320144944358617e-05
890,4.318405262893066e-05
891,4.316680133342743e-05
892,4.314963734941557e-05
893,4.313249155529775e-05
894,4.311544034862891e-05
895,4.309849828132428e-05
896,4.30816289735958e-05
897,4.3064821511507034e-05
898,4.304813774069771e-05
899,4.303151581552811e-05
900,4.301487933844328e-05
901,4.299839201848954e-05
902,4.298199201002717e-05
903,4.296562838135287e-05
904,4.2949348426191136e-05
905,4.293316669645719e-05
906,4.2916977690765634e-05
907,4.290094875614159e-05
908,4.288493801141158e-05
909,4.286903276806697e-05
910,4.285322575015016e-05
911,4.283737143850885e-05
912,4.282167355995625e-05
913,4.2806044803000987e-05
914,4.2790459701791406e-05
915,4.2775060137500986e-05
916,4.2759602365549654e-05
917,4.274415914551355e-05
918,4.272888691048138e-05
919,4.271363286534324e-05
920,4.269846249371767e-05
921,4.268341581337154e-05
922,4.2668347305152565e-05
923,4.2653373384382576e-05
924,4.2638424929464236e-05
925,4.262360016582534e-05
926,4.260882269591093e-05
927,4.2594132537487894e-05
928,4.2579522414598614e-05
929,4.256494139553979e-05
930,4.255039675626904e-05
931,4.253594306646846e-05
932,4.2521529394434765e-05
933,4.250722849974409e-05
934,4.2492996726650745e-05
935,4.24787649535574e-05
936,4.246456592227332e-05
937,4.245048330631107e-05
938,4.243642615620047e-05
939,4.242245267960243e-05
940,4.240855196258053e-05
941,4.2394662159495056e-05
942,4.2380801460240036e-05
943,4.236703898641281e-05
944,4.2353320168331265e-05
945,4.23396922997199e-05
946,4.2326089896960184e-05
947,4.231256025377661e-05
948,4.229908518027514e-05
949,4.2285610106773674e-05
950,4.2272251448594034e-05
951,4.225893280818127e-05
952,4.2245661461493e-05
953,4.223256837576628e-05
954,4.221937706461176e-05
955,4.220627306494862e-05
956,4.219323818688281e-05
957,4.218023605062626e-05
958,4.216730667394586e-05
959,4.215446097077802e-05
960,4.2141644371440634e-05
961,4.2128947825403884e-05
962,4.21161821577698e-05
963,4.210356928524561e-05
964,4.2090981878573075e-05
965,4.207841993775219e-05
966,4.2065963498316705e-05
967,4.205350705888122e-05
968,4.204112701700069e-05
969,4.202872878522612e-05
970,4.201643241685815e-05
971,4.20041978941299e-05
972,4.199196700938046e-05
973,4.1979827074101195e-05
974,4.196770169073716e-05
975,4.195568180875853e-05
976,4.194364737486467e-05
977,4.193169661448337e-05
978,4.1919822251657024e-05
979,4.1907962440745905e-05
980,4.189617175143212e-05
981,4.188436651020311e-05
982,4.187259401078336e-05
983,4.186093065072782e-05
984,4.184927820460871e-05
985,4.1837662138277665e-05
986,4.1826067899819463e-05
987,4.181458643870428e-05
988,4.180311589152552e-05
989,4.179169627605006e-05
990,4.178032395429909e-05
991,4.1768973460420966e-05
992,4.175765934633091e-05
993,4.174642890575342e-05
994,4.1735176637303084e-05
995,4.1724004404386505e-05
996,4.171295222477056e-05
997,4.170185638940893e-05
998,4.16908624174539e-05
999,4.167982842773199e-05
1000,4.166888174950145e-05
1001,4.16579787270166e-05
1002,4.164711572229862e-05
1003,4.16363327531144e-05
1004,4.1625597077654675e-05
1005,4.161481774644926e-05
1006,4.1604107536841184e-05
1007,4.159340824116953e-05
1008,4.158279625698924e-05
1009,4.1572297050151974e-05
1010,4.1561714169802144e-05
1011,4.155121132498607e-05
1012,4.154075213591568e-05
1013,4.153038025833666e-05
1014,4.1519997466821223e-05
1015,4.150965833105147e-05
1016,4.149940286879428e-05
1017,4.1489136492600664e-05
1018,4.1478902858216316e-05
1019,4.146872379351407e-05
1020,4.145862112636678e-05
1021,4.1448467527516186e-05
1022,4.1438419430051e-05
1023,4.142834586673416e-05
1024,4.141836689086631e-05
1025,4.140843157074414e-05
1026,4.139848897466436e-05
1027,4.138864460401237e-05
1028,4.137880387133919e-05
1029,4.136895586270839e-05
1030,4.135918788961135e-05
1031,4.134944538236596e-05
1032,4.1339691961184144e-05
1033,4.1330073145218194e-05
1034,4.1320377931697294e-05
1035,4.131081732339226e-05
1036,4.130126762902364e-05
1037,4.129176522837952e-05
1038,4.128224099986255e-05
1039,4.127278953092173e-05
1040,4.1263359889853746e-05
1041,4.1253941162722185e-05
1042,4.1244573367293924e-05
1043,4.123523467569612e-05
1044,4.1225859604310244e-05
1045,4.1216615500161424e-05
1046,4.1207371396012604e-05
1047,4.119816730963066e-05
1048,4.118894867133349e-05
1049,4.117982825846411e-05
1050,4.117069693165831e-05
1051,4.1161663830280304e-05
1052,4.115261253900826e-05
1053,4.114357216167264e-05
1054,4.1134670027531683e-05
1055,4.112574242753908e-05
1056,4.111683301744051e-05
1057,4.110797817702405e-05
1058,4.109908695681952e-05
1059,4.10902539442759e-05
1060,4.108146094949916e-05
1061,4.107270433451049e-05
1062,4.106397318537347e-05
1063,4.105529296793975e-05
1064,4.104658364667557e-05
1065,4.1037961636902764e-05
1066,4.1029317799257115e-05
1067,4.102075399714522e-05
1068,4.1012153815245256e-05
1069,4.1003622754942626e-05
1070,4.099513898836449e-05
1071,4.098669160157442e-05
1072,4.0978229662869126e-05
1073,4.096982956980355e-05
1074,4.09614403906744e-05
1075,4.095310578122735e-05
1076,4.094474934390746e-05
1077,4.09364074585028e-05
1078,4.092820381629281e-05
1079,4.091986556886695e-05
1080,4.0911669202614576e-05
1081,4.090352013008669e-05
1082,4.089529102202505e-05
1083,4.088722198503092e-05
1084,4.0879134758142754e-05
1085,4.087101115146652e-05
1086,4.086293847649358e-05
1087,4.085486216354184e-05
1088,4.084692773176357e-05
1089,4.0838931454345584e-05
1090,4.083095700480044e-05
1091,4.082305895281024e-05
1092,4.08151354349684e-05
1093,4.080724829691462e-05
1094,4.0799401176627725e-05
1095,4.079156860825606e-05
1096,4.078375059179962e-05
1097,4.0776008972898126e-05
1098,4.0768292819848284e-05
1099,4.076051482115872e-05
1100,4.0752816858002916e-05
1101,4.07451152568683e-05
1102,4.07374718633946e-05
1103,4.0729875763645396e-05
1104,4.0722283301874995e-05
1105,4.071473085787147e-05
1106,4.070717841386795e-05
1107,4.069965143571608e-05
1108,4.069214264745824e-05
1109,4.068464841111563e-05
1110,4.067720510647632e-05
1111,4.066979818162508e-05
1112,4.066238034283742e-05
1113,4.0655035263625905e-05
1114,4.0647668356541544e-05
1115,4.064027234562673e-05
1116,4.0633007301948965e-05
1117,4.0625676774652675e-05
1118,4.06184044550173e-05
1119,4.061116851516999e-05
1120,4.060392893734388e-05
1121,4.059674756717868e-05
1122,4.058956983499229e-05
1123,4.058242848259397e-05
1124,4.057525802636519e-05
1125,4.056812758790329e-05
1126,4.056109901284799e-05
1127,4.055401950608939e-05
1128,4.05469472752884e-05
1129,4.053994416608475e-05
1130,4.053295197081752e-05
1131,4.0525956137571484e-05
1132,4.051897849421948e-05
1133,4.0512033592676744e-05
1134,4.050508141517639e-05
1135,4.0498198359273374e-05
1136,4.049127528560348e-05
1137,4.0484461351297796e-05
1138,4.047762558911927e-05
1139,4.047073525725864e-05
1140,4.0463946788804606e-05
1141,4.0457191062159836e-05
1142,4.045045716338791e-05
1143,4.044371235067956e-05
1144,4.043698572786525e-05
1145,4.0430310036754236e-05
1146,4.0423667087452486e-05
1147,4.041698048240505e-05
1148,4.0410359360976145e-05
1149,4.040376006742008e-05
1150,4.039720806758851e-05
1151,4.039060149807483e-05
1152,4.0384016756433994e-05
1153,4.037753024022095e-05
1154,4.037099643028341e-05
1155,4.0364499000133947e-05
1156,4.035806705360301e-05
1157,4.035154415760189e-05
1158,4.034507219330408e-05
1159,4.033873847220093e-05
1160,4.033232471556403e-05
1161,4.032599463243969e-05
1162,4.031956268590875e-05
1163,4.031322168884799e-05
1164,4.030689160572365e-05
1165,4.030060154036619e-05
1166,4.029426054330543e-05
1167,4.028803596156649e-05
1168,4.0281742258230224e-05
1169,4.027550312457606e-05
1170,4.026936221634969e-05
1171,4.0263141272589564e-05
1172,4.0257000364363194e-05
1173,4.025081580039114e-05
1174,4.0244663978228346e-05
1175,4.023852670798078e-05
1176,4.023240035166964e-05
1177,4.022629218525253e-05
1178,4.02202240366023e-05
1179,4.0214155887952074e-05
1180,4.0208102291217074e-05
1181,4.020208871224895e-05
1182,4.019603511551395e-05
1183,4.0189999708672985e-05
1184,4.018408799311146e-05
1185,4.0178165363613516e-05
1186,4.017208266304806e-05
1187,4.0166243707062677e-05
1188,4.0160291973734275e-05
1189,4.01543547923211e-05
1190,4.014847945654765e-05
1191,4.014258593088016e-05
1192,4.013673969893716e-05
1193,4.01309116568882e-05
1194,4.012508361483924e-05
1195,4.011923010693863e-05
1196,4.01134675485082e-05
1197,4.010770862805657e-05
1198,4.010200791526586e-05
1199,4.0096230804920197e-05
1200,4.009047552244738e-05
1201,4.00847929995507e-05
1202,4.007908501080237e-05
1203,4.0073391573969275e-05
1204,4.0067723602987826e-05
1205,4.006204835604876e-05
1206,4.00563731091097e-05
1207,4.005075243185274e-05
1208,4.0045120840659365e-05
1209,4.0039529267232865e-05
1210,4.0033952245721593e-05
1211,4.0028357034316286e-05
1212,4.002285277238116e-05
1213,4.0017290302785113e-05
1214,4.001182969659567e-05
1215,4.000622357125394e-05
1216,4.000069384346716e-05
1217,3.999526234110817e-05
1218,3.998975080321543e-05
1219,3.99843484046869e-05
1220,3.9978873246582225e-05
1221,3.9973481761990115e-05
1222,3.996804662165232e-05
1223,3.996260784333572e-05
1224,3.99572636524681e-05
1225,3.995189763372764e-05
1226,3.9946586184669286e-05
1227,3.994119833805598e-05
1228,3.993589780293405e-05
1229,3.993059362983331e-05
1230,3.9925307646626607e-05
1231,3.99200216634199e-05
1232,3.9914713852340356e-05
1233,3.9909486076794565e-05
1234,3.990422555943951e-05
1235,3.989899414591491e-05
1236,3.9893835491966456e-05
1237,3.988854950875975e-05
1238,3.988336175098084e-05
1239,3.987818126915954e-05
1240,3.9873008063295856e-05
1241,3.986789670307189e-05
1242,3.986275987699628e-05
1243,3.9857597585069016e-05
1244,3.985250077676028e-05
1245,3.984737122664228e-05
1246,3.9842310798121616e-05
1247,3.9837206713855267e-05
1248,3.983217538916506e-05
1249,3.982709677075036e-05
1250,3.98220399802085e-05
1251,3.9817081415094435e-05
1252,3.9812013710616156e-05
1253,3.980705514550209e-05
1254,3.9802034734748304e-05
1255,3.9797130739316344e-05
1256,3.9792139432393014e-05
1257,3.978720269515179e-05
1258,3.978227687184699e-05
1259,3.977734377258457e-05
1260,3.9772388845449314e-05
1261,3.9767484850017354e-05
1262,3.9762617234373465e-05
1263,3.975772415287793e-05
1264,3.975283107138239e-05
1265,3.974802530137822e-05
1266,3.9743164961691946e-05
1267,3.9738300984026864e-05
1268,3.973346611019224e-05
1269,3.972866034018807e-05
1270,3.972389822592959e-05
1271,3.971911428379826e-05
1272,3.971435216953978e-05
1273,3.9709590055281296e-05
1274,3.970480611314997e-05
1275,3.970005491282791e-05
1276,3.969529643654823e-05
1277,3.969059980590828e-05
1278,3.9685935917077586e-05
1279,3.96812247345224e-05
1280,3.967649900005199e-05
1281,3.96718351112213e-05
1282,3.966720396419987e-05
1283,3.966255462728441e-05
1284,3.9657905290368944e-05
1285,3.9653263229411095e-05
1286,3.964868301409297e-05
1287,3.964410279877484e-05
1288,3.963942435802892e-05
1289,3.963489143643528e-05
1290,3.963030758313835e-05
1291,3.962577466154471e-05
1292,3.9621190808247775e-05
1293,3.961661786888726e-05
1294,3.961210677516647e-05
1295,3.960762114729732e-05
1296,3.9603088225703686e-05
1297,3.9598537114216015e-05
1298,3.9594058762304485e-05
1299,3.95895513065625e-05
1300,3.958509478252381e-05
1301,3.958065281040035e-05
1302,3.957620356231928e-05
1303,3.957182343583554e-05
1304,3.956737054977566e-05
1305,3.9562946767546237e-05
1306,3.955853753723204e-05
1307,3.955418651457876e-05
1308,3.954972271458246e-05
1309,3.9545335312141106e-05
1310,3.954098065150902e-05
1311,3.953665145672858e-05
1312,3.953226041630842e-05
1313,3.952790575567633e-05
1314,3.952360202674754e-05
1315,3.9519269193988293e-05
1316,3.9514987292932346e-05
1317,3.951063990825787e-05
1318,3.9506347093265504e-05
1319,3.9502090658061206e-05
1320,3.949784149881452e-05
1321,3.949355595977977e-05
1322,3.948933590436354e-05
1323,3.948509038309567e-05
1324,3.948084486182779e-05
1325,3.9476650272263214e-05
1326,3.947240475099534e-05
1327,3.9468166505685076e-05
1328,3.94639719161205e-05
1329,3.9459810068365186e-05
1330,3.945558637497015e-05
1331,3.945142452721484e-05
1332,3.9447313611162826e-05
1333,3.944311902159825e-05
1334,3.943896808777936e-05
1335,3.943482806789689e-05
1336,3.943074989365414e-05
1337,3.942659532185644e-05
1338,3.942248804378323e-05
1339,3.94184171454981e-05
1340,3.941433169529773e-05
1341,3.94102607970126e-05
1342,3.94061571569182e-05
1343,3.940206806873903e-05
1344,3.939801536034793e-05
1345,3.93939481000416e-05
1346,3.938992813345976e-05
1347,3.9385882701026276e-05
1348,3.93818409065716e-05
1349,3.937786823371425e-05
1350,3.937388100894168e-05
1351,3.936982830055058e-05
1352,3.9365819247905165e-05
1353,3.936187567887828e-05
1354,3.9357888454105705e-05
1355,3.935395579901524e-05
1356,3.9350034057861194e-05
1357,3.9346028643194586e-05
1358,3.934208143618889e-05
1359,3.933819607482292e-05
1360,3.933416519430466e-05
1361,3.9330294384853914e-05
1362,3.9326401747530326e-05
1363,3.932251638616435e-05
1364,3.93185400753282e-05
1365,3.931466562789865e-05
1366,3.931080209440552e-05
1367,3.930693492293358e-05
1368,3.93030459235888e-05
1369,3.929915328626521e-05
1370,3.9295329770538956e-05
1371,3.929146987502463e-05
1372,3.928764635929838e-05
1373,3.928381920559332e-05
1374,3.9280006603803486e-05
1375,3.927623765775934e-05
1376,3.927241050405428e-05
1377,3.926861973013729e-05
1378,3.926483987015672e-05
1379,3.926104909623973e-05
1380,3.925731289200485e-05
1381,3.925350756617263e-05
1382,3.924975681002252e-05
1383,3.924597331206314e-05
1384,3.924222255591303e-05
1385,3.923852273146622e-05
1386,3.923476469935849e-05
1387,3.9231061236932874e-05
1388,3.922734686057083e-05
1389,3.9223617932293564e-05
1390,3.92199435736984e-05
1391,3.921625466318801e-05
1392,3.921256211469881e-05
1393,3.920889139408246e-05
1394,3.9205166103783995e-05
1395,3.920161907444708e-05
1396,3.919790833606385e-05
1397,3.919425580534153e-05
1398,3.919059599866159e-05
1399,3.918694346793927e-05
1400,3.918333095498383e-05
1401,3.917970752809197e-05
1402,3.9176058635348454e-05
1403,3.9172417018562555e-05
1404,3.9168840885395184e-05
1405,3.916526839020662e-05
1406,3.916165223927237e-05
1407,3.915809065802023e-05
1408,3.915453271474689e-05
1409,3.915094202966429e-05
1410,3.914734406862408e-05
1411,3.914375338354148e-05
1412,3.91401736123953e-05
1413,3.913669570465572e-05
1414,3.9133137761382386e-05
1415,3.912962711183354e-05
1416,3.9126098272390664e-05
1417,3.912260217475705e-05
1418,3.9119102439144626e-05
1419,3.9115628169383854e-05
1420,3.911209569196217e-05
1421,3.910858868039213e-05
1422,3.910509622073732e-05
1423,3.910165833076462e-05
1424,3.9098165871109813e-05
1425,3.909470251528546e-05
1426,3.909123915946111e-05
1427,3.908776488970034e-05
1428,3.908433791366406e-05
1429,3.908090729964897e-05
1430,3.90774839615915e-05
1431,3.90740497095976e-05
1432,3.907061545760371e-05
1433,3.9067268517101184e-05
1434,3.906384517904371e-05
1435,3.9060425478965044e-05
1436,3.905708217644133e-05
1437,3.905368794221431e-05
1438,3.9050268242135644e-05
1439,3.904693585354835e-05
1440,3.9043585275067016e-05
1441,3.904019104084e-05
1442,3.9036818634485826e-05
1443,3.903346441802569e-05
1444,3.9030139305396006e-05
1445,3.902682146872394e-05
1446,3.9023449062369764e-05
1447,3.9020131225697696e-05
1448,3.901679519913159e-05
1449,3.901345553458668e-05
1450,3.901022864738479e-05
1451,3.900690717273392e-05
1452,3.9003571146167815e-05
1453,3.900029696524143e-05
1454,3.899699368048459e-05
1455,3.899372313753702e-05
1456,3.8990438042674214e-05
1457,3.898719296557829e-05
1458,3.898390423273668e-05
1459,3.898065915564075e-05
1460,3.897739588865079e-05
1461,3.89741690014489e-05
1462,3.897091301041655e-05
1463,3.896766793332063e-05
1464,3.8964441046118736e-05
1465,3.896119596902281e-05
1466,3.895805275533348e-05
1467,3.895480040227994e-05
1468,3.895158806699328e-05
1469,3.894837573170662e-05
1470,3.8945192500250414e-05
1471,3.8941976526984945e-05
1472,3.8938822399359196e-05
1473,3.8935573684284464e-05
1474,3.8932430470595136e-05
1475,3.8929269067011774e-05
1476,3.892609311151318e-05
1477,3.8923000829527155e-05
1478,3.891976302838884e-05
1479,3.89166634704452e-05
1480,3.8913531170692295e-05
1481,3.891041342285462e-05
1482,3.890731022693217e-05
1483,3.890417065122165e-05
1484,3.890108928317204e-05
1485,3.88979897252284e-05
1486,3.889495201292448e-05
1487,3.889181243721396e-05
1488,3.888863284373656e-05
1489,3.8885511457920074e-05
1490,3.8882422813912854e-05
1491,3.8879330531926826e-05
1492,3.887629645760171e-05
1493,3.887317143380642e-05
1494,3.8870075513841584e-05
1495,3.88670050597284e-05
1496,3.886401100317016e-05
1497,3.886094054905698e-05
1498,3.8857877370901406e-05
1499,3.8854876038385555e-05
1500,3.885185287799686e-05
1501,3.8848782423883677e-05
1502,3.884575198753737e-05
1503,3.884277248289436e-05
1504,3.8839752960484475e-05
1505,3.8836726162116975e-05
1506,3.883371755364351e-05
1507,3.883074896293692e-05
1508,3.882773671648465e-05
1509,3.882475721184164e-05
1510,3.882174860336818e-05
1511,3.8818776374682784e-05
1512,3.8815796870039776e-05
1513,3.881282464135438e-05
1514,3.880983786075376e-05
1515,3.880690928781405e-05
1516,3.880398435285315e-05
1517,3.880103031406179e-05
1518,3.8798036257503554e-05
1519,3.8795133150415495e-05
1520,3.879219002556056e-05
1521,3.878925053868443e-05
1522,3.878637289744802e-05
1523,3.8783400668762624e-05
1524,3.878052666550502e-05
1525,3.8777558074798435e-05
1526,3.877469134749845e-05
1527,3.877178460243158e-05
1528,3.876891787513159e-05
1529,3.876601840602234e-05
1530,3.876314440276474e-05
1531,3.876024857163429e-05
1532,3.875743641401641e-05
1533,3.875451875501312e-05
1534,3.875165930367075e-05
1535,3.874878166243434e-05
1536,3.8745958590880036e-05
1537,3.874309186358005e-05
1538,3.8740206946386024e-05
1539,3.87373729608953e-05
1540,3.8734502595616505e-05
1541,3.873166861012578e-05
1542,3.872884190059267e-05
1543,3.872602610499598e-05
1544,3.87232139473781e-05
1545,3.872037632390857e-05
1546,3.8717538700439036e-05
1547,3.8714762922609225e-05
1548,3.8711885281372815e-05
1549,3.870913133141585e-05
1550,3.870631553581916e-05
1551,3.870353975798935e-05
1552,3.870074942824431e-05
1553,3.869800639222376e-05
1554,3.869518332066946e-05
1555,3.8692447560606524e-05
1556,3.8689646316925064e-05
1557,3.8686892366968095e-05
1558,3.8684080209350213e-05
1559,3.868136627716012e-05
1560,3.867859413730912e-05
1561,3.867586929118261e-05
1562,3.867308987537399e-05
1563,3.8670368667226285e-05
1564,3.866763654514216e-05
1565,3.866486804326996e-05
1566,3.866217230097391e-05
1567,3.865944381686859e-05
1568,3.86567298846785e-05
1569,3.8654030504403636e-05
1570,3.8651265640510246e-05
1571,3.864855898427777e-05
1572,3.864584141410887e-05
1573,3.8643123843939975e-05
1574,3.8640460843453184e-05
1575,3.86377505492419e-05
1576,3.8635054806945845e-05
1577,3.863237361656502e-05
1578,3.8629739719908684e-05
1579,3.862704397761263e-05
1580,3.862434459733777e-05
1581,3.8621732528554276e-05
1582,3.86190258723218e-05
1583,3.8616428355453536e-05
1584,3.8613801734754816e-05
1585,3.861116783809848e-05
1586,3.860850119963288e-05
1587,3.860594006255269e-05
1588,3.8603393477387726e-05
1589,3.860080323647708e-05
1590,3.8598216633545235e-05
1591,3.859552452922799e-05
1592,3.859289790852927e-05
1593,3.859020216623321e-05
1594,3.858752825181e-05
1595,3.8584883441217244e-05
1596,3.8582253182539716e-05
1597,3.85796811315231e-05
1598,3.8577127270400524e-05
1599,3.857447154587135e-05
1600,3.857187766698189e-05
1601,3.8569269236177206e-05
1602,3.856667535728775e-05
1603,3.856409603031352e-05
1604,3.856153125525452e-05
1605,3.855907198158093e-05
1606,3.8556587242055684e-05
1607,3.855403701891191e-05
1608,3.855144314002246e-05
1609,3.85489511245396e-05
1610,3.8546455471077934e-05
1611,3.854408350889571e-05
1612,3.8541864341823384e-05
1613,3.854016904369928e-05
1614,3.85392559110187e-05
1615,3.853908856399357e-05
1616,3.854022725136019e-05
1617,3.854381793644279e-05
1618,3.8551908801309764e-05
1619,3.8568443414987996e-05
1620,3.860155993606895e-05
1621,3.866725091938861e-05
1622,3.87937507184688e-05
1623,3.903503966284916e-05
1624,3.948812809539959e-05
1625,4.0366452594753355e-05
1626,4.203094431431964e-05
1627,4.531733429757878e-05
1628,5.152672383701429e-05
1629,6.414217205019668e-05
1630,8.773010631557554e-05
1631,0.00013791941455565393
1632,0.0002279681502841413
1633,0.00043380187707953155
1634,0.0007672266219742596
1635,0.0016275144880637527
1636,0.0026941958349198103
1637,0.0060632661916315556
1638,0.007675644475966692
1639,0.01625671610236168
1640,0.010634462349116802
1641,0.012646010145545006
1642,0.0040886541828513145
1643,0.0006352164200507104
1644,0.000288809445919469
1645,0.0023985826410353184
1646,0.0057982187718153
1647,0.00397727033123374
1648,0.002379876095801592
1649,0.00029862220981158316
1650,0.0005048906314186752
1651,0.0021979676093906164
1652,0.002352501731365919
1653,0.001807525521144271
1654,0.00037822796730324626
1655,0.0002498400863260031
1656,0.0011640229495242238
1657,0.0014429994625970721
1658,0.0011306677479296923
1659,0.0002884947170969099
1660,0.00018393859500065446
1661,0.0007085903780534863
1662,0.0009202680666930974
1663,0.0007314002141356468
1664,0.00022784361499361694
1665,0.00012601460912264884
1666,0.0004102287348359823
1667,0.0005895036738365889
1668,0.0005233925185166299
1669,0.00021530942467506975
1670,8.378781785722822e-05
1671,0.00019727766630239785
1672,0.00035176059463992715
1673,0.0003914161934517324
1674,0.00023309366952162236
1675,9.489490184932947e-05
1676,7.776830170769244e-05
1677,0.00016310648061335087
1678,0.00024932101950980723
1679,0.00022916955640539527
1680,0.00015476670523639768
1681,7.648988685104996e-05
1682,6.030756776453927e-05
1683,0.00010023064533015713
1684,0.0001458774204365909
1685,0.00016347576456610113
1686,0.00013085328100714833
1687,8.695329597685486e-05
1688,5.613089888356626e-05
1689,5.532308932743035e-05
1690,7.654848741367459e-05
1691,9.86346130957827e-05
1692,0.00010864330397453159
1693,9.688668797025457e-05
1694,7.69983307691291e-05
1695,5.7621589803602546e-05
1696,4.8972400691127405e-05
1697,5.206243440625258e-05
1698,6.19068305240944e-05
1699,7.189589086920023e-05
1700,7.545202242909e-05
1701,7.30435858713463e-05
1702,6.474071415141225e-05
1703,5.58814535907004e-05
1704,4.9108686653198674e-05
1705,4.647399691748433e-05
1706,4.773241380462423e-05
1707,5.127391341375187e-05
1708,5.518027683137916e-05
1709,5.751787102781236e-05
1710,5.799397695227526e-05
1711,5.610950756818056e-05
1712,5.32087215106003e-05
1713,4.981319943908602e-05
1714,4.7000656195450574e-05
1715,4.51792984677013e-05
1716,4.451834684005007e-05
1717,4.482314034248702e-05
1718,4.572116813506e-05
1719,4.682402504840866e-05
1720,4.7753521357662976e-05
1721,4.8370427975896746e-05
1722,4.846009687753394e-05
1723,4.81929600937292e-05
1724,4.75244851259049e-05
1725,4.672159775509499e-05
1726,4.581291432259604e-05
1727,4.49728722742293e-05
1728,4.4228359911357984e-05
1729,4.364671258372255e-05
1730,4.322903259890154e-05
1731,4.296258703107014e-05
1732,4.282009831513278e-05
1733,4.277318294043653e-05
1734,4.279390486772172e-05
1735,4.2859734094236046e-05
1736,4.295228427508846e-05
1737,4.305946276872419e-05
1738,4.318579158280045e-05
1739,4.3324820580892265e-05
1740,4.348990842117928e-05
1741,4.3667379941325635e-05
1742,4.3896132410736755e-05
1743,4.4165724830236286e-05
1744,4.4532502215588465e-05
1745,4.4979013182455674e-05
1746,4.561442619888112e-05
1747,4.641027771867812e-05
1748,4.7583413106622174e-05
1749,4.9072670663008466e-05
1750,5.130391218699515e-05
1751,5.417815555119887e-05
1752,5.8662655646912754e-05
1753,6.45087129669264e-05
1754,7.392055704258382e-05
1755,8.602609159424901e-05
1756,0.00010652796481736004
1757,0.00013242079876363277
1758,0.00017906739958561957
1759,0.00023541557311546057
1760,0.00034571869764477015
1761,0.0004674518422689289
1762,0.0007339474395848811
1763,0.0009802798740565777
1764,0.0016138706123456359
1765,0.0020136493258178234
1766,0.0033643620554357767
1767,0.0036035901866853237
1768,0.005661902949213982
1769,0.004684235900640488
1770,0.005872406996786594
1771,0.0035139243118464947
1772,0.002659459365531802
1773,0.0009941370226442814
1774,0.00020733667770400643
1775,8.144552703015506e-05
1776,0.0004959522630088031
1777,0.001206832705065608
1778,0.0014393955934792757
1779,0.0016412516124546528
1780,0.0010055411839857697
1781,0.0005109038902446628
1782,0.00012537662405520678
1783,9.219834464602172e-05
1784,0.0003286008723080158
1785,0.0005795870092697442
1786,0.0007749226060695946
1787,0.000614045187830925
1788,0.00041425926610827446
1789,0.00016979879001155496
1790,6.539341120515019e-05
1791,0.00010811958054546267
1792,0.00022988228010945022
1793,0.00035800226032733917
1794,0.0003690333978738636
1795,0.0003318052622489631
1796,0.00021090554946567863
1797,0.00011353509762557223
1798,6.0195834521437064e-05
1799,6.527524237753823e-05
1800,0.00011074786016251892
1801,0.00016178538498934358
1802,0.00020383417722769082
1803,0.00020171426876913756
1804,0.00018465194443706423
1805,0.0001395132567267865
1806,9.941098687704653e-05
1807,6.66473715682514e-05
1808,5.0602524424903095e-05
1809,5.0303384341532364e-05
1810,6.152740388642997e-05
1811,7.88844408816658e-05
1812,9.519651212031022e-05
1813,0.00011041699326597154
1814,0.00011645329504972324
1815,0.00012102852633688599
1816,0.00011602480662986636
1817,0.00011190625082235783
1818,0.00010187177394982427
1819,9.42773767746985e-05
1820,8.445155981462449e-05
1821,7.736723637208343e-05
1822,7.011515117483214e-05
1823,6.506586942123249e-05
1824,6.0515274526551366e-05
1825,5.745076487073675e-05
1826,5.4924676078371704e-05
1827,5.335811511031352e-05
1828,5.216502904659137e-05
1829,5.16214786330238e-05
1830,5.1383747631916776e-05
1831,5.1754392188740894e-05
1832,5.248615343589336e-05
1833,5.402444730862044e-05
1834,5.6169345043599606e-05
1835,5.982175935059786e-05
1836,6.471613596659154e-05
1837,7.292232476174831e-05
1838,8.381892985198647e-05
1839,0.00010256102541461587
1840,0.0001270007051061839
1841,0.00017137145914603025
1842,0.00022698055545333773
1843,0.00033622561022639275
1844,0.0004623269196599722
1845,0.0007387702353298664
1846,0.0010081797372549772
1847,0.0017001735977828503
1848,0.0021632122807204723
1849,0.0037187347188591957
1850,0.004011587239801884
1851,0.0064705731347203255
1852,0.0052381050772964954
1853,0.006567222066223621
1854,0.0037251627072691917
1855,0.0026172224897891283
1856,0.0008546273456886411
1857,0.00011522720160428435
1858,0.00018329020531382412
1859,0.0007845586515031755
1860,0.0016550034051761031
1861,0.0017006872221827507
1862,0.0017146487953141332
1863,0.0008831199957057834
1864,0.0003183457301929593
1865,7.059095514705405e-05
1866,0.00022982730297371745
1867,0.0006095782155171037
1868,0.0007960345828905702
1869,0.000863119843415916
1870,0.0005363901145756245
1871,0.0002530586498323828
1872,8.128343324642628e-05
1873,0.00010949117131531239
1874,0.0002686661318875849
1875,0.00039947032928466797
1876,0.0004720957949757576
1877,0.00036477181129157543
1878,0.00023713195696473122
1879,0.00011018948862329125
1880,6.141218909760937e-05
1881,8.99112201295793e-05
1882,0.0001582471450092271
1883,0.00022938924666959792
1884,0.00024558574659749866
1885,0.00023495372442994267
1886,0.00017507938900962472
1887,0.00011874453048221767
1888,7.275553070940077e-05
1889,5.340809002518654e-05
1890,5.898195377085358e-05
1891,8.062407141551375e-05
1892,0.00010855129949050024
1893,0.0001286188926314935
1894,0.00014344233204610646
1895,0.00013999899965710938
1896,0.00013315468095242977
1897,0.00011454363993834704
1898,9.78069583652541e-05
1899,7.959059439599514e-05
1900,6.590350676560774e-05
1901,5.571779911406338e-05
1902,4.986932981410064e-05
1903,4.7618363169021904e-05
1904,4.820161120733246e-05
1905,5.081299241282977e-05
1906,5.471834083436988e-05
1907,5.964091542409733e-05
1908,6.482214666903019e-05
1909,7.112609455361962e-05
1910,7.722270675003529e-05
1911,8.556510147172958e-05
1912,9.355920337839052e-05
1913,0.00010611558536766097
1914,0.00011831303709186614
1915,0.00013950647553429008
1916,0.00016024203796405345
1917,0.00019901653286069632
1918,0.00023636023979634047
1919,0.00031137309269979596
1920,0.00037965798401273787
1921,0.0005296984454616904
1922,0.0006510901148431003
1923,0.000953821639996022
1924,0.0011460939422249794
1925,0.0017301335465162992
1926,0.0019422861514613032
1927,0.0029164832085371017
1928,0.0028806813061237335
1929,0.004018594976514578
1930,0.0032815479207783937
1931,0.003782892134040594
1932,0.0024521504528820515
1933,0.0019681407138705254
1934,0.0009239708306267858
1935,0.00035803625360131264
1936,7.23570556147024e-05
1937,0.00011646190250758082
1938,0.0003904865006916225
1939,0.0006766773294657469
1940,0.0009932821849361062
1941,0.0009196189348585904
1942,0.0008538806578144431
1943,0.0005162051529623568
1944,0.00026988840545527637
1945,9.667831909609959e-05
1946,6.415771349566057e-05
1947,0.00014386240218300372
1948,0.0002654659911058843
1949,0.0003929122176486999
1950,0.0004125917621422559
1951,0.00040823782910592854
1952,0.00030144391348585486
1953,0.00020686682546511292
1954,0.00011436597560532391
1955,6.474347901530564e-05
1956,5.7282999478047714e-05
1957,8.283793431473896e-05
1958,0.00012655604223255068
1959,0.00016567730926908553
1960,0.00020184373715892434
1961,0.00020707203657366335
1962,0.0002090780617436394
1963,0.0001832544367061928
1964,0.00016122926899697632
1965,0.00012849221820943058
1966,0.00010339642176404595
1967,8.027443254832178e-05
1968,6.458096322603524e-05
1969,5.4348220146493986e-05
1970,4.939898644806817e-05
1971,4.852608617511578e-05
1972,5.0689301133388653e-05
1973,5.5086078646127135e-05
1974,6.0985825257375836e-05
1975,6.867221964057535e-05
1976,7.711595389991999e-05
1977,8.861764217726886e-05
1978,0.00010076845501316711
1979,0.00011960827396251261
1980,0.000139241834403947
1981,0.0001734202669467777
1982,0.00020867117564193904
1983,0.0002764532982837409
1984,0.0003432869561947882
1985,0.00048502301797270775
1986,0.0006115689757280052
1987,0.0009154644794762135
1988,0.0011359922355040908
1989,0.0017711753025650978
1990,0.0020581770222634077
1991,0.003227195469662547
1992,0.0032707371283322573
1993,0.004792668391019106
1994,0.003915564622730017
1995,0.00467741908505559
1996,0.002935146912932396
1997,0.002320817206054926
1998,0.0010065664537250996
1999,0.0003259817895013839
2000,5.770174175268039e-05
2001,0.00021358803496696055
2002,0.0006430703797377646
2003,0.00097226956859231
2004,0.0013202845584601164
2005,0.0010678430553525686
2006,0.0008485055295750499
2007,0.00040814621024765074
2008,0.00014296354493126273
2009,6.577662861673161e-05
2010,0.0001659439003560692
2011,0.0003599920019041747
2012,0.000484868127387017
2013,0.0005700397305190563
2014,0.00045674637658521533
2015,0.0003344619763083756
2016,0.00017549478798173368
2017,8.232149411924183e-05
2018,6.253075116546825e-05
2019,0.00010461277270223945
2020,0.0001786911889212206
2021,0.00023609369236510247
2022,0.00028025038773193955
2023,0.0002616038837004453
2024,0.00023373372096102685
2025,0.00017238815780729055
2026,0.00012180270277895033
2027,7.968062709551305e-05
2028,5.748077091993764e-05
2029,5.349202183424495e-05
2030,6.364494765875861e-05
2031,8.253686246462166e-05
2032,0.00010296746040694416
2033,0.00012485263869166374
2034,0.00013831387332174927
2035,0.00015306680870708078
2036,0.00015564460773020983
2037,0.00016257142124231905
2038,0.00015822137356735766
2039,0.00016106350813061
2040,0.00015506509225815535
2041,0.00015796834486536682
2042,0.00015412943321280181
2043,0.00016065567615441978
2044,0.00016155189950950444
2045,0.00017534002836328
2046,0.00018367054872214794
2047,0.00021035660756751895
2048,0.0002306695532752201
2049,0.0002814213221427053
2050,0.0003222386003471911
2051,0.00041956070344895124
2052,0.0004949921276420355
2053,0.0006838022964075208
2054,0.0008116642129607499
2055,0.0011738205794245005
2056,0.0013535524485632777
2057,0.002001587999984622
2058,0.0021385017316788435
2059,0.003099613357335329
2060,0.0028960907366126776
2061,0.003815503092482686
2062,0.002961624413728714
2063,0.0031548806000500917
2064,0.0019655427895486355
2065,0.0014340861234813929
2066,0.0006346458103507757
2067,0.00021303334506228566
2068,5.6606750149512663e-05
2069,0.0001538014184916392
2070,0.0004164602723903954
2071,0.0006500551826320589
2072,0.0009051641682162881
2073,0.00083038245793432
2074,0.0007716933614574373
2075,0.0004880326450802386
2076,0.000279114639852196
2077,0.00011476722283987328
2078,6.0597645642701536e-05
2079,0.00010061784996651113
2080,0.00019246622105129063
2081,0.0003035088302567601
2082,0.00035383267095312476
2083,0.0003900298906955868
2084,0.0003321007243357599
2085,0.00027603833586908877
2086,0.0001862447097664699
2087,0.00011997215915471315
2088,7.343522156588733e-05
2089,5.550668356590904e-05
2090,6.152958667371422e-05
2091,8.353941666428e-05
2092,0.00011450100282672793
2093,0.0001421344350092113
2094,0.0001712375960778445
2095,0.00018359377281740308
2096,0.00019943751976825297
2097,0.00019555487961042672
2098,0.00019962280930485576
2099,0.0001873332803370431
2100,0.00018567578808870167
2101,0.0001726294431136921
2102,0.0001709685893729329
2103,0.0001616031804587692
2104,0.0001637530658626929
2105,0.00016014814900700003
2106,0.00016907649114727974
2107,0.00017308848327957094
2108,0.00019335620163474232
2109,0.00020863974350504577
2110,0.0002493198844604194
2111,0.00028311414644122124
2112,0.0003632614971138537
2113,0.0004295070539228618
2114,0.0005895570502616465
2115,0.0007094755419529974
2116,0.0010292557999491692
2117,0.0012182482751086354
2118,0.0018291721353307366
2119,0.002030236879363656
2120,0.003039032919332385
2121,0.002973135793581605
2122,0.004136038478463888
2123,0.0033511377405375242
2124,0.0038507229182869196
2125,0.0024850957561284304
2126,0.0019922032952308655
2127,0.0009374190121889114
2128,0.0003681014059111476
2129,7.793049007887021e-05
2130,0.00011698745947796851
2131,0.0003870538203045726
2132,0.0006764877471141517
2133,0.0010036068269982934
2134,0.0009451041696593165
2135,0.0009010086068883538
2136,0.000563776062335819
2137,0.00031517597381025553
2138,0.00012043481547152624
2139,6.354464858304709e-05
2140,0.0001230111374752596
2141,0.00023944381973706186
2142,0.0003727685834746808
2143,0.0004148242878727615
2144,0.00043610442662611604
2145,0.0003444105386734009
2146,0.00025963791995309293
2147,0.00015610699483659118
2148,8.92103707883507e-05
2149,5.9277648688293993e-05
2150,6.555736035807058e-05
2151,9.688596765045077e-05
2152,0.0001363334886264056
2153,0.0001788593508535996
2154,0.0002005352871492505
2155,0.00022079766495153308
2156,0.0002114017988787964
2157,0.00020577396207954735
2158,0.00017942381964530796
2159,0.00016082865477073938
2160,0.00013399889576248825
2161,0.00011503380665089935
2162,9.571485861670226e-05
2163,8.238314330810681e-05
2164,7.121405360521749e-05
2165,6.371401832439005e-05
2166,5.8213605370838195e-05
2167,5.465079448185861e-05
2168,5.228167356108315e-05
2169,5.081341078039259e-05
2170,4.992972390027717e-05
2171,4.943873136653565e-05
2172,4.92086801386904e-05
2173,4.9162099458044395e-05
2174,4.926466499455273e-05
2175,4.9517730076331645e-05
2176,4.9965226935455576e-05
2177,5.0676626415224746e-05
2178,5.183422035770491e-05
2179,5.3599906095769256e-05
2180,5.649269951391034e-05
2181,6.085375935072079e-05
2182,6.824070442235097e-05
2183,7.935515895951539e-05
2184,9.916428825818002e-05
2185,0.00012850479106418788
2186,0.00018416225793771446
2187,0.0002628601505421102
2188,0.0004254697705619037
2189,0.0006335683283396065
2190,0.0011201753513887525
2191,0.0016189171001315117
2192,0.0030282249208539724
2193,0.0038366587832570076
2194,0.0071520316414535046
2195,0.006714173126965761
2196,0.010481421835720539
2197,0.0062292409129440784
2198,0.005432676058262587
2199,0.001907947356812656
2200,0.00034764042356982827
2201,0.00014229770749807358
2202,0.0010322978487238288
2203,0.002520521404221654
2204,0.0025277375243604183
2205,0.002508490113541484
2206,0.001064579701051116
2207,0.00023442498059011996
2208,0.00014662464673165232
2209,0.0006653847522102296
2210,0.0013540365034714341
2211,0.00124396535102278
2212,0.0009401533752679825
2213,0.0003330075414851308
2214,9.159437468042597e-05
2215,0.00025511212879791856
2216,0.0005599973374046385
2217,0.0007976839551702142
2218,0.0006139868637546897
2219,0.00036242330679669976
2220,0.00012669226271100342
2221,9.297645738115534e-05
2222,0.00022523477673530579
2223,0.00036677694879472256
2224,0.0004471840220503509
2225,0.0003469007497187704
2226,0.00021790736354887486
2227,0.00010060823115054518
2228,6.914659752510488e-05
2229,0.00011539552360773087
2230,0.00018801330588757992
2231,0.00024866126477718353
2232,0.0002407101565040648
2233,0.00020487002620939165
2234,0.00013700229465030134
2235,8.529653860023245e-05
2236,6.0654812841676176e-05
2237,6.63182872813195e-05
2238,9.200196655001491e-05
2239,0.00012055510887876153
2240,0.000144379329867661
2241,0.00014726934023201466
2242,0.00014154904056340456
2243,0.0001198683021357283
2244,9.848736226558685e-05
2245,7.720882422290742e-05
2246,6.282378308242187e-05
2247,5.5609729315619916e-05
2248,5.5181015341077e-05
2249,5.975500607746653e-05
2250,6.703916005790234e-05
2251,7.54737266106531e-05
2252,8.243518823292106e-05
2253,8.894114580471069e-05
2254,9.196987957693636e-05
2255,9.49321110965684e-05
2256,9.433045488549396e-05
2257,9.460028377361596e-05
2258,9.217225306201726e-05
2259,9.132253762800246e-05
2260,8.865175186656415e-05
2261,8.790128049440682e-05
2262,8.602342859376222e-05
2263,8.62746819620952e-05
2264,8.57742561493069e-05
2265,8.774724119575694e-05
2266,8.922511915443465e-05
2267,9.39160308917053e-05
2268,9.837198012974113e-05
2269,0.00010769659274956211
2270,0.0001170430623460561
2271,0.00013486735406331718
2272,0.00015304115368053317
2273,0.0001875316520454362
2274,0.00022203840489964932
2275,0.00029037738568149507
2276,0.0003551192639861256
2277,0.0004941218649037182
2278,0.0006118331803008914
2279,0.0008963543805293739
2280,0.0010886414675042033
2281,0.0016491184942424297
2282,0.0018790833419188857
2283,0.0028472018893808126
2284,0.0028667424339801073
2285,0.004073063377290964
2286,0.0033985779155045748
2287,0.0040435935370624065
2288,0.002681073499843478
2289,0.002261588117107749
2290,0.0011080028489232063
2291,0.0004805073840543628
2292,0.00010753241076599807
2293,9.273053728975356e-05
2294,0.0003401316935196519
2295,0.0006463128374889493
2296,0.0009996044682338834
2297,0.0009689470170997083
2298,0.0009464218746870756
2299,0.0006002577138133347
2300,0.0003412314981687814
2301,0.00013030250556766987
2302,6.512929394375533e-05
2303,0.00012501177843660116
2304,0.00024715790641494095
2305,0.00038699660217389464
2306,0.0004285043105483055
2307,0.0004463555524125695
2308,0.0003462171007413417
2309,0.00025385216576978564
2310,0.00014785004896111786
2311,8.283116039820015e-05
2312,5.956450695521198e-05
2313,7.418117456836626e-05
2314,0.0001131382814492099
2315,0.0001558780495543033
2316,0.0001992514735320583
2317,0.00021521889721043408
2318,0.0002286032249685377
2319,0.00021009717602282763
2320,0.000195252156117931
2321,0.00016264565056189895
2322,0.0001378244487568736
2323,0.0001098773063858971
2324,8.977057586889714e-05
2325,7.323399040615186e-05
2326,6.247440614970401e-05
2327,5.580231299973093e-05
2328,5.264628998702392e-05
2329,5.209539085626602e-05
2330,5.346914258552715e-05
2331,5.630393570754677e-05
2332,6.025838229106739e-05
2333,6.559111352544278e-05
2334,7.192112389020622e-05
2335,8.084561704890803e-05
2336,9.125783981289715e-05
2337,0.00010752357775345445
2338,0.00012635784514714032
2339,0.00015871567302383482
2340,0.00019555901235435158
2341,0.00026487710420042276
2342,0.00033983567846007645
2343,0.0004956946359016001
2344,0.0006469452055171132
2345,0.001004611374810338
2346,0.0012816201196983457
2347,0.002075360855087638
2348,0.002438618801534176
2349,0.0039513991214334965
2350,0.003922817762941122
2351,0.005803412292152643
2352,0.004444875754415989
2353,0.005038443487137556
2354,0.0028453331906348467
2355,0.0018791084876284003
2356,0.000629514514002949
2357,0.0001036379107972607
2358,0.0001529370347270742
2359,0.0005878543015569448
2360,0.0012273553293198347
2361,0.0013708081096410751
2362,0.0015079225413501263
2363,0.0009437506669200957
2364,0.000512569269631058
2365,0.00015296957280952483
2366,8.08269833214581e-05
2367,0.0002443112316541374
2368,0.0004713083617389202
2369,0.0006862275185994804
2370,0.0006273555336520076
2371,0.0005211668321862817
2372,0.0002861153334379196
2373,0.00012725181295536458
2374,6.86143321217969e-05
2375,0.0001130176242440939
2376,0.00021564547205343843
2377,0.0002975533716380596
2378,0.00035585410660132766
2379,0.0003157723695039749
2380,0.00026030419394373894
2381,0.0001691491634119302
2382,0.00010233364446321502
2383,6.504512566607445e-05
2384,6.263107934501022e-05
2385,8.626881754025817e-05
2386,0.00012067529314663261
2387,0.00015757080109324306
2388,0.0001766499481163919
2389,0.0001909640122903511
2390,0.00018003603327088058
2391,0.0001690583594609052
2392,0.00014346667740028352
2393,0.0001226958556799218
2394,9.948073420673609e-05
2395,8.235876157414168e-05
2396,6.864168972242624e-05
2397,5.990837962599471e-05
2398,5.498072277987376e-05
2399,5.320422860677354e-05
2400,5.3781375754624605e-05
2401,5.6056087487377226e-05
2402,5.9622070693876594e-05
2403,6.405278691090643e-05
2404,6.977325392654166e-05
2405,7.614711648784578e-05
2406,8.4994055214338e-05
2407,9.466221672482789e-05
2408,0.00010961924272123724
2409,0.0001259572891285643
2410,0.00015381950652226806
2411,0.00018374933279119432
2412,0.00023940770188346505
2413,0.00029686526977457106
2414,0.0004139818483963609
2415,0.0005245230277068913
2416,0.0007771869422867894
2417,0.0009762146510183811
2418,0.0015125542413443327
2419,0.0017992411740124226
2420,0.002829901874065399
2421,0.002986868843436241
2422,0.004485538229346275
2423,0.0038826516829431057
2424,0.004943248350173235
2425,0.00331987626850605
2426,0.002971962559968233
2427,0.0014560100389644504
2428,0.000651783135253936
2429,0.00013672410568688065
2430,9.769453754415736e-05
2431,0.0004107690474484116
2432,0.0007971745799295604
2433,0.001243161503225565
2434,0.0011497519444674253
2435,0.0010670346673578024
2436,0.0006065789493732154
2437,0.00028346493490971625
2438,8.973771036835387e-05
2439,9.625779784983024e-05
2440,0.00024607242085039616
2441,0.00040994168375618756
2442,0.0005585652543231845
2443,0.000515983032528311
2444,0.00044544614502228796
2445,0.00027450130437500775
2446,0.00014750029367860407
2447,7.393604755634442e-05
2448,7.15689457138069e-05
2449,0.00012168748071417212
2450,0.00018758000805974007
2451,0.00025319098494946957
2452,0.0002691700356081128
2453,0.00027261441573500633
2454,0.00022600244847126305
2455,0.00018208914843853563
2456,0.00012798435636796057
2457,8.929823525249958e-05
2458,6.476555427070707e-05
2459,5.654995038639754e-05
2460,6.143777136458084e-05
2461,7.49296450521797e-05
2462,9.349700849270448e-05
2463,0.00011116732639493421
2464,0.0001305337791563943
2465,0.00014256389113143086
2466,0.00015802560665179044
2467,0.00016344965843018144
2468,0.00017586234025657177
2469,0.00017792356084100902
2470,0.00019090603746008128
2471,0.0001937681809067726
2472,0.00021187978563830256
2473,0.00021940961596556008
2474,0.0002486201701685786
2475,0.0002653535921126604
2476,0.0003154771402478218
2477,0.00034797441912814975
2478,0.0004366266948636621
2479,0.0004940205835737288
2480,0.0006527808727696538
2481,0.0007450792472809553
2482,0.0010270826751366258
2483,0.0011511917691677809
2484,0.0016243060817942023
2485,0.001722774119116366
2486,0.002407029503956437
2487,0.0023117230739444494
2488,0.003029088955372572
2489,0.002526602242141962
2490,0.0028609924484044313
2491,0.002012134762480855
2492,0.0017653905088081956
2493,0.000999404233880341
2494,0.0005703570786863565
2495,0.00021029511117376387
2496,6.653291347902268e-05
2497,9.674314787844196e-05
2498,0.0002424738195259124
2499,0.0004545027913991362
2500,0.0005810309667140245
2501,0.0007187414448708296
2502,0.0006383961299434304
2503,0.0005817486671730876
2504,0.0003937329165637493
2505,0.00025530034326948225
2506,0.000132009809021838
2507,7.074107998050749e-05
2508,6.47460765321739e-05
2509,0.00010066921822726727
2510,0.00016095140017569065
2511,0.00021535306586883962
2512,0.0002711882989387959
2513,0.00028327113250270486
2514,0.00029775212169624865
2515,0.0002661374746821821
2516,0.0002445333811920136
2517,0.0001982270332518965
2518,0.0001648884208407253
2519,0.00012729877198580652
2520,0.00010100794315803796
2521,7.959154027048498e-05
2522,6.598010804736987e-05
2523,5.783134474768303e-05
2524,5.432526086224243e-05
2525,5.425852941698395e-05
2526,5.670296377502382e-05
2527,6.109079549787566e-05
2528,6.694206967949867e-05
2529,7.485385867767036e-05
2530,8.405292464885861e-05
2531,9.734323248267174e-05
2532,0.00011237786384299397
2533,0.0001367801014566794
2534,0.00016419903840869665
2535,0.00021366158034652472
2536,0.0002675921132322401
2537,0.0003748427261598408
2538,0.0004831855185329914
2539,0.000725120771676302
2540,0.0009342925623059273
2541,0.001480291597545147
2542,0.0018170319963246584
2543,0.0029544236604124308
2544,0.00321373762562871
2545,0.005040349438786507
2546,0.004422607831656933
2547,0.005874521564692259
2548,0.0038820647168904543
2549,0.003514799987897277
2550,0.0016455765580758452
2551,0.000679214543197304
2552,0.00011628826905507594
2553,0.000148958177305758
2554,0.0006048994255252182
2555,0.0010627773590385914
2556,0.0015750025631859899
2557,0.001315548550337553
2558,0.0010894722072407603
2559,0.0005185477202758193
2560,0.00017406207916792482
2561,7.65577278798446e-05
2562,0.00021464284509420395
2563,0.0004723500460386276
2564,0.0006131969857960939
2565,0.0006957396399229765
2566,0.0005143912858329713
2567,0.00033609766978770494
2568,0.0001518827921245247
2569,7.239478145493194e-05
2570,9.649358253227547e-05
2571,0.0001833769492805004
2572,0.0002882573753595352
2573,0.0003295786154922098
2574,0.0003438906278461218
2575,0.0002741727512329817
2576,0.00020412576850503683
2577,0.00012585634249262512
2578,7.747153722448274e-05
2579,6.0823596868431196e-05
2580,7.253001967910677e-05
2581,0.00010211378685198724
2582,0.00013447501987684518
2583,0.0001666831085458398
2584,0.00017972278874367476
2585,0.00019000121392309666
2586,0.00017795106396079063
2587,0.0001678276457823813
2588,0.00014477063086815178
2589,0.00012697256170213223
2590,0.00010615696373861283
2591,9.092045365832746e-05
2592,7.746074697934091e-05
2593,6.816175300627947e-05
2594,6.145957013359293e-05
2595,5.733038778998889e-05
2596,5.503223292180337e-05
2597,5.4123898735269904e-05
2598,5.422777030616999e-05
2599,5.5076696298783645e-05
2600,5.654355845763348e-05
2601,5.8556441217660904e-05
2602,6.132105045253411e-05
2603,6.479601870523766e-05
2604,6.982025661272928e-05
2605,7.614434434799477e-05
2606,8.597515989094973e-05
2607,9.83096833806485e-05
2608,0.00011886747961398214
2609,0.00014431327872443944
2610,0.00019002376939170063
2611,0.0002444350393489003
2612,0.00035081160604022443
2613,0.0004674215451814234
2614,0.0007223571301437914
2615,0.0009594135917723179
2616,0.0015662310179322958
2617,0.0019619872327893972
2618,0.0032773707062005997
2619,0.003567501436918974
2620,0.00568523071706295
2621,0.004836914595216513
2622,0.006310874130576849
2623,0.0039171576499938965
2624,0.0032300374004989862
2625,0.0013319016434252262
2626,0.0003883366589434445
2627,6.481874152086675e-05
2628,0.00035867257975041866
2629,0.0010330541990697384
2630,0.001410878379829228
2631,0.001797029748558998
2632,0.0012456434778869152
2633,0.00079533108510077
2634,0.00026888155844062567
2635,7.789803930791095e-05
2636,0.00020135423983447254
2637,0.00046915962593629956
2638,0.0007530217990279198
2639,0.0007213667850010097
2640,0.0006210356950759888
2641,0.00033796761999838054
2642,0.00014361253124661744
2643,7.342928438447416e-05
2644,0.00013305028551258147
2645,0.00026246774359606206
2646,0.0003539331373758614
2647,0.0004094545729458332
2648,0.00033963879104703665
2649,0.00025557613116689026
2650,0.00014844849647488445
2651,8.249732491094619e-05
2652,6.426595064112917e-05
2653,8.787604019744322e-05
2654,0.00013479957124218345
2655,0.00017694583220873028
2656,0.0002121825236827135
2657,0.00021094729891046882
2658,0.00020221236627548933
2659,0.0001669584307819605
2660,0.00013525664689950645
2661,0.00010121722880285233
2662,7.727954653091729e-05
2663,6.244194082682952e-05
2664,5.7236327847931534e-05
2665,5.9689256886485964e-05
2666,6.732348265359178e-05
2667,7.81872367952019e-05
2668,8.943086868384853e-05
2669,0.00010206527076661587
2670,0.0001117596184485592
2671,0.0001237872347701341
2672,0.0001311339728999883
2673,0.00014334225852508098
2674,0.00015007011825218797
2675,0.0001650972553761676
2676,0.00017398600175511092
2677,0.0001961206435225904
2678,0.00021086190827190876
2679,0.00024702344671823084
2680,0.00027273452724330127
2681,0.0003349536855239421
2682,0.00037917218287475407
2683,0.0004894725861959159
2684,0.0005622764583677053
2685,0.0007593136979267001
2686,0.0008677792502567172
2687,0.001211064518429339
2688,0.0013374737463891506
2689,0.001886147540062666
2690,0.001936656073667109
2691,0.002652516821399331
2692,0.002423593308776617
2693,0.0030235808808356524
2694,0.0023703656625002623
2695,0.002459317911416292
2696,0.0016090598655864596
2697,0.0012292556930333376
2698,0.0006183781661093235
2699,0.00027364050038158894
2700,8.486998558510095e-05
2701,7.805039058439434e-05
2702,0.00020463374676182866
2703,0.00037735028308816254
2704,0.0005831195157952607
2705,0.0006358911050483584
2706,0.0006994266877882183
2707,0.0005613304674625397
2708,0.00045592026435770094
2709,0.00028150645084679127
2710,0.00016184465494006872
2711,8.375178731512278e-05
2712,6.247255078051239e-05
2713,8.672055264469236e-05
2714,0.00013701239367946982
2715,0.00020038515503983945
2716,0.00024325164849869907
2717,0.0002864451380446553
2718,0.0002833239850588143
2719,0.0002855308703146875
2720,0.00024837785167619586
2721,0.0002228967350674793
2722,0.00017953068891074508
2723,0.00014876235218252987
2724,0.00011646583152469248
2725,9.413920633960515e-05
2726,7.643975550308824e-05
2727,6.522337207570672e-05
2728,5.8488229115027934e-05
2729,5.545858948607929e-05
2730,5.514980875886977e-05
2731,5.6857930758269504e-05
2732,6.015561302774586e-05
2733,6.472926179412752e-05
2734,7.101187657099217e-05
2735,7.85999873187393e-05
2736,8.964409789768979e-05
2737,0.00010276245302520692
2738,0.0001239339035237208
2739,0.00014891142200212926
2740,0.00019315849931444973
2741,0.0002435649512335658
2742,0.000341840524924919
2743,0.00044630133197642863
2744,0.0006741962279193103
2745,0.0008833965403027833
2746,0.001414451515302062
2747,0.0017708924133330584
2748,0.0029228865168988705
2749,0.0032444647513329983
2750,0.005195691715925932
2751,0.004625310190021992
2752,0.006294223479926586
2753,0.004160462412983179
2754,0.00382211129181087
2755,0.0017681574681773782
2756,0.0007166048744693398
2757,0.00011494343925733119
2758,0.0001732251257635653
2759,0.0006954428390599787
2760,0.0011847815476357937
2761,0.0017257110448554158
2762,0.0013814500998705626
2763,0.0010832056868821383
2764,0.0004720981523860246
2765,0.0001361074100714177
2766,9.745328134158626e-05
2767,0.00029691486270166934
2768,0.000593784439843148
2769,0.0006945066852495074
2770,0.0007213203934952617
2771,0.00047815009020268917
2772,0.00026663634344004095
2773,0.0001069142745109275
2774,7.762516906950623e-05
2775,0.00015456376422662288
2776,0.0002645470667630434
2777,0.0003675439511425793
2778,0.00036549055948853493
2779,0.00033371339668519795
2780,0.00023084681015461683
2781,0.000145135069033131
2782,8.298614557133988e-05
2783,6.373182986862957e-05
2784,8.108960173558444e-05
2785,0.00011868658475577831
2786,0.0001629779435461387
2787,0.00018916226690635085
2788,0.00020829496497754008
2789,0.0001961429661605507
2790,0.00018192330026067793
2791,0.00015018682461231947
2792,0.00012373444042168558
2793,9.660754585638642e-05
2794,7.742064190097153e-05
2795,6.447678606491536e-05
2796,5.8267105487175286e-05
2797,5.745538874180056e-05
2798,6.065825800760649e-05
2799,6.664838292635977e-05
2800,7.409539102809504e-05
2801,8.312272257171571e-05
2802,9.186514944303781e-05
2803,0.0001029830746119842
2804,0.00011275234282948077
2805,0.00012726930435746908
2806,0.00013967111590318382
2807,0.00016130712174344808
2808,0.00017988408217206597
2809,0.0002159380237571895
2810,0.00024681075592525303
2811,0.00031129561830312014
2812,0.00036453010397963226
2813,0.0004847613745369017
2814,0.0005749579868279397
2815,0.0008023119880817831
2816,0.0009425176540389657
2817,0.0013615378411486745
2818,0.0015302608953788877
2819,0.002229545498266816
2820,0.002288565970957279
2821,0.0032060283701866865
2822,0.0028525032103061676
2823,0.0035436588805168867
2824,0.002623406471684575
2825,0.0025689564645290375
2826,0.0015263004461303353
2827,0.000991787645034492
2828,0.0003996951854787767
2829,0.00011538930993992835
2830,7.378089503617957e-05
2831,0.00022286028251983225
2832,0.0004856387386098504
2833,0.0006681795930489898
2834,0.0008635082631371915
2835,0.0007610091706737876
2836,0.0006814560620114207
2837,0.0004307143681216985
2838,0.0002494681684765965
2839,0.00011200669541722164
2840,6.595815648324788e-05
2841,9.719977242639288e-05
2842,0.00017299984756391495
2843,0.00026792410062626004
2844,0.0003205902175977826
2845,0.0003657684719655663
2846,0.00033221321064047515
2847,0.0003007538034580648
2848,0.00022616449859924614
2849,0.0001677871769061312
2850,0.00011222709144931287
2851,7.763145549688488e-05
2852,6.109103560447693e-05
2853,6.0906859289389104e-05
2854,7.272937364177778e-05
2855,9.135411528404802e-05
2856,0.00011469630408100784
2857,0.00013521776418201625
2858,0.0001595598878338933
2859,0.00017454969929531217
2860,0.00019749414059333503
2861,0.00020754212164320052
2862,0.0002319183258805424
2863,0.00024115751148201525
2864,0.0002726977108977735
2865,0.00028637860668823123
2866,0.0003340322873555124
2867,0.00035841218777932227
2868,0.0004366615030448884
2869,0.0004794738779310137
2870,0.0006124601932242513
2871,0.0006813765503466129
2872,0.0009085485944524407
2873,0.001003860030323267
2874,0.0013778723077848554
2875,0.0014670731034129858
2876,0.00201997859403491
2877,0.001995780738070607
2878,0.0026417511980980635
2879,0.0023279364686459303
2880,0.00277619413100183
2881,0.002116038231179118
2882,0.0020846084225922823
2883,0.0013369553489610553
2884,0.0009690056904219091
2885,0.00047722546150907874
2886,0.00020286884682718664
2887,7.166469004005194e-05
2888,8.723165228730068e-05
2889,0.00020726906950585544
2890,0.00035688819480128586
2891,0.0005333758308552206
2892,0.0005809735739603639
2893,0.000642372528091073
2894,0.000532898586243391
2895,0.0004541180096566677
2896,0.0003023304743692279
2897,0.0001946089614648372
2898,0.00010856105654966086
2899,6.774191570002586e-05
2900,6.551681872224435e-05
2901,9.194174344884232e-05
2902,0.000135887908982113
2903,0.000178755319211632
2904,0.0002259881148347631
2905,0.00024695650790818036
2906,0.00027423648862168193
2907,0.0002666306681931019
2908,0.0002717557654250413
2909,0.0002476341323927045
2910,0.00023954478092491627
2911,0.0002125377650372684
2912,0.0002009598392760381
2913,0.00017882868996821344
2914,0.00016965638496913016
2915,0.00015487323980778456
2916,0.00015074832481332123
2917,0.0001432635763194412
2918,0.00014535455557052046
2919,0.00014504612772725523
2920,0.0001554498594487086
2921,0.00016397537547163665
2922,0.00018795538926497102
2923,0.00021011372155044228
2924,0.0002597553830128163
2925,0.00030634619179181755
2926,0.0004093425231985748
2927,0.0005011113826185465
2928,0.0007181736291386187
2929,0.0008860861998982728
2930,0.0013404794735834002
2931,0.001595682348124683
2932,0.0024783979170024395
2933,0.0026779111940413713
2934,0.0040521807968616486
2935,0.0036860774271190166
2936,0.004914571531116962
2937,0.0035383848007768393
2938,0.0035335093270987272
2939,0.0019320470746606588
2940,0.0011238327715545893
2941,0.0003514974960125983
2942,7.094052853062749e-05
2943,0.00018523941980674863
2944,0.0005290862754918635
2945,0.0009963432094082236
2946,0.0011076763039454818
2947,0.001224642968736589
2948,0.0008416547789238393
2949,0.0005416691419668496
2950,0.00022011142573319376
2951,7.979005022207275e-05
2952,0.00011093116336269304
2953,0.0002506683813408017
2954,0.00043087784433737397
2955,0.0005003198748454452
2956,0.0005377967609092593
2957,0.00041435970342718065
2958,0.0002982518635690212
2959,0.0001643895375309512
2960,8.669690578244627e-05
2961,6.712335743941367e-05
2962,9.681364463176578e-05
2963,0.0001548805448692292
2964,0.00020811485592275858
2965,0.0002573451492935419
2966,0.00026106645236723125
2967,0.0002599668223410845
2968,0.00021971462410874665
2969,0.00018521101446822286
2970,0.00013993721222504973
2971,0.0001063862000592053
2972,7.995073974598199e-05
2973,6.479366129497066e-05
2974,5.896292714169249e-05
2975,6.0667534853564575e-05
2976,6.774973007850349e-05
2977,7.801752508385107e-05
2978,9.097771544475108e-05
2979,0.00010369953815825284
2980,0.00011970497143920511
2981,0.0001332609390374273
2982,0.0001535058836452663
2983,0.00016951755969785154
2984,0.0001985882845474407
2985,0.00022128592536319047
2986,0.00026842407532967627
2987,0.00030499909189529717
2988,0.00038772792322561145
2989,0.0004492072621360421
2990,0.0006004982278682292
2991,0.0007005881052464247
2992,0.0009788614697754383
2993,0.0011221097083762288
2994,0.0016122026136144996
2995,0.001749982824549079
2996,0.0025054593570530415
2997,0.002454197034239769
2998,0.0033091066870838404
2999,0.0027864077128469944
3000,0.0032368768006563187
3001,0.002265036106109619
3002,0.0020064404234290123
3003,0.0011117416433990002
3004,0.0006158307078294456
3005,0.00021152333647478372
3006,6.625756941502914e-05
3007,0.00012857807450927794
3008,0.0003172609431203455
3009,0.0005764276720583439
3010,0.000697403447702527
3011,0.0008275313884951174
3012,0.0006860070861876011
3013,0.0005756877362728119
3014,0.0003503418411128223
3015,0.0001939993817359209
3016,9.126971417572349e-05
3017,6.744015263393521e-05
3018,0.00010644603025866672
3019,0.00017727486556395888
3020,0.00026160693960264325
3021,0.00030586583307012916
3022,0.0003456328413449228
3023,0.0003174968878738582
3024,0.0002938002289738506
3025,0.00022989147691987455
3026,0.00018034483946394175
3027,0.00012781942496076226
3028,9.222087828675285e-05
3029,6.931448297109455e-05
3030,6.0004982515238225e-05
3031,6.142190977698192e-05
3032,7.050154090393335e-05
3033,8.483336569042876e-05
3034,0.00010096860933117568
3035,0.00012070880620740354
3036,0.00013776065316051245
3037,0.00016125538968481123
3038,0.00017875933554023504
3039,0.0002091936330543831
3040,0.000230584351811558
3041,0.00027606094954535365
3042,0.00030775141203776
3043,0.0003831324866041541
3044,0.00043451887904666364
3045,0.0005671753897331655
3046,0.0006503790500573814
3047,0.000888428941834718
3048,0.0010101255029439926
3049,0.0014260634779930115
3050,0.0015566992806270719
3051,0.002212588209658861
3052,0.0022207722067832947
3053,0.0030323162209242582
3054,0.002668760484084487
3055,0.003244612365961075
3056,0.0024145455099642277
3057,0.0023518777452409267
3058,0.0014315810985863209
3059,0.0009619958000257611
3060,0.0004175504145678133
3061,0.0001400336914230138
3062,6.534291605930775e-05
3063,0.00016314165259245783
3064,0.0003702093381434679
3065,0.000547869480215013
3066,0.0007442736532539129
3067,0.0007101612281985581
3068,0.000694902497343719
3069,0.000493465515319258
3070,0.0003415417450014502
3071,0.00018133250705432147
3072,9.141408372670412e-05
3073,6.61228914395906e-05
3074,9.580953337717801e-05
3075,0.00015974187408573925
3076,0.00022380583686754107
3077,0.0002902111446019262
3078,0.0003071975661441684
3079,0.0003249020082876086
3080,0.00028792614466510713
3081,0.00026060876552946866
3082,0.0002057527017313987
3083,0.00016519168275408447
3084,0.0001229568151757121
3085,9.401716670254245e-05
3086,7.34119676053524e-05
3087,6.237027264432982e-05
3088,5.871389294043183e-05
3089,6.07327492616605e-05
3090,6.688244320685044e-05
3091,7.572869799332693e-05
3092,8.736131712794304e-05
3093,9.981617768062279e-05
3094,0.00011662930046441033
3095,0.00013316745753400028
3096,0.0001590988686075434
3097,0.00018385093426331878
3098,0.00022866923245601356
3099,0.00027030720957554877
3100,0.0003547378000803292
3101,0.0004289886564947665
3102,0.0005966936587356031
3103,0.0007272924412973225
3104,0.001065374119207263
3105,0.0012703327229246497
3106,0.0019239381654188037
3107,0.0021398505195975304
3108,0.00322553189471364
3109,0.00313808536157012
3110,0.004369944334030151
3111,0.003488152986392379
3112,0.003957402892410755
3113,0.0024935752153396606
3114,0.0019233482889831066
3115,0.0008629370713606477
3116,0.00030345015693455935
3117,7.017986354185268e-05
3118,0.0001737441634759307
3119,0.00050084397662431
3120,0.0007918504416011274
3121,0.0011114707449451089
3122,0.0009857869008556008
3123,0.0008829383878037333
3124,0.0005163823370821774
3125,0.00025964921223931015
3126,9.717792272567749e-05
3127,8.268022793345153e-05
3128,0.0001801353064365685
3129,0.00031021825270727277
3130,0.0004437691532075405
3131,0.00045610134839080274
3132,0.0004484292003326118
3133,0.00033199723111465573
3134,0.0002320442727068439
3135,0.0001329060469288379
3136,7.807115616742522e-05
3137,6.616304744966328e-05
3138,8.906323637347668e-05
3139,0.00013258526450954378
3140,0.00017511739861220121
3141,0.00021758981165476143
3142,0.00023036224592942744
3143,0.00024218343605753034
3144,0.00022185861598700285
3145,0.00020687331561930478
3146,0.00017399192438460886
3147,0.00014976985403336585
3148,0.0001217624667333439
3149,0.00010176043724641204
3150,8.447463187621906e-05
3151,7.288093911483884e-05
3152,6.492563261417672e-05
3153,6.035825936123729e-05
3154,5.8242963859811425e-05
3155,5.7963225117418915e-05
3156,5.904469435336068e-05
3157,6.117323209764436e-05
3158,6.428971391869709e-05
3159,6.824929732829332e-05
3160,7.373080006800592e-05
3161,8.041701221372932e-05
3162,9.043670434039086e-05
3163,0.0001026149038807489
3164,0.00012250342115294188
3165,0.0001463532680645585
3166,0.00018858769908547401
3167,0.00023763030185364187
3168,0.00033276257454417646
3169,0.00043556251330301166
3170,0.0006575217703357339
3171,0.0008642737520858645
3172,0.001382718444801867
3173,0.001735918689519167
3174,0.0028602108359336853
3175,0.0031840933952480555
3176,0.0050867339596152306
3177,0.004548154305666685
3178,0.006182645447552204
3179,0.0041124108247458935
3180,0.003789548994973302
3181,0.0017670863308012486
3182,0.0007268523913808167
3183,0.00012213342415634543
3184,0.00016950120334513485
3185,0.000677018309943378
3186,0.0011618754360824823
3187,0.0016960360808297992
3188,0.0013680306728929281
3189,0.0010806311620399356
3190,0.00047885713865980506
3191,0.000143388329888694
3192,9.72523630480282e-05
3193,0.0002880569954868406
3194,0.0005788272246718407
3195,0.0006857166881673038
3196,0.0007212902419269085
3197,0.0004878768522758037
3198,0.00028110924176871777
3199,0.00011616252595558763
3200,7.708459452260286e-05
3201,0.00014435299090109766
3202,0.0002513426006771624
3203,0.0003563042264431715
3204,0.00036412032204680145
3205,0.00034262408735230565
3206,0.00024571482208557427
3207,0.00016166752902790904
3208,9.403358126292005e-05
3209,6.663737440248951e-05
3210,7.576598000014201e-05
3211,0.00010827073128893971
3212,0.00015058182179927826
3213,0.00018038607959169894
3214,0.00020471248717512935
3215,0.00019973094458691776
3216,0.0001920801732921973
3217,0.00016413867706432939
3218,0.00014031738101039082
3219,0.000112287285446655
3220,9.139000030700117e-05
3221,7.497685146518052e-05
3222,6.505872443085536e-05
3223,6.040220978320576e-05
3224,6.00786333961878e-05
3225,6.29509668215178e-05
3226,6.794818909838796e-05
3227,7.458084292011335e-05
3228,8.173057722160593e-05
3229,9.052785026142374e-05
3230,9.895346011035144e-05
3231,0.00011060183169320226
3232,0.00012134341523051262
3233,0.00013851850235369056
3234,0.00015421744319610298
3235,0.00018249927961733192
3236,0.00020823287195526063
3237,0.0002585523179732263
3238,0.0003028670616913587
3239,0.00039690244011580944
3240,0.0004736968840006739
3241,0.000653857016004622
3242,0.0007802046602591872
3243,0.0011229149531573057
3244,0.0012988391099497676
3245,0.0019081695936620235
3246,0.0020484980195760727
3247,0.0029547433368861675
3248,0.0027894391678273678
3249,0.0036805979907512665
3250,0.002907760674133897
3251,0.003143910551443696
3252,0.002011299831792712
3253,0.0015289619332179427
3254,0.0007182256667874753
3255,0.0002774028980638832
3256,7.495313184335828e-05
3257,0.00012585852527990937
3258,0.00035095008206553757
3259,0.0005863701808266342
3260,0.0008507120655849576
3261,0.0008245064527727664
3262,0.0008113610092550516
3263,0.0005521674174815416
3264,0.00035507624852471054
3265,0.00016663578571751714
3266,7.802665641065687e-05
3267,8.132597577059641e-05
3268,0.00015007492038421333
3269,0.0002513347426429391
3270,0.00032119971001520753
3271,0.00038313682307489216
3272,0.00035817784373648465
3273,0.00033193896524608135
3274,0.0002513818326406181
3275,0.00018693608581088483
3276,0.00012307887664064765
3277,8.307165990117937e-05
3278,6.419315468519926e-05
3279,6.47368433419615e-05
3280,7.937541522551328e-05
3281,0.00010145594569621608
3282,0.0001284378522541374
3283,0.00015055402764119208
3284,0.00017614755779504776
3285,0.00018904400349128991
3286,0.00020951904298271984
3287,0.00021419173572212458
3288,0.00023195920221041888
3289,0.00023323993082158267
3290,0.0002531345817260444
3291,0.0002561432484071702
3292,0.00028431013925001025
3293,0.00029391382122412324
3294,0.00033888992038555443
3295,0.0003604133380576968
3296,0.00043543201172724366
3297,0.0004753427638206631
3298,0.0006029607611708343
3299,0.000668153224978596
3300,0.0008846630807965994
3301,0.0009744743001647294
3302,0.001327176345512271
3303,0.0014106901362538338
3304,0.0019265422597527504
3305,0.0019052202114835382
3306,0.002503888215869665
3307,0.0022190145682543516
3308,0.002639130922034383
3309,0.002034880453720689
3310,0.002018656814470887
3311,0.0013196623185649514
3312,0.0009812352946028113
3313,0.0005028086015954614
3314,0.00023016633349470794
3315,8.37935513118282e-05
3316,7.740460569038987e-05
3317,0.00017392495647072792
3318,0.0003109884855803102
3319,0.00047701323637738824
3320,0.0005399137153290212
3321,0.0006154857692308724
3322,0.0005322701181285083
3323,0.00047623866703361273
3324,0.0003356082015670836
3325,0.0002337955083930865
3326,0.00013873630086891353
3327,8.421653183177114e-05
3328,6.432570808101445e-05
3329,7.412798731820658e-05
3330,0.00010435863077873364
3331,0.00014218935393728316
3332,0.00018647703109309077
3333,0.00021562818437814713
3334,0.00025069701950997114
3335,0.0002578575222287327
3336,0.0002773580781649798
3337,0.00026723596965894103
3338,0.00027506594778969884
3339,0.00025791817461140454
3340,0.0002614292607177049
3341,0.0002452968619763851
3342,0.00025076797464862466
3343,0.00024059877614490688
3344,0.0002533670049160719
3345,0.00025204537087120116
3346,0.0002778007183223963
3347,0.00028847172507084906
3348,0.0003361461276654154
3349,0.0003641204384621233
3350,0.00045068946201354265
3351,0.0005049153696745634
3352,0.0006622709333896637
3353,0.0007533042808063328
3354,0.0010359578300267458
3355,0.0011623869650065899
3356,0.0016435608267784119
3357,0.0017514156643301249
3358,0.0024634019937366247
3359,0.0023799759801477194
3360,0.0031489934772253036
3361,0.002637056400999427
3362,0.0030170090030878782
3363,0.002123220358043909
3364,0.0018765706336125731
3365,0.0010603154078125954
3366,0.0006060379091650248
3367,0.00022370403166860342
3368,7.312364323297516e-05
3369,0.00010865437798202038
3370,0.0002663614577613771
3371,0.0004942698287777603
3372,0.000625049346126616
3373,0.0007688124314881861
3374,0.0006753037450835109
3375,0.0006095468415878713
3376,0.00040744009311310947
3377,0.0002604402834549546
3378,0.00013409004895947874
3379,7.441903289873153e-05
3380,7.349500083364546e-05
3381,0.00011555807577678934
3382,0.00018203252693638206
3383,0.00023914684425108135
3384,0.0002978703996632248
3385,0.0003074819687753916
3386,0.0003212645824532956
3387,0.0002852918696589768
3388,0.0002613389224279672
3389,0.0002113230584654957
3390,0.0001758491271175444
3391,0.0001361195172648877
3392,0.00010856164590222761
3393,8.621375309303403e-05
3394,7.210156763903797e-05
3395,6.370843766489998e-05
3396,6.011845471221022e-05
3397,6.007045158185065e-05
3398,6.262904935283586e-05
3399,6.722052785335109e-05
3400,7.33393753762357e-05
3401,8.162153244484216e-05
3402,9.121179755311459e-05
3403,0.0001050981372827664
3404,0.0001207976383739151
3405,0.0001463198132114485
3406,0.00017474876949563622
3407,0.00022601250384468585
3408,0.00028101750649511814
3409,0.0003908189246430993
3410,0.0004996198695152998
3411,0.0007434833096340299
3412,0.0009489886579103768
3413,0.0014892475446686149
3414,0.0018104877090081573
3415,0.002908811205998063
3416,0.00313678290694952
3417,0.004846696741878986
3418,0.004240868147462606
3419,0.005550575442612171
3420,0.0036921410355716944
3421,0.0033227417152374983
3422,0.0015777398366481066
3423,0.0006652354495599866
3424,0.00012543407501652837
3425,0.00014301619376055896
3426,0.0005596824339590967
3427,0.000996127026155591
3428,0.0014854306355118752
3429,0.0012733802432194352
3430,0.0010864867363125086
3431,0.0005476073129102588
3432,0.00020688543736469
3433,7.94939260231331e-05
3434,0.00017850555013865232
3435,0.00040594307938590646
3436,0.000562074186746031
3437,0.0006733241607435048
3438,0.0005366078694351017
3439,0.0003899180446751416
3440,0.00019962916849181056
3441,9.28519366425462e-05
3442,7.79831170802936e-05
3443,0.0001364641939289868
3444,0.0002296120801474899
3445,0.0002926725137513131
3446,0.0003372605424374342
3447,0.0003016246191691607
3448,0.0002576352271717042
3449,0.0001809077220968902
3450,0.00012182652426417917
3451,8.037852239795029e-05
3452,6.510272214654833e-05
3453,7.194636418716982e-05
3454,9.315482020610943e-05
3455,0.00012176179006928578
3456,0.00014596973778679967
3457,0.00016987702110782266
3458,0.00017771846614778042
3459,0.0001866969687398523
3460,0.00017883683904074132
3461,0.00017560849664732814
3462,0.00016068048716988415
3463,0.00015211623394861817
3464,0.00013737115659750998
3465,0.00012874270032625645
3466,0.00011748426186386496
3467,0.00011118188558612019
3468,0.00010394804121460766
3469,0.00010058133921120316
3470,9.690628212410957e-05
3471,9.649655839893967e-05
3472,9.597244206815958e-05
3473,9.881132427835837e-05
3474,0.00010182335245190188
3475,0.0001094291073968634
3476,0.0001176485966425389
3477,0.00013372706598602235
3478,0.00015125575009733438
3479,0.00018441089196130633
3480,0.0002199290756834671
3481,0.00028957732138223946
3482,0.0003603872610256076
3483,0.0005104261799715459
3484,0.0006466361228376627
3485,0.0009723129915073514
3486,0.0012072596000507474
3487,0.0018861122662201524
3488,0.002175610512495041
3489,0.0033967418130487204
3490,0.0033849533647298813
3491,0.0048805298283696175
3492,0.003892989829182625
3493,0.004491758532822132
3494,0.0027445550076663494
3495,0.0020424702670425177
3496,0.0008405261323787272
3497,0.0002390692534390837
3498,7.324957550736144e-05
3499,0.0002976072137244046
3500,0.0007582560065202415
3501,0.0010461534839123487
3502,0.00134508335031569
3503,0.0010457998141646385
3504,0.0007944214157760143
3505,0.00037363849696703255
3506,0.00013356900308281183
3507,8.22856163722463e-05
3508,0.0001939984067576006
3509,0.00038776907604187727
3510,0.000504641211591661
3511,0.0005865553976036608
3512,0.00047569864545948803
3513,0.00035996275255456567
3514,0.00020161137217655778
3515,0.00010305251635145396
3516,7.040693162707612e-05
3517,9.859894635155797e-05
3518,0.00016312638763338327
3519,0.00022410653764382005
3520,0.00027925637550652027
3521,0.00028010422829538584
3522,0.0002731000422500074
3523,0.000222739196033217
3524,0.00017873957403935492
3525,0.00012847567268181592
3526,9.329406020697206e-05
3527,7.104712130967528e-05
3528,6.311206379905343e-05
3529,6.662680971203372e-05
3530,7.793791883159429e-05
3531,9.416232933290303e-05
3532,0.00011064141290262341
3533,0.00012940082524437457
3534,0.00014285735960584134
3535,0.0001603542477823794
3536,0.0001695075334282592
3537,0.00018658499175217003
3538,0.00019372504903003573
3539,0.00021376245422288775
3540,0.00022253698261920363
3541,0.00025080962223000824
3542,0.0002655231219250709
3543,0.0003100190660916269
3544,0.0003358983376529068
3545,0.00040974622243084013
3546,0.00045359061914496124
3547,0.0005792984156869352
3548,0.0006479802541434765
3549,0.0008607257041148841
3550,0.0009528928785584867
3551,0.001297856797464192
3552,0.0013824303168803453
3553,0.0018831618363037705
3554,0.0018634682055562735
3555,0.0024383815471082926
3556,0.0021615736186504364
3557,0.002556687919422984
3558,0.0019728755578398705
3559,0.0019458914175629616
3560,0.0012731618480756879
3561,0.0009416693937964737
3562,0.0004830816760659218
3563,0.00022132555022835732
3564,8.30536155262962e-05
3565,7.958624337334186e-05
3566,0.00017470384773332626
3567,0.00030775461345911026
3568,0.00046803447185084224
3569,0.0005283826612867415
3570,0.000600295839831233
3571,0.0005201614694669843
3572,0.0004658895486500114
3573,0.00033044914016500115
3574,0.0002321901556570083
3575,0.00013985334953758866
3576,8.625550253782421e-05
3577,6.561459304066375e-05
3578,7.350186933763325e-05
3579,0.00010116193880094215
3580,0.00013680788106285036
3581,0.00017893523909151554
3582,0.00020801388018298894
3583,0.00024293918977491558
3584,0.0002522376016713679
3585,0.00027355001657269895
3586,0.0002666258078534156
3587,0.00027765746926888824
3588,0.0002636029967106879
3589,0.00027103343745693564
3590,0.00025776971597224474
3591,0.00026801854255609214
3592,0.0002604180190246552
3593,0.00027904435410164297
3594,0.00028038237360306084
3595,0.0003140715998597443
3596,0.00032817950705066323
3597,0.0003878955321852118
3598,0.0004206544253975153
3599,0.0005260966718196869
3600,0.0005856060888618231
3601,0.0007711779326200485
3602,0.0008632721728645265
3603,0.0011819355422630906
3604,0.0012922992464154959
3605,0.001799298101104796
3606,0.0018493656534701586
3607,0.0025210867170244455
3608,0.002333220560103655
3609,0.0029347066301852465
3610,0.002356515731662512
3611,0.0025138973724097013
3612,0.0017050141468644142
3613,0.0013826999347656965
3614,0.0007457807078026235
3615,0.00038045545807108283
3616,0.000133154186187312
3617,6.824357114965096e-05
3618,0.00014544278383255005
3619,0.00029876414919272065
3620,0.0004974103649146855
3621,0.0005900839460082352
3622,0.000695392198394984
3623,0.0006039596628397703
3624,0.0005409182049334049
3625,0.0003705871640704572
3626,0.00024717263295315206
3627,0.00013727493933402002
3628,7.982106762938201e-05
3629,6.820300768595189e-05
3630,9.287086868425831e-05
3631,0.00014033590559847653
3632,0.00018926238408312201
3633,0.00024309942091349512
3634,0.0002669681853149086
3635,0.0002966736501548439
3636,0.0002857976360246539
3637,0.0002877000952139497
3638,0.0002571099321357906
3639,0.00024263939121738076
3640,0.00020948596647940576
3641,0.0001911139115691185
3642,0.00016468908870592713
3643,0.00014965205627959222
3644,0.00013207842130213976
3645,0.00012243338278494775
3646,0.00011231581447646022
3647,0.00010770585504360497
3648,0.00010317320993635803
3649,0.00010307463526260108
3650,0.00010323498281650245
3651,0.0001081266236724332
3652,0.0001137020590249449
3653,0.000126382103189826
3654,0.00014078384265303612
3655,0.0001689369382802397
3656,0.00020060707174707204
3657,0.00026275721029378474
3658,0.00033001170959323645
3659,0.0004708471242338419
3660,0.0006093530682846904
3661,0.00093360326718539
3662,0.0011939769610762596
3663,0.0019207547884434462
3664,0.002286390634253621
3665,0.00370958773419261
3666,0.003774947952479124
3667,0.005671016406267881
3668,0.004489583428949118
3669,0.005286465864628553
3670,0.003095839638262987
3671,0.002199692651629448
3672,0.0008084023138508201
3673,0.00017073201888706535
3674,0.00011580664431676269
3675,0.0005060627008788288
3676,0.0011422376846894622
3677,0.001364417257718742
3678,0.0015829597832635045
3679,0.001048751175403595
3680,0.000628054840490222
3681,0.00021321249369066209
3682,8.288599201478064e-05
3683,0.00020567412138916552
3684,0.0004350760136730969
3685,0.0006763164419680834
3686,0.0006623813533224165
3687,0.0005955392261967063
3688,0.000357768964022398
3689,0.00017972494242712855
3690,8.318341133417562e-05
3691,9.527821384835988e-05
3692,0.00018200677004642785
3693,0.00027529741055332124
3694,0.0003563918871805072
3695,0.0003448588540777564
3696,0.00031364423921331763
3697,0.000224887699005194
3698,0.00015123060438781977
3699,9.326084546046332e-05
3700,6.861226574983448e-05
3701,7.388890662696213e-05
3702,9.934576519299299e-05
3703,0.0001347426004940644
3704,0.00016356652486138046
3705,0.0001902510120999068
3706,0.00019450497347861528
3707,0.0001978896325454116
3708,0.00018084442126564682
3709,0.00016753957606852055
3710,0.00014413143799174577
3711,0.00012657833576668054
3712,0.0001073324674507603
3713,9.339247480966151e-05
3714,8.145070751197636e-05
3715,7.326108607230708e-05
3716,6.744315760442987e-05
3717,6.387894245563075e-05
3718,6.192147702677175e-05
3719,6.117201701272279e-05
3720,6.129927351139486e-05
3721,6.208097329363227e-05
3722,6.341505650198087e-05
3723,6.523344200104475e-05
3724,6.772542838007212e-05
3725,7.084885874064639e-05
3726,7.529256981797516e-05
3727,8.077669190242887e-05
3728,8.918606908991933e-05
3729,9.964852506527677e-05
3730,0.00011678375449264422
3731,0.00013774634862784296
3732,0.00017466337885707617
3733,0.0002185170305892825
3734,0.0003020075091626495
3735,0.0003944739291910082
3736,0.000589580275118351
3737,0.0007779992301948369
3738,0.0012358505045995116
3739,0.0015692762099206448
3740,0.002577821724116802
3741,0.002934020012617111
3742,0.004718734882771969
3743,0.004372126422822475
3744,0.006111734081059694
3745,0.004240922164171934
3746,0.004157183226197958
3747,0.0020527620799839497
3748,0.0009761179098859429
3749,0.00020405753457453102
3750,0.00011221990280319005
3751,0.000530532153788954
3752,0.0010452152928337455
3753,0.0016355355037376285
3754,0.001411417848430574
3755,0.0012055466650053859
3756,0.0005827941931784153
3757,0.00020053834305144846
3758,8.57136255945079e-05
3759,0.00023368540860246867
3760,0.0005149641074240208
3761,0.0006631569121964276
3762,0.0007445848896168172
3763,0.0005375970504246652
3764,0.00033895642263814807
3765,0.00014835190086159855
3766,7.752777310088277e-05
3767,0.00011962754069827497
3768,0.00022113954764790833
3769,0.0003338198584970087
3770,0.0003638294292613864
3771,0.00036344537511467934
3772,0.0002761112409643829
3773,0.00019422033801674843
3774,0.00011594245734158903
3775,7.494830788346007e-05
3776,7.103726238710806e-05
3777,9.533666889183223e-05
3778,0.00013441455666907132
3779,0.00016826475621201098
3780,0.00019844312919303775
3781,0.0002018333470914513
3782,0.00020180284627713263
3783,0.00017870194278657436
3784,0.00015841753338463604
3785,0.0001299933937843889
3786,0.0001080198708223179
3787,8.834418258629739e-05
3788,7.509576971642673e-05
3789,6.681852391920984e-05
3790,6.318187661236152e-05
3791,6.312268669717014e-05
3792,6.5674124925863e-05
3793,7.008080137893558e-05
3794,7.55459550418891e-05
3795,8.228567457990721e-05
3796,8.91247036634013e-05
3797,9.795409278012812e-05
3798,0.00010642620327416807
3799,0.00011898268712684512
3800,0.00013089459389448166
3801,0.00015085903578437865
3802,0.00016971441800706089
3803,0.00020432795281521976
3804,0.00023647682974115014
3805,0.0003005130565725267
3806,0.0003571543493308127
3807,0.0004799863090738654
3808,0.0005779439816251397
3809,0.0008166753686964512
3810,0.0009717772481963038
3811,0.0014221747405827045
3812,0.0016108808340504766
3813,0.0023732297122478485
3814,0.0024323933757841587
3815,0.0034220695961266756
3816,0.0029996936209499836
3817,0.0036802904214709997
3818,0.0026436590123921633
3819,0.0024771562311798334
3820,0.001394932740367949
3821,0.000811627134680748
3822,0.00028330704662948847
3823,7.768642535666004e-05
3824,0.00013372286048252136
3825,0.00035574263893067837
3826,0.0006678761565126479
3827,0.0008033013436943293
3828,0.0009437850094400346
3829,0.0007483724621124566
3830,0.000589922652579844
3831,0.0003261949750594795
3832,0.00015660002827644348
3833,7.671583443880081e-05
3834,9.432089427718893e-05
3835,0.0001783755433280021
3836,0.0002729546104092151
3837,0.00036866599111817777
3838,0.0003820969723165035
3839,0.00038698408752679825
3840,0.000312381045660004
3841,0.00024843457504175603
3842,0.00016762976883910596
3843,0.000111534318421036
3844,7.642073614988476e-05
3845,6.567962554981932e-05
3846,7.434313010890037e-05
3847,9.543614578433335e-05
3848,0.00012389605399221182
3849,0.00014954536163713783
3850,0.00017816468607634306
3851,0.00019325249013490975
3852,0.00021432331413961947
3853,0.00021752272732555866
3854,0.00023179501295089722
3855,0.00022822344908490777
3856,0.00024019430566113442
3857,0.00023586238967254758
3858,0.00025090371491387486
3859,0.0002503505384083837
3860,0.000273774319794029
3861,0.00028069986728951335
3862,0.0003197335754521191
3863,0.0003384706797078252
3864,0.00040458227158524096
3865,0.0004408260283526033
3866,0.0005538447294384241
3867,0.0006142514757812023
3868,0.0008063840214163065
3869,0.0008921293774619699
3870,0.0012074323603883386
3871,0.0012958368752151728
3872,0.001766118686646223
3873,0.001775269745849073
3874,0.0023463587276637554
3875,0.0021283153910189867
3876,0.0025765623431652784
3877,0.0020448206923902035
3878,0.0020992071367800236
3879,0.001422039931640029
3880,0.0011211211094632745
3881,0.0006100973696447909
3882,0.000312518619466573
3883,0.00011841933883260936
3884,6.903958274051547e-05
3885,0.00013193220365792513
3886,0.0002561077999416739
3887,0.00041705500916577876
3888,0.0005023737903684378
3889,0.0005991728976368904
3890,0.0005435850471258163
3891,0.0005113669903948903
3892,0.00037826329935342073
3893,0.00028097390895709395
3894,0.00017518975073471665
3895,0.0001082541566574946
3896,7.267291948664933e-05
3897,6.828485493315384e-05
3898,8.729725959710777e-05
3899,0.00011945646838285029
3900,0.00016016607696656138
3901,0.0001929203572217375
3902,0.00023119247634895146
3903,0.0002468097663950175
3904,0.00027376727666705847
3905,0.00027271328144706786
3906,0.0002899690007325262
3907,0.00028010603273287416
3908,0.00029374362202361226
3909,0.00028309854678809643
3910,0.0002997574338223785
3911,0.0002938828547485173
3912,0.0003199450729880482
3913,0.00032297035795636475
3914,0.0003665387339424342
3915,0.00038268713979050517
3916,0.0004563463444355875
3917,0.0004912635777145624
3918,0.0006162177305668592
3919,0.0006753291818313301
3920,0.0008851006277836859
3921,0.0009670772706158459
3922,0.0013049761764705181
3923,0.0013804116751998663
3924,0.0018700057407841086
3925,0.0018477648263797164
3926,0.002413505921140313
3927,0.0021464971359819174
3928,0.0025469427928328514
3929,0.0019804982002824545
3930,0.001974135171622038
3931,0.0013086515245959163
3932,0.0009903511963784695
3933,0.0005221653846092522
3934,0.00025203655241057277
3935,9.608625259716064e-05
3936,7.491269207093865e-05
3937,0.0001549431326566264
3938,0.00028197260689921677
3939,0.0004399909230414778
3940,0.0005127602489665151
3941,0.0005986696342006326
3942,0.0005354954628273845
3943,0.0004985664854757488
3944,0.00036808697041124105
3945,0.00027373991906642914
3946,0.00017246018978767097
3947,0.0001083013485185802
3948,7.346247730311006e-05
3949,6.786116864532232e-05
3950,8.431202149949968e-05
3951,0.00011372134031262249
3952,0.00015176126908045262
3953,0.0001839921751525253
3954,0.00022228702437132597
3955,0.00024089645012281835
3956,0.00027154837152920663
3957,0.00027604500064626336
3958,0.0003005860198754817
3959,0.00029733346309512854
3960,0.00032139214454218745
3961,0.000317547470331192
3962,0.00034825471811927855
3963,0.0003499879385344684
3964,0.00039626844227313995
3965,0.0004085411492269486
3966,0.00048241086187772453
3967,0.0005103796720504761
3968,0.0006305503193289042
3969,0.0006782700074836612
3970,0.0008728126995265484
3971,0.0009376058587804437
3972,0.0012402258580550551
3973,0.0012961631873622537
3974,0.0017226896015927196
3975,0.001696765306405723
3976,0.002185671590268612
3977,0.001962820300832391
3978,0.0023263171315193176
3979,0.001854169531725347
3980,0.0018898670095950365
3981,0.0013081461656838655
3982,0.0010549681028351188
3983,0.0006047377246432006
3984,0.0003392590442672372
3985,0.00014417478814721107
3986,7.073464075801894e-05
3987,9.394285007147118e-05
3988,0.0001810051908250898
3989,0.00030689217965118587
3990,0.0003993381396867335
3991,0.000504890049342066
3992,0.0004994072369299829
3993,0.0005147181800566614
3994,0.000425078091211617
3995,0.00036564364563673735
3996,0.0002634125994518399
3997,0.000191772953257896
3998,0.00012705870904028416
3999,8.787275874055922e-05
4000,6.856907566543669e-05
4001,6.685403786832467e-05
4002,7.815157005097717e-05
4003,9.750704339239746e-05
4004,0.0001230845518875867
4005,0.0001475370954722166
4006,0.0001784730702638626
4007,0.00020090423640795052
4008,0.00023626076290383935
4009,0.0002571675577200949
4010,0.00030216597951948643
4011,0.00032649748027324677
4012,0.0003920357848983258
4013,0.00042698998004198074
4014,0.0005316939204931259
4015,0.0005856223287992179
4016,0.0007596094510518014
4017,0.0008381173247471452
4018,0.001126281451433897
4019,0.0012180558405816555
4020,0.0016663724090903997
4021,0.0017100600525736809
4022,0.0023049688898026943
4023,0.00215852539986372
4024,0.0027195443399250507
4025,0.0022419013548642397
4026,0.0024493529926985502
4027,0.0017309262184426188
4028,0.0014898574445396662
4029,0.0008639025036245584
4030,0.00050580152310431
4031,0.00020632274390663952
4032,7.955249748192728e-05
4033,9.147278615273535e-05
4034,0.0002001970133278519
4035,0.00036635881406255066
4036,0.00048474821960553527
4037,0.0006163749494589865
4038,0.0005866736173629761
4039,0.0005781571962870657
4040,0.00043952843407168984
4041,0.0003377404063940048
4042,0.00021197220485191792
4043,0.00012950162636116147
4044,8.043727575568482e-05
4045,6.872552330605686e-05
4046,8.596615225542337e-05
4047,0.0001205503212986514
4048,0.0001657465472817421
4049,0.00020267549552954733
4050,0.00024478600244037807
4051,0.00026024243561550975
4052,0.0002862910332623869
4053,0.0002802458475343883
4054,0.0002915372315328568
4055,0.00027418346144258976
4056,0.0002780140202958137
4057,0.00025929289404302835
4058,0.0002627317444421351
4059,0.00024864895385690033
4060,0.0002574080426711589
4061,0.00025126419495791197
4062,0.0002702575584407896
4063,0.0002745936217252165
4064,0.00031078734900802374
4065,0.0003295381320640445
4066,0.00039517393452115357
4067,0.0004350769449956715
4068,0.0005532001960091293
4069,0.0006237674970179796
4070,0.0008352731820195913
4071,0.0009419968700967729
4072,0.001308039529249072
4073,0.0014275370631366968
4074,0.002002872759476304
4075,0.0020286799408495426
4076,0.002752704080194235
4077,0.0024733839090913534
4078,0.003029938554391265
4079,0.00232810340821743
4080,0.002338679041713476
4081,0.0014908285811543465
4082,0.0010783817851915956
4083,0.0005171408993192017
4084,0.00020933218183927238
4085,7.572008325951174e-05
4086,0.00011465277930255979
4087,0.0002724657242652029
4088,0.0004472065484151244
4089,0.0006479858420789242
4090,0.0006707890424877405
4091,0.0007086552795954049
4092,0.0005514180520549417
4093,0.00043291973997838795
4094,0.00026292764232493937
4095,0.00015030178474262357
4096,8.392637391807511e-05
4097,7.221457053674385e-05
4098,0.00010252845095237717
4099,0.0001548225845908746
4100,0.00021890312200412154
4101,0.00026078347582370043
4102,0.0003054252883885056
4103,0.0003038259455934167
4104,0.0003112588601652533
4105,0.00027738799690268934
4106,0.0002584329340606928
4107,0.00021677312906831503
4108,0.00018992832337971777
4109,0.0001561257231514901
4110,0.00013366385246627033
4111,0.00011194338731002063
4112,9.748348384164274e-05
4113,8.561381400795653e-05
4114,7.779685984132811e-05
4115,7.206483860500157e-05
4116,6.835056410636753e-05
4117,6.581404159078375e-05
4118,6.419225974241272e-05
4119,6.31422153674066e-05
4120,6.247022975003347e-05
4121,6.202772055985406e-05
4122,6.1730774177704e-05
4123,6.15291137364693e-05
4124,6.139536708360538e-05
4125,6.132266571512446e-05
4126,6.131994450697675e-05
4127,6.140544428490102e-05
4128,6.161260535009205e-05
4129,6.202329677762464e-05
4130,6.274499901337549e-05
4131,6.401566497515887e-05
4132,6.608804687857628e-05
4133,6.969404785195366e-05
4134,7.54586944822222e-05
4135,8.575534593546763e-05
4136,0.00010201678378507495
4137,0.00013240463158581406
4138,0.00017888631555251777
4139,0.000271708209766075
4140,0.00040460596210323274
4141,0.0006977834273129702
4142,0.0010602220427244902
4143,0.001988564617931843
4144,0.0027934724930673838
4145,0.005435597151517868
4146,0.006054393947124481
4147,0.010850788094103336
4148,0.007703021168708801
4149,0.009046322666108608
4150,0.0038596910890191793
4151,0.0014940490946173668
4152,0.00013845530338585377
4153,0.0005299167241901159
4154,0.002078939462080598
4155,0.002777823945507407
4156,0.003475480480119586
4157,0.0017588785849511623
4158,0.0005983412265777588
4159,0.00011155322863487527
4160,0.0005566129693761468
4161,0.0014311749255284667
4162,0.0015127616934478283
4163,0.0013170449528843164
4164,0.000518107321113348
4165,0.00012247360427863896
4166,0.00024750392185524106
4167,0.0006261522648856044
4168,0.0009609164553694427
4169,0.0007546782144345343
4170,0.0004505621618591249
4171,0.0001508057175669819
4172,0.00011260990868322551
4173,0.0002876306534744799
4174,0.0004598101950250566
4175,0.0005454692291095853
4176,0.00039584332262165844
4177,0.00022619034280069172
4178,0.0001004908190225251
4179,9.507166396360844e-05
4180,0.0001798213052097708
4181,0.0002679186873137951
4182,0.00032131740590557456
4183,0.00027425569714978337
4184,0.00020258227596059442
4185,0.00012054864782840014
4186,7.8719160228502e-05
4187,8.29961136332713e-05
4188,0.00011843917309306562
4189,0.0001623366551939398
4190,0.00018380671099293977
4191,0.000187844067113474
4192,0.00016029347898438573
4193,0.00012840097770094872
4194,9.562783088767901e-05
4195,7.579154771519825e-05
4196,7.06479258951731e-05
4197,7.788291259203106e-05
4198,9.201373904943466e-05
4199,0.00010571924212854356
4200,0.00011667799844872206
4201,0.0001185224246000871
4202,0.00011632424138952047
4203,0.00010676270176190883
4204,9.658107592258602e-05
4205,8.523441647412255e-05
4206,7.635488145751879e-05
4207,7.010228728177026e-05
4208,6.697354547213763e-05
4209,6.654665776295587e-05
4210,6.81307865306735e-05
4211,7.096576882759109e-05
4212,7.421176269417629e-05
4213,7.75801163399592e-05
4214,8.017675281735137e-05
4215,8.254605199908838e-05
4216,8.369492570636794e-05
4217,8.4860366769135e-05
4218,8.489460742566735e-05
4219,8.532183710485697e-05
4220,8.487096783937886e-05
4221,8.511705527780578e-05
4222,8.475413778796792e-05
4223,8.534648804925382e-05
4224,8.554610394639894e-05
4225,8.703384082764387e-05
4226,8.829573198454455e-05
4227,9.134857100434601e-05
4228,9.438939741812646e-05
4229,0.00010026100790128112
4230,0.00010642623237799853
4231,0.00011752772843465209
4232,0.00012944724585395306
4233,0.00015087425708770752
4234,0.0001736396661726758
4235,0.00021605017536785454
4236,0.000259804364759475
4237,0.000346725428244099
4238,0.00042998132994398475
4239,0.0006120815523900092
4240,0.0007631813059560955
4241,0.0011429988080635667
4242,0.0013786845374852419
4243,0.002120662946254015
4244,0.002343317959457636
4245,0.003535142168402672
4246,0.003335544839501381
4247,0.004512893967330456
4248,0.0034091882407665253
4249,0.0035635048989206553
4250,0.002065125619992614
4251,0.0013289646012708545
4252,0.0004810383543372154
4253,0.00011001040547853336
4254,0.00012560412869788706
4255,0.0004116712079849094
4256,0.000842720502987504
4257,0.0010151981841772795
4258,0.0011831517331302166
4259,0.0008660352323204279
4260,0.000605045526754111
4261,0.0002732380817178637
4262,0.00010269500489812344
4263,9.371190390083939e-05
4264,0.00020589219639077783
4265,0.0003728220472112298
4266,0.0004632430209312588
4267,0.0005250360118225217
4268,0.00043105785152874887
4269,0.00033518398413434625
4270,0.00020080296962987632
4271,0.00011228963558096439
4272,7.313991955015808e-05
4273,8.400238584727049e-05
4274,0.0001285951875615865
4275,0.0001806799991754815
4276,0.00023359322221949697
4277,0.00025150476722046733
4278,0.0002644952037371695
4279,0.00023744434292893857
4280,0.00021371747425291687
4281,0.00017147575272247195
4282,0.00013873771240469068
4283,0.00010714928066590801
4284,8.57282939250581e-05
4285,7.19841118552722e-05
4286,6.592534919036552e-05
4287,6.58668068354018e-05
4288,7.020970951998606e-05
4289,7.767435454297811e-05
4290,8.675149001646787e-05
4291,9.797483653528616e-05
4292,0.0001089081633836031
4293,0.00012336281361058354
4294,0.00013618712546303868
4295,0.0001561897952342406
4296,0.00017338829638902098
4297,0.00020450478768907487
4298,0.00023085152497515082
4299,0.0002840545494109392
4300,0.000327767978888005
4301,0.00042374333133921027
4302,0.0004965733387507498
4303,0.0006737624062225223
4304,0.0007884172373451293
4305,0.0011116963578388095
4306,0.0012626280076801777
4307,0.0018124504713341594
4308,0.0019181916723027825
4309,0.002695666626095772
4310,0.0025309340562671423
4311,0.003257141914218664
4312,0.0025941082276403904
4313,0.002765118144452572
4314,0.0018083578906953335
4315,0.0013900314224883914
4316,0.0006837166147306561
4317,0.0002893299679271877
4318,8.858906949171796e-05
4319,0.0001063367526512593
4320,0.0002794917090795934
4321,0.000485306023620069
4322,0.0007208377355709672
4323,0.0007378472946584225
4324,0.0007634003995917737
4325,0.0005632334505207837
4326,0.00040714506758376956
4327,0.00022133471793495119
4328,0.00011142894072690979
4329,7.28895902284421e-05
4330,9.92862114799209e-05
4331,0.0001673139922786504
4332,0.00023839480127207935
4333,0.00031163793755695224
4334,0.0003289747692178935
4335,0.0003447651397436857
4336,0.0003001412842422724
4337,0.0002648544614203274
4338,0.00020321449846960604
4339,0.00015728674770798534
4340,0.00011447635188233107
4341,8.684172644279897e-05
4342,7.088654820108786e-05
4343,6.588884571101516e-05
4344,6.925800698809326e-05
4345,7.841519254725426e-05
4346,9.178103937301785e-05
4347,0.00010651926277205348
4348,0.00012490092194639146
4349,0.00014134174853097647
4350,0.0001647791068535298
4351,0.0001837876916397363
4352,0.00021689961431548
4353,0.00024253540323115885
4354,0.00029512407490983605
4355,0.0003346391022205353
4356,0.00042504817247390747
4357,0.0004889434785582125
4358,0.0006507385987788439
4359,0.0007508373819291592
4360,0.0010409703245386481
4361,0.0011755289742723107
4362,0.0016670069890096784
4363,0.0017742073396220803
4364,0.0024857698008418083
4365,0.0023804493248462677
4366,0.003105481620877981
4367,0.00255936523899436
4368,0.0028412179090082645
4369,0.001950309844687581
4370,0.0016300554852932692
4371,0.0008773684385232627
4372,0.00044780460302717984
4373,0.00014947878662496805
4374,7.347285281866789e-05
4375,0.0001713884703349322
4376,0.000357174314558506
4377,0.0005924738943576813
4378,0.0006783909047953784
4379,0.0007712801452726126
4380,0.0006279093213379383
4381,0.0005158096319064498
4382,0.00031699592364020646
4383,0.0001805041538318619
4384,9.334595961263403e-05
4385,7.347192149609327e-05
4386,0.00010678246326278895
4387,0.00016802731261122972
4388,0.00024231654242612422
4389,0.00028632901376113296
4390,0.0003293546615168452
4391,0.00031521261553280056
4392,0.0003070041711907834
4393,0.0002568942145444453
4394,0.00022000819444656372
4395,0.00017007980204652995
4396,0.0001342705072602257
4397,0.00010291647049598396
4398,8.276286826003343e-05
4399,7.066068064887077e-05
4400,6.579736509593204e-05
4401,6.637946353293955e-05
4402,7.091731822583824e-05
4403,7.843702042009681e-05
4404,8.775827882345766e-05
4405,9.98761024675332e-05
4406,0.00011264673958066851
4407,0.00013078235497232527
4408,0.00014890538295730948
4409,0.0001786396314855665
4410,0.0002076209057122469
4411,0.00026150571648031473
4412,0.0003119695757050067
4413,0.00041620200499892235
4414,0.0005062975105829537
4415,0.0007151436875574291
4416,0.0008688654052093625
4417,0.0012847089674323797
4418,0.0015028263442218304
4419,0.002268081996589899
4420,0.0024215218145400286
4421,0.0035485862754285336
4422,0.003236528020352125
4423,0.004199987277388573
4424,0.0030948815401643515
4425,0.0030764674302190542
4426,0.0017533469945192337
4427,0.001069655641913414
4428,0.00037607827107422054
4429,9.145016520051286e-05
4430,0.0001398664026055485
4431,0.00040655568591319025
4432,0.0007896409370005131
4433,0.000938690674956888
4434,0.0010874979197978973
4435,0.0008160305442288518
4436,0.0005938209942542017
4437,0.0002901219704654068
4438,0.00011907965381396934
4439,8.156510739354417e-05
4440,0.00015746193821541965
4441,0.00029435448232106864
4442,0.0003946049546357244
4443,0.00047850722330622375
4444,0.00043100412585772574
4445,0.0003762356354855001
4446,0.0002567318733781576
4447,0.00016530725406482816
4448,9.767128358362243e-05
4449,7.17001676093787e-05
4450,8.144155435729772e-05
4451,0.00011439589434303343
4452,0.00015918890130706131
4453,0.00019481047638691962
4454,0.00022993938182480633
4455,0.00023603234149049968
4456,0.00024444161681458354
4457,0.00022474829165730625
4458,0.00021253102750051767
4459,0.00018405000446364284
4460,0.00016480467456858605
4461,0.00014011308667249978
4462,0.0001231841742992401
4463,0.00010643101995810866
4464,9.501308522885665e-05
4465,8.536517270840704e-05
4466,7.886128150857985e-05
4467,7.391053077299148e-05
4468,7.062008080538362e-05
4469,6.826557364547625e-05
4470,6.669264985248446e-05
4471,6.559326720889658e-05
4472,6.484099867520854e-05
4473,6.430190114770085e-05
4474,6.390531780198216e-05
4475,6.359574035741389e-05
4476,6.334449426503852e-05
4477,6.313060293905437e-05
4478,6.29423520877026e-05
4479,6.277367356233299e-05
4480,6.262076931307092e-05
4481,6.248254794627428e-05
4482,6.236342596821487e-05
4483,6.226983532542363e-05
4484,6.221215153345838e-05
4485,6.221014336915687e-05
4486,6.229909195099026e-05
4487,6.253008177736774e-05
4488,6.301204848568887e-05
4489,6.387563917087391e-05
4490,6.543436029460281e-05
4491,6.807463796576485e-05
4492,7.285465835593641e-05
4493,8.079694816842675e-05
4494,9.550312825012952e-05
4495,0.0001194379001390189
4496,0.0001661474962020293
4497,0.00023926730500534177
4498,0.00039320404175668955
4499,0.0006127218366600573
4500,0.001131639932282269
4501,0.0017302475171163678
4502,0.0034277308732271194
4503,0.004516391549259424
4504,0.008927697315812111
4505,0.008130255155265331
4506,0.01278623752295971
4507,0.006630067713558674
4508,0.004619508050382137
4509,0.0011249578092247248
4510,8.710920519661158e-05
4511,0.0009567737579345703
4512,0.0024072325322777033
4513,0.0041930763982236385
4514,0.0027480435092002153
4515,0.0015709924045950174
4516,0.00029428332345560193
4517,0.0002636981080286205
4518,0.0011465585557743907
4519,0.0016561489319428802
4520,0.001836255774833262
4521,0.0008662480395287275
4522,0.00022266632004175335
4523,0.00017515409854240716
4524,0.0005997532280161977
4525,0.001078141387552023
4526,0.0009088667575269938
4527,0.0005719314212910831
4528,0.00018135958816856146
4529,0.00012172634887974709
4530,0.0003417525440454483
4531,0.0005464344867505133
4532,0.0006272709579207003
4533,0.00041276589035987854
4534,0.00020040973322466016
4535,9.056786802830175e-05
4536,0.00014023100084159523
4537,0.00027468090411275625
4538,0.0003519636520650238
4539,0.0003600709023885429
4540,0.000250835670158267
4541,0.0001458235492464155
4542,8.473606430925429e-05
4543,9.355712973047048e-05
4544,0.0001485478424001485
4545,0.00020020295050926507
4546,0.00022917673049960285
4547,0.0002029564493568614
4548,0.00016072430298663676
4549,0.00011041060497518629
4550,8.056235674303025e-05
4551,7.640586409252137e-05
4552,9.262900130124763e-05
4553,0.00011738899047486484
4554,0.00013500527711585164
4555,0.00014343642396852374
4556,0.00013379089068621397
4557,0.00011833937605842948
4558,9.782081178855151e-05
4559,8.187457569874823e-05
4560,7.271998038049787e-05
4561,7.134689076337963e-05
4562,7.594930502818897e-05
4563,8.338467887369916e-05
4564,9.109387610806152e-05
4565,9.577560558682308e-05
4566,9.804466390050948e-05
4567,9.58219898166135e-05
4568,9.207411494571716e-05
4569,8.607852214481682e-05
4570,8.038414671318606e-05
4571,7.5021009251941e-05
4572,7.104998076101765e-05
4573,6.847685290267691e-05
4574,6.729707820340991e-05
4575,6.725209095748141e-05
4576,6.801782001275569e-05
4577,6.928228685865179e-05
4578,7.071330037433654e-05
4579,7.22017211955972e-05
4580,7.344790356000885e-05
4581,7.464311784133315e-05
4582,7.54455104470253e-05
4583,7.632892084075138e-05
4584,7.687081233598292e-05
4585,7.769570220261812e-05
4586,7.824999920558184e-05
4587,7.930673018563539e-05
4588,8.021675603231415e-05
4589,8.197443094104528e-05
4590,8.371597505174577e-05
4591,8.683175838086754e-05
4592,9.018044511321932e-05
4593,9.594149014446884e-05
4594,0.00010230265615973622
4595,0.0001131402314058505
4596,0.00012518043513409793
4597,0.0001462483633076772
4598,0.00016949561540968716
4599,0.00021216485765762627
4600,0.0002576652041170746
4601,0.0003472055250313133
4602,0.00043551347334869206
4603,0.0006273172912187874
4604,0.0007902587531134486
4605,0.0011985884048044682
4606,0.0014548379695042968
4607,0.0022632975596934557
4608,0.0024947193451225758
4609,0.003783066524192691
4610,0.003510827664285898
4611,0.004698643460869789
4612,0.003436256665736437
4613,0.0034366243053227663
4614,0.0018853849032893777
4615,0.0010791529202833772
4616,0.0003307306033093482
4617,7.742623711237684e-05
4618,0.00022550267749466002
4619,0.0005865593557246029
4620,0.0010528519051149487
4621,0.0011174111859872937
4622,0.0011709763202816248
4623,0.0007605593418702483
4624,0.0004423722275532782
4625,0.00016593319014646113
4626,8.219131268560886e-05
4627,0.00016567797865718603
4628,0.0003252522728871554
4629,0.0004999515367671847
4630,0.0005251936963759363
4631,0.0005155539838597178
4632,0.00036513630766421556
4633,0.0002359685313422233
4634,0.00012357647938188165
4635,7.612873741891235e-05
4636,8.878983499016613e-05
4637,0.00014020272647030652
4638,0.00020779344777110964
4639,0.0002510960621293634
4640,0.0002854141057468951
4641,0.00026758640888147056
4642,0.00024696672335267067
4643,0.00019625783897936344
4644,0.00015471249935217202
4645,0.0001137166254920885
4646,8.66587070049718e-05
4647,7.159147935453802e-05
4648,6.805179873481393e-05
4649,7.333540997933596e-05
4650,8.431354945059866e-05
4651,9.898594726109877e-05
4652,0.0001134238627855666
4653,0.00013005995424464345
4654,0.00014227282372303307
4655,0.00015860216808505356
4656,0.00016797086573205888
4657,0.00018515950068831444
4658,0.0001938075729412958
4659,0.0002152384986402467
4660,0.00022639350208919495
4661,0.0002572558296378702
4662,0.00027475610841065645
4663,0.0003230965812690556
4664,0.00035193079384043813
4665,0.0004311826778575778
4666,0.00047731169615872204
4667,0.0006093605188652873
4668,0.0006776450318284333
4669,0.0008949343464337289
4670,0.0009792866185307503
4671,0.001316872425377369
4672,0.0013787868665531278
4673,0.0018374775536358356
4674,0.0017806930700317025
4675,0.0022547340486198664
4676,0.0019572428427636623
4677,0.002215954475104809
4678,0.0016791463131085038
4679,0.0015716834459453821
4680,0.0010097052436321974
4681,0.0007033154251985252
4682,0.0003516295400913805
4683,0.00015627610264346004
4684,7.457864558091387e-05
4685,9.946789214154705e-05
4686,0.000198118228581734
4687,0.00031430847593583167
4688,0.0004490767023526132
4689,0.0004916933830827475
4690,0.0005457988590933383
4691,0.00047476013423874974
4692,0.0004279289278201759
4693,0.0003141792258247733
4694,0.00023204137687571347
4695,0.0001505377294961363
4696,9.974697604775429e-05
4697,7.349120278377086e-05
4698,7.034959708107635e-05
4699,8.444180275546387e-05
4700,0.0001087776108761318
4701,0.00014033990737516433
4702,0.0001683698792476207
4703,0.00020237191347405314
4704,0.00022233794152271003
4705,0.000254080950981006
4706,0.0002654209383763373
4707,0.00029727458604611456
4708,0.00030497147236019373
4709,0.00034344667801633477
4710,0.00035362617927603424
4711,0.00040786201134324074
4712,0.00042618357110768557
4713,0.0005089120240882039
4714,0.0005405201809480786
4715,0.000670905108563602
4716,0.0007190020405687392
4717,0.0009233193122781813
4718,0.000980636803433299
4719,0.001284296391531825
4720,0.001318387920036912
4721,0.0017185297328978777
4722,0.0016541811637580395
4723,0.0020656685810536146
4724,0.0018097690772265196
4725,0.0020543565042316914
4726,0.0015995841240510345
4727,0.001545047271065414
4728,0.0010446121450513601
4729,0.0007903494988568127
4730,0.0004390801186673343
4731,0.0002309822739334777
4732,0.00010298638517269865
4733,7.265912427101284e-05
4734,0.00011743538925657049
4735,0.00020453997422009706
4736,0.0003180256171617657
4737,0.0003900965675711632
4738,0.0004733193200081587
4739,0.00045953525113873184
4740,0.0004659562255255878
4741,0.00038754238630644977
4742,0.00033649374381639063
4743,0.0002504142466932535
4744,0.00019038384198211133
4745,0.0001337332942057401
4746,9.759630484040827e-05
4747,7.59774848120287e-05
4748,6.823978037573397e-05
4749,7.108998397598043e-05
4750,8.144217281369492e-05
4751,9.729031444294378e-05
4752,0.00011524192814249545
4753,0.00013816247519571334
4754,0.0001590107858646661
4755,0.00018946296768262982
4756,0.00021421877318061888
4757,0.0002587808121461421
4758,0.0002929690817836672
4759,0.0003658968780655414
4760,0.00041925490950234234
4761,0.0005478261737152934
4762,0.0006334598874673247
4763,0.0008668071241118014
4764,0.0009941767202690244
4765,0.001408234005793929
4766,0.0015504430048167706
4767,0.0022130447905510664
4768,0.0022346226032823324
4769,0.003058099653571844
4770,0.0026915911585092545
4771,0.0032547377049922943
4772,0.0023977444507181644
4773,0.0022801863960921764
4774,0.001350106205791235
4775,0.0008506119484081864
4776,0.00034201500238850713
4777,0.00010726213804446161
4778,9.372192289447412e-05
4779,0.00024492861120961607
4780,0.0004915390745736659
4781,0.0006526798824779689
4782,0.0008234891574829817
4783,0.0007258026162162423
4784,0.0006502909818664193
4785,0.0004227633762639016
4786,0.0002573401725385338
4787,0.00012706383131444454
4788,7.674417429370806e-05
4789,9.52826885622926e-05
4790,0.00015772762708365917
4791,0.0002417440409772098
4792,0.0002986981417052448
4793,0.00035310990642756224
4794,0.0003406439791433513
4795,0.0003319729585200548
4796,0.00027325277915224433
4797,0.00022820747108198702
4798,0.00017016624042298645
4799,0.00012876445543952286
4800,9.592653077561408e-05
4801,7.694731903029606e-05
4802,6.895606202306226e-05
4803,6.989537359913811e-05
4804,7.7313874498941e-05
4805,8.883018017513677e-05
4806,0.0001039185153786093
4807,0.00011934559734072536
4808,0.00013930947170592844
4809,0.0001568421721458435
4810,0.00018372104386799037
4811,0.00020578800467774272
4812,0.0002465924480929971
4813,0.0002788860001601279
4814,0.0003473498218227178
4815,0.000399275217205286
4816,0.0005214015254750848
4817,0.0006055948324501514
4818,0.0008280221372842789
4819,0.0009536240831948817
4820,0.0013483102666214108
4821,0.0014898873632773757
4822,0.0021200282499194145
4823,0.0021499067079275846
4824,0.002933546667918563
4825,0.002598778810352087
4826,0.0031423454638570547
4827,0.002337539801374078
4828,0.0022387434728443623
4829,0.0013448295649141073
4830,0.0008661533938720822
4831,0.0003601042553782463
4832,0.00011752652062568814
4833,8.646011701785028e-05
4834,0.0002195012930314988
4835,0.0004496733599808067
4836,0.000613569573033601
4837,0.0007877841126173735
4838,0.0007114311447367072
4839,0.000653996889013797
4840,0.00043876675772480667
4841,0.00027943632449023426
4842,0.00014255501446314156
4843,8.064614667091519e-05
4844,8.534552762284875e-05
4845,0.00013693503569811583
4846,0.00021349239978007972
4847,0.00027323170797899365
4848,0.00033210875699296594
4849,0.0003315014182589948
4850,0.0003339032409712672
4851,0.0002846125280484557
4852,0.00024772906908765435
4853,0.00019138172501698136
4854,0.0001504069659858942
4855,0.00011308971443213522
4856,8.890297613106668e-05
4857,7.429384277202189e-05
4858,6.85854975017719e-05
4859,6.965357897570357e-05
4860,7.56024892325513e-05
4861,8.515542867826298e-05
4862,9.663176024332643e-05
4863,0.00011133823863929138
4864,0.00012605139636434615
4865,0.00014694641868118197
4866,0.00016644858988001943
4867,0.00019891709962394089
4868,0.000228154516662471
4869,0.0002840870583895594
4870,0.0003323000273667276
4871,0.0004353935655672103
4872,0.0005174666293896735
4873,0.0007142283720895648
4874,0.0008474033093079925
4875,0.0012196989264339209
4876,0.0013983349781483412
4877,0.0020488689187914133
4878,0.00216527353040874
4879,0.003086129203438759
4880,0.002839471446350217
4881,0.0036330425646156073
4882,0.0027687358669936657
4883,0.002812800696119666
4884,0.001707491115666926
4885,0.0011528120376169682
4886,0.0004796565626747906
4887,0.00014761861530132592
4888,8.455966599285603e-05
4889,0.00024045250029303133
4890,0.0005263439961709082
4891,0.0007236175588332117
4892,0.0009298515506088734
4893,0.0008051974000409245
4894,0.0007024469086900353
4895,0.00042911755735985935
4896,0.00023601467546541244
4897,0.00010701938299462199
4898,8.035858627408743e-05
4899,0.0001349772501271218
4900,0.00022650208848062903
4901,0.00033091194927692413
4902,0.0003724281850736588
4903,0.00040473073022440076
4904,0.0003498524019960314
4905,0.0003007530467584729
4906,0.00021667746477760375
4907,0.00015372951747849584
4908,0.00010316964471712708
4909,7.676966924918815e-05
4910,7.117580389603972e-05
4911,8.184055332094431e-05
4912,0.0001032024811138399
4913,0.00012790673645213246
4914,0.00015657435869798064
4915,0.0001772872928995639
4916,0.00020309265528339893
4917,0.00021425020531751215
4918,0.00023585690360050648
4919,0.00024017758551053703
4920,0.0002610793453641236
4921,0.00026355229783803225
4922,0.0002890154719352722
4923,0.00029458501376211643
4924,0.00033145875204354525
4925,0.0003445709007792175
4926,0.0004020080086775124
4927,0.00042722266516648233
4928,0.0005191398086026311
4929,0.0005604131147265434
4930,0.0007077269838191569
4931,0.0007656053639948368
4932,0.0009951659012585878
4933,0.0010561252711340785
4934,0.0013879722682759166
4935,0.0014062554109841585
4936,0.0018154585268348455
4937,0.0017033304320648313
4938,0.0020693831611424685
4939,0.00174871482886374
4940,0.001888096914626658
4941,0.0014067532029002905
4942,0.0012589518446475267
4943,0.0008039550739340484
4944,0.0005437433137558401
4945,0.00027632672572508454
4946,0.00012987543595954776
4947,7.407248631352559e-05
4948,9.871015208773315e-05
4949,0.0001786859065759927
4950,0.0002726500388234854
4951,0.000382971775252372
4952,0.000428018654929474
4953,0.00048650495591573417
4954,0.0004470555577427149
4955,0.0004314345133025199
4956,0.0003467675414867699
4957,0.0002898236270993948
4958,0.00021229402045719326
4959,0.00015881827857811004
4960,0.00011355472088325769
4961,8.613907994003966e-05
4962,7.204654684755951e-05
4963,6.936462159501389e-05
4964,7.51791158108972e-05
4965,8.67952621774748e-05
4966,0.00010309233039151877
4967,0.00012077323481207713
4968,0.0001438246399629861
4969,0.00016492532449774444
4970,0.00019717875693459064
4971,0.0002244231873191893
4972,0.00027472866349853575
4973,0.00031499541364610195
4974,0.00040138911572284997
4975,0.0004665882734116167
4976,0.0006243051611818373
4977,0.0007299346616491675
4978,0.0010223949793726206
4979,0.0011736893793568015
4980,0.0016916028689593077
4981,0.0018327406141906977
4982,0.0026251741219311953
4983,0.00254872371442616
4984,0.0034058932214975357
4985,0.0028116849716752768
4986,0.003169640200212598
4987,0.002142553683370352
4988,0.001770444680005312
4989,0.0009137354791164398
4990,0.000430910789873451
4991,0.00012948054063599557
4992,8.981525024864823e-05
4993,0.0002473907661624253
4994,0.00047695517423562706
4995,0.0007507630507461727
4996,0.0007957213674671948
4997,0.0008470141910947859
4998,0.0006292975158430636
4999,0.00045776006300002337
5000,0.000244746683165431
5001,6.637281330768019e-05
5002,5.71534110349603e-05
5003,5.022935147280805e-05
5004,4.365637505543418e-05
5005,4.06554936489556e-05
5006,3.90033055737149e-05
5007,3.660696529550478e-05
5008,3.659131107269786e-05
5009,3.659131107269786e-05
5010,3.659131107269786e-05
5011,3.659131107269786e-05
5012,3.659131107269786e-05
5013,3.659131107269786e-05
5014,3.659131107269786e-05
5015,3.659131107269786e-05
5016,3.659131107269786e-05
5017,3.659131107269786e-05
5018,3.659131107269786e-05
