epoch,loss
0,0.09061182290315628
1,0.0651702806353569
2,0.04883386194705963
3,0.044527165591716766
4,0.039854638278484344
5,0.03748922795057297
6,0.03650696575641632
7,0.03519510105252266
8,0.0343710333108902
9,0.033578112721443176
10,0.0330195426940918
11,0.032314322888851166
12,0.031729139387607574
13,0.031161746010184288
14,0.03054536134004593
15,0.030131686478853226
16,0.02965959534049034
17,0.029282057657837868
18,0.0285654179751873
19,0.028113260865211487
20,0.02796340361237526
21,0.027432240545749664
22,0.027258653193712234
23,0.026560962200164795
24,0.0258095134049654
25,0.025606274604797363
26,0.025274064391851425
27,0.024999748915433884
28,0.024851800873875618
29,0.02458999864757061
30,0.024496229365468025
31,0.02425738051533699
32,0.024110492318868637
33,0.023964006453752518
34,0.02358701080083847
35,0.0233815498650074
36,0.02311037853360176
37,0.02302303910255432
38,0.022896382957696915
39,0.0227567907422781
40,0.022620029747486115
41,0.022523272782564163
42,0.022467471659183502
43,0.022336874157190323
44,0.02218812331557274
45,0.022103723138570786
46,0.02199990674853325
47,0.021856024861335754
48,0.021704982966184616
49,0.021563932299613953
50,0.021431077271699905
51,0.021304389461874962
52,0.021215757355093956
53,0.021165555343031883
54,0.02109171636402607
55,0.02097124606370926
56,0.02079877071082592
57,0.020737633109092712
58,0.02065906673669815
59,0.02057841420173645
60,0.02046976238489151
61,0.02037997916340828
62,0.020318130031228065
63,0.020207788795232773
64,0.020148172974586487
65,0.02007918432354927
66,0.01993708871304989
67,0.019869312644004822
68,0.01978427544236183
69,0.019743261858820915
70,0.0196999479085207
71,0.019569041207432747
72,0.019506100565195084
73,0.019455309957265854
74,0.01937221735715866
75,0.01931075192987919
76,0.0192654337733984
77,0.019172966480255127
78,0.01907224953174591
79,0.019033391028642654
80,0.018993288278579712
81,0.018929434940218925
82,0.018812334164977074
83,0.018742788583040237
84,0.01866578683257103
85,0.01862465590238571
86,0.018575947731733322
87,0.01854647323489189
88,0.018526971340179443
89,0.018511569127440453
90,0.018484950065612793
91,0.018452022224664688
92,0.01839292049407959
93,0.01835101842880249
94,0.018262792378664017
95,0.01819346845149994
96,0.018138721585273743
97,0.01810355857014656
98,0.018067479133605957
99,0.01801924966275692
100,0.01797240599989891
101,0.017856135964393616
102,0.017824653536081314
103,0.01780123822391033
104,0.017771601676940918
105,0.017747336998581886
106,0.017711419612169266
107,0.017669346183538437
108,0.01762329414486885
109,0.017572155222296715
110,0.01754000224173069
111,0.017518125474452972
112,0.017508093267679214
113,0.01749228686094284
114,0.017487812787294388
115,0.01745006814599037
116,0.017368845641613007
117,0.01735501177608967
118,0.017346737906336784
119,0.017336858436465263
120,0.01730968803167343
121,0.01724689081311226
122,0.01722140423953533
123,0.017210066318511963
124,0.017193201929330826
125,0.01717570796608925
126,0.01715296134352684
127,0.01708155684173107
128,0.01700187288224697
129,0.01693873107433319
130,0.01688455417752266
131,0.0168559942394495
132,0.016818935051560402
133,0.016792910173535347
134,0.016771487891674042
135,0.01675824262201786
136,0.01673370599746704
137,0.016691574826836586
138,0.01662314496934414
139,0.01655443012714386
140,0.016527555882930756
141,0.016483528539538383
142,0.0164467915892601
143,0.016394956037402153
144,0.01635083369910717
145,0.0163244791328907
146,0.016307225450873375
147,0.016282614320516586
148,0.016258394345641136
149,0.01622842065989971
150,0.016218531876802444
151,0.016203518956899643
152,0.016129624098539352
153,0.01611146330833435
154,0.016101399436593056
155,0.016065582633018494
156,0.016022570431232452
157,0.015996985137462616
158,0.015939433127641678
159,0.015874581411480904
160,0.01585000939667225
161,0.015827059745788574
162,0.01579172909259796
163,0.015773337334394455
164,0.01574091613292694
165,0.01572173833847046
166,0.015710558742284775
167,0.015689479187130928
168,0.015627700835466385
169,0.015468211844563484
170,0.015339864417910576
171,0.015289278700947762
172,0.015255261212587357
173,0.01523650623857975
174,0.01520821638405323
175,0.01519694086164236
176,0.01518106460571289
177,0.01516797300428152
178,0.015134226530790329
179,0.015081428922712803
180,0.015050473622977734
181,0.015026863664388657
182,0.014980598352849483
183,0.014957236126065254
184,0.014924056828022003
185,0.014913426712155342
186,0.014887564815580845
187,0.014864759519696236
188,0.014860579743981361
189,0.014832224696874619
190,0.014711400493979454
191,0.014658372849225998
192,0.014643000438809395
193,0.014637076295912266
194,0.01462641917169094
195,0.014611651189625263
196,0.014592166990041733
197,0.014550761319696903
198,0.014502663165330887
199,0.014471052214503288
200,0.01446369756013155
201,0.014456992968916893
202,0.014444254338741302
203,0.014403566718101501
204,0.014384640380740166
205,0.014347702264785767
206,0.014286262914538383
207,0.014247541315853596
208,0.014223815873265266
209,0.014208417385816574
210,0.014199754223227501
211,0.014192191883921623
212,0.014183709397912025
213,0.014165321364998817
214,0.014153189025819302
215,0.01413471158593893
216,0.014120008796453476
217,0.014099054038524628
218,0.014065328985452652
219,0.014043889939785004
220,0.014026565477252007
221,0.014012896455824375
222,0.01400231383740902
223,0.013992583379149437
224,0.01397450640797615
225,0.013963267207145691
226,0.013936806470155716
227,0.013898748904466629
228,0.01384389866143465
229,0.01377995777875185
230,0.013720398768782616
231,0.013689562678337097
232,0.01366704236716032
233,0.013647599145770073
234,0.013637622818350792
235,0.013631259091198444
236,0.013627794571220875
237,0.013622071593999863
238,0.01361674815416336
239,0.013610906898975372
240,0.013599168509244919
241,0.013569207862019539
242,0.013515103608369827
243,0.013481204397976398
244,0.01345307007431984
245,0.013412624597549438
246,0.013387233950197697
247,0.013335486873984337
248,0.013299625366926193
249,0.01328195258975029
250,0.013275115750730038
251,0.013268999755382538
252,0.013256734237074852
253,0.013235660269856453
254,0.013197673484683037
255,0.013180695474147797
256,0.01312970370054245
257,0.013075066730380058
258,0.013046257197856903
259,0.013021402060985565
260,0.013008518144488335
261,0.012996719218790531
262,0.012987775728106499
263,0.012976448982954025
264,0.012961814180016518
265,0.012937696650624275
266,0.0129107516258955
267,0.012868279591202736
268,0.0128346998244524
269,0.012796289287507534
270,0.012758134864270687
271,0.0127259511500597
272,0.012693730182945728
273,0.01266560424119234
274,0.012631883844733238
275,0.012581929564476013
276,0.012541405856609344
277,0.01251879334449768
278,0.012482664547860622
279,0.012452483177185059
280,0.012442289851605892
281,0.012429216876626015
282,0.012405931949615479
283,0.012384478002786636
284,0.012355804443359375
285,0.012327703647315502
286,0.012314412742853165
287,0.012299085035920143
288,0.012279478833079338
289,0.012265898287296295
290,0.012244251556694508
291,0.012230184860527515
292,0.01221371814608574
293,0.012175435200333595
294,0.01209789514541626
295,0.01207154430449009
296,0.01206533145159483
297,0.012051274999976158
298,0.012029319070279598
299,0.012002196162939072
300,0.011979090049862862
301,0.011958743445575237
302,0.01194287370890379
303,0.011910662055015564
304,0.011888546869158745
305,0.011872401461005211
306,0.011846429668366909
307,0.011837034486234188
308,0.01182585395872593
309,0.011800255626440048
310,0.011780854314565659
311,0.011756135150790215
312,0.011681487783789635
313,0.011644145473837852
314,0.011630523949861526
315,0.011617502197623253
316,0.011599668301641941
317,0.011576712131500244
318,0.011555272154510021
319,0.011520400643348694
320,0.011478097178041935
321,0.011408479884266853
322,0.01137617602944374
323,0.01134193129837513
324,0.011296842247247696
325,0.011282449588179588
326,0.011265266686677933
327,0.011247076094150543
328,0.011222903616726398
329,0.011195112019777298
330,0.011167306452989578
331,0.011125326156616211
332,0.01107497327029705
333,0.010993337258696556
334,0.01092737726867199
335,0.010880252346396446
336,0.01086352113634348
337,0.010848594829440117
338,0.010835264809429646
339,0.010823190212249756
340,0.010778972879052162
341,0.010747883468866348
342,0.010719053447246552
343,0.010670632123947144
344,0.010599399916827679
345,0.010540815070271492
346,0.01048361137509346
347,0.010413038544356823
348,0.010389001108705997
349,0.010367636568844318
350,0.01035330817103386
351,0.010343696922063828
352,0.010337349958717823
353,0.010325493291020393
354,0.010300060734152794
355,0.010251907631754875
356,0.010232302360236645
357,0.010154340416193008
358,0.01009159442037344
359,0.010024674236774445
360,0.009981289505958557
361,0.00995434820652008
362,0.009933567605912685
363,0.00992007926106453
364,0.009909074753522873
365,0.009894521906971931
366,0.009887393563985825
367,0.009875787422060966
368,0.009860685095191002
369,0.009842487052083015
370,0.009824574925005436
371,0.009778066538274288
372,0.009744472801685333
373,0.009708806872367859
374,0.009677937254309654
375,0.009648842737078667
376,0.00961490347981453
377,0.009604278951883316
378,0.009598538279533386
379,0.009594015777111053
380,0.00958006177097559
381,0.009568193927407265
382,0.009550414979457855
383,0.009519640356302261
384,0.009495266713202
385,0.00945533812046051
386,0.0094112828373909
387,0.009379570372402668
388,0.009338650852441788
389,0.009318206459283829
390,0.009303566068410873
391,0.009289605543017387
392,0.009279979392886162
393,0.009270410984754562
394,0.00925525464117527
395,0.009222166612744331
396,0.009205583482980728
397,0.00918667297810316
398,0.009157911874353886
399,0.009136093780398369
400,0.009103218093514442
401,0.009072362445294857
402,0.009043141268193722
403,0.009023096412420273
404,0.009006216190755367
405,0.00899251364171505
406,0.00896645337343216
407,0.008947866037487984
408,0.00893542543053627
409,0.008916616439819336
410,0.008897976949810982
411,0.00888172909617424
412,0.008870254270732403
413,0.008844353258609772
414,0.00882282480597496
415,0.00880446843802929
416,0.008784918114542961
417,0.008770959451794624
418,0.008755557239055634
419,0.008749814704060555
420,0.008738640695810318
421,0.008729339577257633
422,0.008725067600607872
423,0.008720792829990387
424,0.008711582981050014
425,0.008702829480171204
426,0.008680039085447788
427,0.008664215914905071
428,0.008636088110506535
429,0.008615650236606598
430,0.008594917133450508
431,0.008577360771596432
432,0.00855375174432993
433,0.008536973968148232
434,0.008514133282005787
435,0.008490314707159996
436,0.008473698049783707
437,0.008450502529740334
438,0.008432609960436821
439,0.008408309891819954
440,0.00839563924819231
441,0.008385913446545601
442,0.008375914767384529
443,0.008371472358703613
444,0.008362123742699623
445,0.00835274439305067
446,0.008335919119417667
447,0.008294230327010155
448,0.008212045766413212
449,0.008183225058019161
450,0.008157550357282162
451,0.008116086944937706
452,0.008091747760772705
453,0.008072257973253727
454,0.008054762147367
455,0.00804483238607645
456,0.008027719333767891
457,0.008019380271434784
458,0.008012981154024601
459,0.008009475655853748
460,0.0080041429027915
461,0.007997958920896053
462,0.007983988150954247
463,0.00797408726066351
464,0.00796494074165821
465,0.007944236509501934
466,0.007929828017950058
467,0.007920271717011929
468,0.007900615222752094
469,0.007887866348028183
470,0.007875585928559303
471,0.007858509197831154
472,0.007844759151339531
473,0.00783285591751337
474,0.007827457040548325
475,0.00782076921314001
476,0.007807323709130287
477,0.0077932109124958515
478,0.007779607083648443
479,0.007770986296236515
480,0.007768159732222557
481,0.007764982059597969
482,0.007758688181638718
483,0.007753425743430853
484,0.007746480405330658
485,0.007740295026451349
486,0.007731571793556213
487,0.007729262113571167
488,0.007725016679614782
489,0.007712142542004585
490,0.0077048176899552345
491,0.007693699561059475
492,0.007666002027690411
493,0.007651531137526035
494,0.007626655977219343
495,0.007585979998111725
496,0.007565362378954887
497,0.007550951559096575
498,0.0075324466452002525
499,0.007523614913225174
500,0.007518049795180559
501,0.007511009927839041
502,0.007501780055463314
503,0.007488567382097244
504,0.007483409717679024
505,0.007478168234229088
506,0.0074651772156357765
507,0.00745614105835557
508,0.00744642224162817
509,0.007436163257807493
510,0.007424831390380859
511,0.007418445777148008
512,0.007408452220261097
513,0.007396353408694267
514,0.007387140765786171
515,0.007378123700618744
516,0.007367943879216909
517,0.007358903996646404
518,0.00733604934066534
519,0.007325592450797558
520,0.00731254369020462
521,0.007302212528884411
522,0.007293340750038624
523,0.007287582382559776
524,0.0072803799994289875
525,0.007258218713104725
526,0.007250657305121422
527,0.007245323620736599
528,0.007236468140035868
529,0.007228813134133816
530,0.00722319632768631
531,0.007219083607196808
532,0.007213873788714409
533,0.0072005558758974075
534,0.00719278771430254
535,0.007176930550485849
536,0.007163046859204769
537,0.007148954086005688
538,0.0071352096274495125
539,0.007110245060175657
540,0.007090332917869091
541,0.007083265110850334
542,0.007069776300340891
543,0.007048046216368675
544,0.007017479278147221
545,0.006992684677243233
546,0.006971597671508789
547,0.006963085383176804
548,0.006953069008886814
549,0.006942554377019405
550,0.006930588278919458
551,0.006915214471518993
552,0.006901415530592203
553,0.006891985423862934
554,0.006883191876113415
555,0.006872338242828846
556,0.006864425726234913
557,0.006857086904346943
558,0.006848577409982681
559,0.006842194590717554
560,0.00683415774255991
561,0.0068216100335121155
562,0.006809154991060495
563,0.0067977262660861015
564,0.006772433873265982
565,0.006750297732651234
566,0.006731104105710983
567,0.006718788295984268
568,0.006709245033562183
569,0.006696640979498625
570,0.006680697202682495
571,0.006661794614046812
572,0.006640979554504156
573,0.006628542672842741
574,0.0066241612657904625
575,0.006614143028855324
576,0.006603704299777746
577,0.006597351282835007
578,0.006590686738491058
579,0.0065819029696285725
580,0.006571609992533922
581,0.006565239280462265
582,0.006557614542543888
583,0.00654978584498167
584,0.006535693071782589
585,0.00652697728946805
586,0.006509087979793549
587,0.006486934144049883
588,0.006456909701228142
589,0.006431992165744305
590,0.006401558872312307
591,0.006365038454532623
592,0.006343908607959747
593,0.006322958506643772
594,0.006299209780991077
595,0.0062859924510121346
596,0.0062747313641011715
597,0.006263467483222485
598,0.0062524802051484585
599,0.006246042903512716
600,0.006238562986254692
601,0.0062308721244335175
602,0.0062217703089118
603,0.006209266372025013
604,0.006197956390678883
605,0.006185996346175671
606,0.006178445182740688
607,0.00616585835814476
608,0.006145475897938013
609,0.006129010114818811
610,0.006114392541348934
611,0.006100441329181194
612,0.0060869064182043076
613,0.00606060866266489
614,0.00604319479316473
615,0.006035513244569302
616,0.006023816764354706
617,0.00600781012326479
618,0.005989755503833294
619,0.00597318634390831
620,0.00596042163670063
621,0.005945938639342785
622,0.005929169710725546
623,0.005917343311011791
624,0.005903851240873337
625,0.005895649082958698
626,0.005887086968868971
627,0.005874789785593748
628,0.00586947426199913
629,0.005862233228981495
630,0.005855022929608822
631,0.005846249870955944
632,0.005837929900735617
633,0.00582962017506361
634,0.005823154002428055
635,0.005817716009914875
636,0.005811230279505253
637,0.005803519859910011
638,0.005795493721961975
639,0.005786880850791931
640,0.005778184160590172
641,0.0057681770995259285
642,0.0057555027306079865
643,0.005733378231525421
644,0.005716000683605671
645,0.005689725279808044
646,0.00565322395414114
647,0.005632865708321333
648,0.005626131780445576
649,0.005614019930362701
650,0.005602690391242504
651,0.005594617687165737
652,0.005585016682744026
653,0.005569159984588623
654,0.005557460710406303
655,0.005548832938075066
656,0.005539224483072758
657,0.005523617845028639
658,0.005516987293958664
659,0.0055067772045731544
660,0.00549712311476469
661,0.005490300711244345
662,0.005482380278408527
663,0.005468688905239105
664,0.005462190136313438
665,0.0054533351212739944
666,0.005443476140499115
667,0.005437949672341347
668,0.005431830883026123
669,0.005422104150056839
670,0.005417163483798504
671,0.00541020929813385
672,0.005399985238909721
673,0.005390603095293045
674,0.005374595522880554
675,0.005359168164432049
676,0.005350906401872635
677,0.005343405529856682
678,0.0053329793736338615
679,0.005324456840753555
680,0.005320001393556595
681,0.005310101434588432
682,0.005300002172589302
683,0.0052950261160731316
684,0.005288971588015556
685,0.005283672362565994
686,0.0052704340778291225
687,0.0052636172622442245
688,0.005257106386125088
689,0.00524849584326148
690,0.005244358442723751
691,0.005236886441707611
692,0.005226843990385532
693,0.005218198522925377
694,0.005209413357079029
695,0.005204085260629654
696,0.005196507554501295
697,0.00518640223890543
698,0.005182023160159588
699,0.0051744962111115456
700,0.005167512223124504
701,0.0051630111411213875
702,0.0051582991145551205
703,0.005154373589903116
704,0.005145523697137833
705,0.005139981396496296
706,0.005136309191584587
707,0.005132017657160759
708,0.005126075819134712
709,0.005121797323226929
710,0.005116673186421394
711,0.005111296661198139
712,0.005105870775878429
713,0.005100829526782036
714,0.005097187124192715
715,0.005092868115752935
716,0.005086783319711685
717,0.00508021330460906
718,0.005074884742498398
719,0.005071858875453472
720,0.005067231133580208
721,0.0050597465597093105
722,0.005052254535257816
723,0.005046613048762083
724,0.005040137097239494
725,0.005033350549638271
726,0.005025811493396759
727,0.0050162142142653465
728,0.00500163109973073
729,0.004989637993276119
730,0.004978896584361792
731,0.004969567991793156
732,0.004963953047990799
733,0.004956596530973911
734,0.004947712644934654
735,0.004941441118717194
736,0.004936855752021074
737,0.004932540934532881
738,0.004929305985569954
739,0.004925977438688278
740,0.0049209631979465485
741,0.004917565733194351
742,0.004913627170026302
743,0.00490935705602169
744,0.004905126988887787
745,0.004899889230728149
746,0.004895832855254412
747,0.0048911008052527905
748,0.004883411806076765
749,0.004877302795648575
750,0.004869605880230665
751,0.004861278459429741
752,0.0048528709448874
753,0.004845843650400639
754,0.00483912555500865
755,0.00483481353148818
756,0.004830082878470421
757,0.004825921729207039
758,0.00482269236817956
759,0.004816806875169277
760,0.004814082756638527
761,0.004810844548046589
762,0.004806988872587681
763,0.004803180694580078
764,0.004800143651664257
765,0.0047937906347215176
766,0.00478960108011961
767,0.004786198027431965
768,0.004780780524015427
769,0.004773624241352081
770,0.004768968094140291
771,0.0047594280913472176
772,0.004752870183438063
773,0.004747204482555389
774,0.0047403862699866295
775,0.004733501933515072
776,0.004725656472146511
777,0.0047154659405350685
778,0.004705158062279224
779,0.004698988050222397
780,0.004691280424594879
781,0.004682715516537428
782,0.004673224873840809
783,0.004658515565097332
784,0.004648122005164623
785,0.004638352431356907
786,0.004629922565072775
787,0.004625100642442703
788,0.004619154613465071
789,0.004612720105797052
790,0.004603150300681591
791,0.0045969486236572266
792,0.00459075765684247
793,0.004585769027471542
794,0.004578488878905773
795,0.004569473676383495
796,0.004560517147183418
797,0.004550815559923649
798,0.004543604329228401
799,0.004530654288828373
800,0.004518480040132999
801,0.004509791731834412
802,0.004500992596149445
803,0.004489995539188385
804,0.0044851587153971195
805,0.004477502312511206
806,0.0044683790765702724
807,0.004459556192159653
808,0.004452618770301342
809,0.004445252474397421
810,0.004441596567630768
811,0.004432987421751022
812,0.004425843246281147
813,0.004419104196131229
814,0.0044106123968958855
815,0.004403225611895323
816,0.004391547758132219
817,0.004384020809084177
818,0.004380300175398588
819,0.004372880794107914
820,0.004363096784800291
821,0.004352514166384935
822,0.004345381166785955
823,0.004339732229709625
824,0.004329000599682331
825,0.004318528808653355
826,0.004307540133595467
827,0.004297170788049698
828,0.00428356509655714
829,0.004273727536201477
830,0.004263917449861765
831,0.004251801408827305
832,0.004246505443006754
833,0.004240763373672962
834,0.004236280918121338
835,0.004230194725096226
836,0.004218399524688721
837,0.004209321923553944
838,0.004194348119199276
839,0.004180201329290867
840,0.004168893210589886
841,0.004161737859249115
842,0.0041567119769752026
843,0.00415188679471612
844,0.004145434591919184
845,0.0041369106620550156
846,0.004129991866648197
847,0.004125502891838551
848,0.004118003416806459
849,0.004114056006073952
850,0.004103578627109528
851,0.0040988619439303875
852,0.004095657728612423
853,0.004092243034392595
854,0.004087254870682955
855,0.00408379640430212
856,0.00407703872770071
857,0.004069983027875423
858,0.004064108245074749
859,0.004056108649820089
860,0.00404704362154007
861,0.004034624435007572
862,0.004027350805699825
863,0.004018175415694714
864,0.004012465476989746
865,0.004005362745374441
866,0.004002124536782503
867,0.003995696548372507
868,0.003987682983279228
869,0.003978420980274677
870,0.00396710354834795
871,0.003962649963796139
872,0.003958662040531635
873,0.003952157683670521
874,0.00394531711935997
875,0.0039375824853777885
876,0.003930920735001564
877,0.00392133416607976
878,0.003911239095032215
879,0.003902286756783724
880,0.0038950718007981777
881,0.00388936884701252
882,0.0038805787917226553
883,0.003875815775245428
884,0.003872453235089779
885,0.003866931889206171
886,0.003858915064483881
887,0.0038526211865246296
888,0.003848342690616846
889,0.0038356673903763294
890,0.003829510184004903
891,0.0038201180286705494
892,0.0038141990080475807
893,0.003807096742093563
894,0.003801959101110697
895,0.0037956545129418373
896,0.003791181370615959
897,0.003786603221669793
898,0.0037787575274705887
899,0.0037705563008785248
900,0.0037649949081242085
901,0.00376104936003685
902,0.0037546209059655666
903,0.0037480411119759083
904,0.003742673434317112
905,0.003738120198249817
906,0.0037340878043323755
907,0.0037303189747035503
908,0.0037251622416079044
909,0.003718756139278412
910,0.003712163772433996
911,0.003699303139001131
912,0.0036912672221660614
913,0.003682955401018262
914,0.0036778394132852554
915,0.0036691701970994473
916,0.003660230664536357
917,0.003652980551123619
918,0.00364386523142457
919,0.003635150846093893
920,0.0036281871143728495
921,0.0036174841225147247
922,0.003610012587159872
923,0.0036051147617399693
924,0.0035968301817774773
925,0.0035870925057679415
926,0.0035806065425276756
927,0.003574870526790619
928,0.003568799700587988
929,0.003562282072380185
930,0.0035539045929908752
931,0.0035457261838018894
932,0.0035368758253753185
933,0.00352925481274724
934,0.0035259020514786243
935,0.003518886398524046
936,0.003515375778079033
937,0.0035115545615553856
938,0.003507052082568407
939,0.003504413180053234
940,0.0035020941868424416
941,0.0035000722855329514
942,0.003496552351862192
943,0.00349279772490263
944,0.0034872088581323624
945,0.0034832030069082975
946,0.003479662351310253
947,0.0034764844458550215
948,0.003472256474196911
949,0.0034686587750911713
950,0.003465138142928481
951,0.0034603469539433718
952,0.0034563736990094185
953,0.0034528770484030247
954,0.0034464667551219463
955,0.0034427843056619167
956,0.003434902522712946
957,0.003429665695875883
958,0.0034252344630658627
959,0.003421490779146552
960,0.0034138825722038746
961,0.003405604977160692
962,0.003398166038095951
963,0.0033930244389921427
964,0.003385714255273342
965,0.0033779582008719444
966,0.003370745573192835
967,0.0033639550674706697
968,0.003354070708155632
969,0.0033476257231086493
970,0.0033433479256927967
971,0.0033398233354091644
972,0.0033355304040014744
973,0.0033303769305348396
974,0.0033229440450668335
975,0.003318169852718711
976,0.0033153954427689314
977,0.003311016596853733
978,0.0033079739660024643
979,0.003302666824311018
980,0.003297999035567045
981,0.00329215987585485
982,0.0032889931462705135
983,0.00328559847548604
984,0.003281717887148261
985,0.0032758438028395176
986,0.003269611392170191
987,0.0032648309133946896
988,0.003258991055190563
989,0.0032551633194088936
990,0.0032501276582479477
991,0.0032464205287396908
992,0.0032430374994874
993,0.0032402239739894867
994,0.0032359869219362736
995,0.0032277926802635193
996,0.003223327687010169
997,0.00321758515201509
998,0.0032127471640706062
999,0.0032088516745716333
1000,0.0032023226376622915
1001,0.0031974525190889835
1002,0.0031925963703542948
1003,0.003186469431966543
1004,0.0031799147836863995
1005,0.0031758027616888285
1006,0.0031674904748797417
1007,0.003159500192850828
1008,0.0031492984853684902
1009,0.0031423550099134445
1010,0.0031328327022492886
1011,0.003123466158285737
1012,0.0031150507275015116
1013,0.0031093540601432323
1014,0.003103041322901845
1015,0.003097269218415022
1016,0.003091414226219058
1017,0.0030878321267664433
1018,0.0030833017081022263
1019,0.0030782693065702915
1020,0.003071142127737403
1021,0.0030657420866191387
1022,0.003061773721128702
1023,0.0030582572799175978
1024,0.0030531222000718117
1025,0.0030496614053845406
1026,0.003045774297788739
1027,0.0030420059338212013
1028,0.0030391383916139603
1029,0.0030347472056746483
1030,0.0030308114364743233
1031,0.003027788596227765
1032,0.003025558777153492
1033,0.0030235277954488993
1034,0.0030191733967512846
1035,0.0030150581151247025
1036,0.0030090673826634884
1037,0.003006046637892723
1038,0.003001499455422163
1039,0.0029980363324284554
1040,0.002994520589709282
1041,0.002992203924804926
1042,0.0029880525544285774
1043,0.00298414658755064
1044,0.0029792562127113342
1045,0.0029749057721346617
1046,0.0029712715186178684
1047,0.0029677622951567173
1048,0.0029635755345225334
1049,0.0029610295314341784
1050,0.0029594721272587776
1051,0.0029569172766059637
1052,0.0029539475217461586
1053,0.002951781265437603
1054,0.002949262736365199
1055,0.002946273423731327
1056,0.0029426664113998413
1057,0.0029398216865956783
1058,0.0029386195819824934
1059,0.0029369639232754707
1060,0.002934605348855257
1061,0.0029317019507288933
1062,0.0029297543223947287
1063,0.0029273242689669132
1064,0.0029239302966743708
1065,0.0029215971007943153
1066,0.0029176496900618076
1067,0.002913085510954261
1068,0.0029070405289530754
1069,0.0029004900716245174
1070,0.0028882469050586224
1071,0.0028820934239774942
1072,0.0028756812680512667
1073,0.0028690779581665993
1074,0.002863374538719654
1075,0.0028597665950655937
1076,0.002855188911780715
1077,0.0028514524456113577
1078,0.0028462104965001345
1079,0.0028417925350368023
1080,0.002837221836671233
1081,0.002832544269040227
1082,0.0028258799575269222
1083,0.0028215027414262295
1084,0.0028173280879855156
1085,0.0028120847418904305
1086,0.002809633035212755
1087,0.002807111945003271
1088,0.0028043589554727077
1089,0.0027998904697597027
1090,0.002796251093968749
1091,0.002792173996567726
1092,0.002786090597510338
1093,0.0027816002257168293
1094,0.0027740797959268093
1095,0.002771027386188507
1096,0.002768601756542921
1097,0.002764615695923567
1098,0.0027620610781013966
1099,0.0027594806160777807
1100,0.0027555320411920547
1101,0.0027533406391739845
1102,0.002750660292804241
1103,0.0027490919455885887
1104,0.0027461708523333073
1105,0.0027431929484009743
1106,0.0027405903674662113
1107,0.0027393558993935585
1108,0.002736554481089115
1109,0.0027333516627550125
1110,0.002730373293161392
1111,0.0027280524373054504
1112,0.0027248086407780647
1113,0.0027223313227295876
1114,0.0027188952080905437
1115,0.0027139768935739994
1116,0.0027093805838376284
1117,0.0027063670568168163
1118,0.0027034925296902657
1119,0.002700911834836006
1120,0.002696513431146741
1121,0.0026939534582197666
1122,0.0026906596031039953
1123,0.002688447944819927
1124,0.002686798106878996
1125,0.0026850197464227676
1126,0.0026832662988454103
1127,0.0026817149482667446
1128,0.0026793465949594975
1129,0.002674778923392296
1130,0.0026677846908569336
1131,0.002663509687408805
1132,0.0026602097786962986
1133,0.00265886471606791
1134,0.002653999486938119
1135,0.002648756606504321
1136,0.002643570536747575
1137,0.002639411948621273
1138,0.002634458476677537
1139,0.0026308856904506683
1140,0.0026283306069672108
1141,0.0026256146375089884
1142,0.0026200651191174984
1143,0.0026164355222135782
1144,0.002612561685964465
1145,0.002608249196782708
1146,0.0026050976011902094
1147,0.002598699415102601
1148,0.002593979937955737
1149,0.002590450458228588
1150,0.002585476962849498
1151,0.0025812159292399883
1152,0.0025790873914957047
1153,0.0025747267063707113
1154,0.0025713923387229443
1155,0.002569210948422551
1156,0.002567141782492399
1157,0.00256421254016459
1158,0.0025617273058742285
1159,0.002558494685217738
1160,0.002553589642047882
1161,0.0025490387342870235
1162,0.002545646857470274
1163,0.0025401771999895573
1164,0.0025356020778417587
1165,0.002531672827899456
1166,0.0025283521972596645
1167,0.002524362877011299
1168,0.0025209076702594757
1169,0.002518072724342346
1170,0.002513711340725422
1171,0.002506709424778819
1172,0.0025018854066729546
1173,0.0024976427666842937
1174,0.00249214144423604
1175,0.0024891402572393417
1176,0.002484894124791026
1177,0.002482454292476177
1178,0.0024779723025858402
1179,0.002475269604474306
1180,0.0024720828514546156
1181,0.0024687107652425766
1182,0.002464789431542158
1183,0.00245981034822762
1184,0.002456672489643097
1185,0.0024521229788661003
1186,0.0024481064174324274
1187,0.0024433208163827658
1188,0.002438529394567013
1189,0.002435570815578103
1190,0.002432903740555048
1191,0.002428548876196146
1192,0.002424949547275901
1193,0.002422511111944914
1194,0.0024180314503610134
1195,0.002414676360785961
1196,0.0024109059013426304
1197,0.00240777968429029
1198,0.0024010753259062767
1199,0.0023974671494215727
1200,0.0023926510475575924
1201,0.002388297114521265
1202,0.002384691499173641
1203,0.002378676552325487
1204,0.0023739596363157034
1205,0.002370040398091078
1206,0.002367380540817976
1207,0.0023603488225489855
1208,0.00235636904835701
1209,0.0023524656426161528
1210,0.0023473650217056274
1211,0.0023404231760650873
1212,0.0023376080207526684
1213,0.0023338934406638145
1214,0.002331619616597891
1215,0.0023270538076758385
1216,0.002322993939742446
1217,0.0023196192923933268
1218,0.0023159238044172525
1219,0.0023124602157622576
1220,0.002309332601726055
1221,0.002305250382050872
1222,0.0023026280105113983
1223,0.0022997516207396984
1224,0.002296376507729292
1225,0.0022938107140362263
1226,0.002291587647050619
1227,0.0022889331448823214
1228,0.0022851864341646433
1229,0.0022817114368081093
1230,0.002279374748468399
1231,0.0022771013900637627
1232,0.002275105332955718
1233,0.00227026897482574
1234,0.0022675993386656046
1235,0.002264631213620305
1236,0.0022624735720455647
1237,0.0022592744790017605
1238,0.002256727544590831
1239,0.002254369668662548
1240,0.0022525787353515625
1241,0.0022496026940643787
1242,0.0022467882372438908
1243,0.0022438778541982174
1244,0.002241517649963498
1245,0.0022389660589396954
1246,0.002234073355793953
1247,0.0022269277833402157
1248,0.00221987534314394
1249,0.002212291117757559
1250,0.0022042524069547653
1251,0.00219768937677145
1252,0.002192818559706211
1253,0.002188767772167921
1254,0.0021828014869242907
1255,0.0021800664253532887
1256,0.0021764517296105623
1257,0.0021744738332927227
1258,0.002172446344047785
1259,0.0021691294386982918
1260,0.0021662891376763582
1261,0.0021639815531671047
1262,0.0021596206352114677
1263,0.002155524445697665
1264,0.002152732340618968
1265,0.002150024985894561
1266,0.002146956045180559
1267,0.002144369063898921
1268,0.0021421010605990887
1269,0.0021395727526396513
1270,0.0021375571377575397
1271,0.0021339792292565107
1272,0.002131320768967271
1273,0.0021298800129443407
1274,0.0021283612586557865
1275,0.002127561718225479
1276,0.0021266962867230177
1277,0.0021249856799840927
1278,0.002122775185853243
1279,0.0021200075279921293
1280,0.002118157222867012
1281,0.0021167832892388105
1282,0.002115155104547739
1283,0.0021119751036167145
1284,0.002109053311869502
1285,0.002106303349137306
1286,0.0021030183415859938
1287,0.0020998669788241386
1288,0.002097560791298747
1289,0.002095249015837908
1290,0.0020919665694236755
1291,0.002088783774524927
1292,0.002085970714688301
1293,0.002083600964397192
1294,0.002081698039546609
1295,0.002079394180327654
1296,0.002077459590509534
1297,0.002075379015877843
1298,0.002073676325380802
1299,0.0020690797828137875
1300,0.0020669004879891872
1301,0.0020624962635338306
1302,0.0020592156797647476
1303,0.002055988647043705
1304,0.002053723903372884
1305,0.0020497869700193405
1306,0.0020465650595724583
1307,0.0020425808615982533
1308,0.00203814753331244
1309,0.0020354713778942823
1310,0.0020329654216766357
1311,0.0020295497961342335
1312,0.0020265993662178516
1313,0.0020245611667633057
1314,0.0020245611667633057
1315,0.0020245611667633057
1316,0.0020245611667633057
1317,0.0020245611667633057
1318,0.0020245611667633057
1319,0.0020245611667633057
1320,0.0020245611667633057
1321,0.0020245611667633057
1322,0.0020245611667633057
1323,0.0020245611667633057
1324,0.0020245611667633057
1325,0.0020245611667633057
1326,0.0020245611667633057
1327,0.0020245611667633057
1328,0.0020245611667633057
1329,0.0020245611667633057
1330,0.0020245611667633057
1331,0.0020245611667633057
1332,0.0020245611667633057
1333,0.0020245611667633057
1334,0.0020245611667633057
1335,0.0020245611667633057
1336,0.0020245611667633057
1337,0.0020245611667633057
1338,0.0020245611667633057
1339,0.0020245611667633057
1340,0.0020245611667633057
1341,0.0020245611667633057
1342,0.0020245611667633057
1343,0.0020245611667633057
1344,0.0020245611667633057
1345,0.0020245611667633057
1346,0.0020245611667633057
1347,0.0020245611667633057
1348,0.0020245611667633057
1349,0.0020245611667633057
1350,0.0020245611667633057
1351,0.0020245611667633057
1352,0.0020245611667633057
1353,0.0020245611667633057
1354,0.0020245611667633057
1355,0.0020245611667633057
1356,0.0020245611667633057
1357,0.0020245611667633057
1358,0.0020245611667633057
1359,0.0020245611667633057
1360,0.0020245611667633057
1361,0.0020245611667633057
1362,0.0020245611667633057
1363,0.0020245611667633057
1364,0.0020245611667633057
1365,0.0020245611667633057
1366,0.0020245611667633057
1367,0.0020245611667633057
1368,0.0020245611667633057
1369,0.0020245611667633057
1370,0.0020245611667633057
1371,0.0020245611667633057
1372,0.0020245611667633057
1373,0.0020245611667633057
1374,0.0020245611667633057
1375,0.0020245611667633057
1376,0.0020245611667633057
1377,0.0020245611667633057
1378,0.0020245611667633057
1379,0.0020245611667633057
1380,0.0020245611667633057
1381,0.0020245611667633057
1382,0.0020245611667633057
1383,0.0020245611667633057
1384,0.0020245611667633057
1385,0.0020245611667633057
1386,0.0020245611667633057
1387,0.0020245611667633057
1388,0.0020245611667633057
1389,0.0020245611667633057
1390,0.0020245611667633057
1391,0.0020245611667633057
1392,0.0020245611667633057
1393,0.0020245611667633057
1394,0.0020245611667633057
1395,0.0020245611667633057
1396,0.0020245611667633057
1397,0.0020245611667633057
1398,0.0020245611667633057
1399,0.0020245611667633057
1400,0.0020245611667633057
1401,0.0020245611667633057
1402,0.0020245611667633057
1403,0.0020245611667633057
1404,0.0020245611667633057
1405,0.0020245611667633057
1406,0.0020245611667633057
1407,0.0020245611667633057
1408,0.0020245611667633057
1409,0.0020245611667633057
1410,0.0020245611667633057
1411,0.0020245611667633057
1412,0.0020245611667633057
1413,0.0020245611667633057
1414,0.0020245611667633057
1415,0.0020245611667633057
1416,0.0020245611667633057
1417,0.0020245611667633057
1418,0.0020245611667633057
1419,0.0020245611667633057
1420,0.0020245611667633057
1421,0.0020245611667633057
1422,0.0020245611667633057
1423,0.0020245611667633057
1424,0.0020245611667633057
1425,0.0020245611667633057
1426,0.0020245611667633057
1427,0.0020245611667633057
1428,0.0020245611667633057
1429,0.0020245611667633057
1430,0.0020245611667633057
1431,0.0020245611667633057
1432,0.0020245611667633057
1433,0.0020245611667633057
1434,0.0020245611667633057
1435,0.0020245611667633057
1436,0.0020245611667633057
1437,0.0020245611667633057
1438,0.0020245611667633057
1439,0.0020245611667633057
1440,0.0020245611667633057
1441,0.0020245611667633057
1442,0.0020245611667633057
1443,0.0020245611667633057
1444,0.0020245611667633057
1445,0.0020245611667633057
1446,0.0020245611667633057
1447,0.0020245611667633057
1448,0.0020245611667633057
1449,0.0020245611667633057
1450,0.0020245611667633057
1451,0.0020245611667633057
1452,0.0020245611667633057
1453,0.0020245611667633057
1454,0.0020245611667633057
1455,0.0020245611667633057
1456,0.0020245611667633057
1457,0.0020245611667633057
1458,0.0020245611667633057
1459,0.0020245611667633057
1460,0.0020245611667633057
1461,0.0020245611667633057
1462,0.0020245611667633057
1463,0.0020245611667633057
1464,0.0020245611667633057
1465,0.0020245611667633057
1466,0.0020245611667633057
1467,0.0020245611667633057
1468,0.0020245611667633057
1469,0.0020245611667633057
1470,0.0020245611667633057
1471,0.0020245611667633057
1472,0.0020245611667633057
1473,0.0020245611667633057
1474,0.0020245611667633057
1475,0.0020245611667633057
1476,0.0020245611667633057
1477,0.0020245611667633057
1478,0.0020245611667633057
1479,0.0020245611667633057
1480,0.0020245611667633057
1481,0.0020245611667633057
1482,0.0020245611667633057
1483,0.0020245611667633057
1484,0.0020245611667633057
1485,0.0020245611667633057
1486,0.0020245611667633057
1487,0.0020245611667633057
1488,0.0020245611667633057
1489,0.0020245611667633057
1490,0.0020245611667633057
1491,0.0020245611667633057
1492,0.0020245611667633057
1493,0.0020245611667633057
1494,0.0020245611667633057
1495,0.0020245611667633057
1496,0.0020245611667633057
1497,0.0020245611667633057
1498,0.0020245611667633057
1499,0.0020245611667633057
1500,0.0020245611667633057
1501,0.0020245611667633057
1502,0.0020245611667633057
1503,0.0020245611667633057
1504,0.0020245611667633057
1505,0.0020245611667633057
1506,0.0020245611667633057
1507,0.0020245611667633057
1508,0.0020245611667633057
1509,0.0020245611667633057
1510,0.0020245611667633057
1511,0.0020245611667633057
1512,0.0020245611667633057
1513,0.0020245611667633057
1514,0.0020245611667633057
1515,0.0020245611667633057
1516,0.0020245611667633057
1517,0.0020245611667633057
1518,0.0020245611667633057
1519,0.0020245611667633057
1520,0.0020245611667633057
1521,0.0020245611667633057
1522,0.0020245611667633057
1523,0.0020245611667633057
1524,0.0020245611667633057
1525,0.0020245611667633057
1526,0.0020245611667633057
1527,0.0020245611667633057
1528,0.0020245611667633057
1529,0.0020245611667633057
1530,0.0020245611667633057
1531,0.0020245611667633057
1532,0.0020245611667633057
1533,0.0020245611667633057
1534,0.0020245611667633057
1535,0.0020245611667633057
1536,0.0020245611667633057
1537,0.0020245611667633057
1538,0.0020245611667633057
1539,0.0020245611667633057
1540,0.0020245611667633057
1541,0.0020245611667633057
1542,0.0020245611667633057
1543,0.0020245611667633057
1544,0.0020245611667633057
1545,0.0020245611667633057
1546,0.0020245611667633057
1547,0.0020245611667633057
1548,0.0020245611667633057
1549,0.0020245611667633057
1550,0.0020245611667633057
1551,0.0020245611667633057
1552,0.0020245611667633057
1553,0.0020245611667633057
1554,0.0020245611667633057
1555,0.0020245611667633057
1556,0.0020245611667633057
1557,0.0020245611667633057
1558,0.0020245611667633057
1559,0.0020245611667633057
1560,0.0020245611667633057
1561,0.0020245611667633057
1562,0.0020245611667633057
1563,0.0020245611667633057
1564,0.0020245611667633057
1565,0.0020245611667633057
1566,0.0020245611667633057
1567,0.0020245611667633057
1568,0.0020245611667633057
1569,0.0020245611667633057
1570,0.0020245611667633057
1571,0.0020245611667633057
1572,0.0020245611667633057
1573,0.0020245611667633057
1574,0.0020245611667633057
1575,0.0020245611667633057
1576,0.0020245611667633057
1577,0.0020245611667633057
1578,0.0020245611667633057
1579,0.0020245611667633057
1580,0.0020245611667633057
1581,0.0020245611667633057
1582,0.0020245611667633057
1583,0.0020245611667633057
1584,0.0020245611667633057
1585,0.0020245611667633057
1586,0.0020245611667633057
1587,0.0020245611667633057
1588,0.0020245611667633057
1589,0.0020245611667633057
1590,0.0020245611667633057
1591,0.0020245611667633057
1592,0.0020245611667633057
1593,0.0020245611667633057
1594,0.0020245611667633057
1595,0.0020245611667633057
1596,0.0020245611667633057
1597,0.0020245611667633057
1598,0.0020245611667633057
1599,0.0020245611667633057
1600,0.0020245611667633057
1601,0.0020245611667633057
1602,0.0020245611667633057
1603,0.0020245611667633057
1604,0.0020245611667633057
1605,0.0020245611667633057
1606,0.0020245611667633057
1607,0.0020245611667633057
1608,0.0020245611667633057
1609,0.0020245611667633057
1610,0.0020245611667633057
1611,0.0020245611667633057
1612,0.0020245611667633057
1613,0.0020245611667633057
1614,0.0020245611667633057
1615,0.0020245611667633057
1616,0.0020245611667633057
1617,0.0020245611667633057
1618,0.0020245611667633057
1619,0.0020245611667633057
1620,0.0020245611667633057
1621,0.0020245611667633057
1622,0.0020245611667633057
1623,0.0020245611667633057
1624,0.0020245611667633057
1625,0.0020245611667633057
1626,0.0020245611667633057
1627,0.0020245611667633057
1628,0.0020245611667633057
1629,0.0020245611667633057
1630,0.0020245611667633057
1631,0.0020245611667633057
1632,0.0020245611667633057
1633,0.0020245611667633057
1634,0.0020245611667633057
1635,0.0020245611667633057
1636,0.0020245611667633057
1637,0.0020245611667633057
1638,0.0020245611667633057
1639,0.0020245611667633057
1640,0.0020245611667633057
1641,0.0020245611667633057
1642,0.0020245611667633057
1643,0.0020245611667633057
1644,0.0020245611667633057
1645,0.0020245611667633057
1646,0.0020245611667633057
1647,0.0020245611667633057
1648,0.0020245611667633057
1649,0.0020245611667633057
1650,0.0020245611667633057
1651,0.0020245611667633057
1652,0.0020245611667633057
1653,0.0020245611667633057
1654,0.0020245611667633057
1655,0.0020245611667633057
1656,0.0020245611667633057
1657,0.0020245611667633057
1658,0.0020245611667633057
1659,0.0020245611667633057
1660,0.0020245611667633057
1661,0.0020245611667633057
1662,0.0020245611667633057
1663,0.0020245611667633057
1664,0.0020245611667633057
1665,0.0020245611667633057
1666,0.0020245611667633057
1667,0.0020245611667633057
1668,0.0020245611667633057
1669,0.0020245611667633057
1670,0.0020245611667633057
1671,0.0020245611667633057
1672,0.0020245611667633057
1673,0.0020245611667633057
1674,0.0020245611667633057
1675,0.0020245611667633057
1676,0.0020245611667633057
1677,0.0020245611667633057
1678,0.0020245611667633057
1679,0.0020245611667633057
1680,0.0020245611667633057
1681,0.0020245611667633057
1682,0.0020245611667633057
1683,0.0020245611667633057
1684,0.0020245611667633057
1685,0.0020245611667633057
1686,0.0020245611667633057
1687,0.0020245611667633057
1688,0.0020245611667633057
1689,0.0020245611667633057
1690,0.0020245611667633057
1691,0.0020245611667633057
1692,0.0020245611667633057
1693,0.0020245611667633057
1694,0.0020245611667633057
1695,0.0020245611667633057
1696,0.0020245611667633057
1697,0.0020245611667633057
1698,0.0020245611667633057
1699,0.0020245611667633057
1700,0.0020245611667633057
1701,0.0020245611667633057
1702,0.0020245611667633057
1703,0.0020245611667633057
1704,0.0020245611667633057
1705,0.0020245611667633057
1706,0.0020245611667633057
1707,0.0020245611667633057
1708,0.0020245611667633057
1709,0.0020245611667633057
1710,0.0020245611667633057
1711,0.0020245611667633057
1712,0.0020245611667633057
1713,0.0020245611667633057
1714,0.0020245611667633057
1715,0.0020245611667633057
1716,0.0020245611667633057
1717,0.0020245611667633057
1718,0.0020245611667633057
1719,0.0020245611667633057
1720,0.0020245611667633057
1721,0.0020245611667633057
1722,0.0020245611667633057
1723,0.0020245611667633057
1724,0.0020245611667633057
1725,0.0020245611667633057
1726,0.0020245611667633057
1727,0.0020245611667633057
1728,0.0020245611667633057
1729,0.0020245611667633057
1730,0.0020245611667633057
1731,0.0020245611667633057
1732,0.0020245611667633057
1733,0.0020245611667633057
1734,0.0020245611667633057
1735,0.0020245611667633057
1736,0.0020245611667633057
1737,0.0020245611667633057
1738,0.0020245611667633057
1739,0.0020245611667633057
1740,0.0020245611667633057
1741,0.0020245611667633057
1742,0.0020245611667633057
1743,0.0020245611667633057
1744,0.0020245611667633057
1745,0.0020245611667633057
1746,0.0020245611667633057
1747,0.0020245611667633057
1748,0.0020245611667633057
1749,0.0020245611667633057
1750,0.0020245611667633057
1751,0.0020245611667633057
1752,0.0020245611667633057
1753,0.0020245611667633057
1754,0.0020245611667633057
1755,0.0020245611667633057
1756,0.0020245611667633057
1757,0.0020245611667633057
1758,0.0020245611667633057
1759,0.0020245611667633057
1760,0.0020245611667633057
1761,0.0020245611667633057
1762,0.0020245611667633057
1763,0.0020245611667633057
1764,0.0020245611667633057
1765,0.0020245611667633057
1766,0.0020245611667633057
1767,0.0020245611667633057
1768,0.0020245611667633057
1769,0.0020245611667633057
1770,0.0020245611667633057
1771,0.0020245611667633057
1772,0.0020245611667633057
1773,0.0020245611667633057
1774,0.0020245611667633057
1775,0.0020245611667633057
1776,0.0020245611667633057
1777,0.0020245611667633057
1778,0.0020245611667633057
1779,0.0020245611667633057
1780,0.0020245611667633057
1781,0.0020245611667633057
1782,0.0020245611667633057
1783,0.0020245611667633057
1784,0.0020245611667633057
1785,0.0020245611667633057
1786,0.0020245611667633057
1787,0.0020245611667633057
1788,0.0020245611667633057
1789,0.0020245611667633057
1790,0.0020245611667633057
1791,0.0020245611667633057
1792,0.0020245611667633057
1793,0.0020245611667633057
1794,0.0020245611667633057
1795,0.0020245611667633057
1796,0.0020245611667633057
1797,0.0020245611667633057
1798,0.0020245611667633057
1799,0.0020245611667633057
1800,0.0020245611667633057
1801,0.0020245611667633057
1802,0.0020245611667633057
1803,0.0020245611667633057
1804,0.0020245611667633057
1805,0.0020245611667633057
1806,0.0020245611667633057
1807,0.0020245611667633057
1808,0.0020245611667633057
1809,0.0020245611667633057
1810,0.0020245611667633057
1811,0.0020245611667633057
1812,0.0020245611667633057
1813,0.0020245611667633057
1814,0.0020245611667633057
1815,0.0020245611667633057
1816,0.0020245611667633057
1817,0.0020245611667633057
1818,0.0020245611667633057
1819,0.0020245611667633057
1820,0.0020245611667633057
1821,0.0020245611667633057
1822,0.0020245611667633057
1823,0.0020245611667633057
1824,0.0020245611667633057
1825,0.0020245611667633057
1826,0.0020245611667633057
1827,0.0020245611667633057
1828,0.0020245611667633057
1829,0.0020245611667633057
1830,0.0020245611667633057
1831,0.0020245611667633057
1832,0.0020245611667633057
1833,0.0020245611667633057
1834,0.0020245611667633057
1835,0.0020245611667633057
1836,0.0020245611667633057
1837,0.0020245611667633057
1838,0.0020245611667633057
1839,0.0020245611667633057
1840,0.0020245611667633057
1841,0.0020245611667633057
1842,0.0020245611667633057
1843,0.0020245611667633057
1844,0.0020245611667633057
1845,0.0020245611667633057
1846,0.0020245611667633057
1847,0.0020245611667633057
1848,0.0020245611667633057
1849,0.0020245611667633057
1850,0.0020245611667633057
1851,0.0020245611667633057
1852,0.0020245611667633057
1853,0.0020245611667633057
1854,0.0020245611667633057
1855,0.0020245611667633057
1856,0.0020245611667633057
1857,0.0020245611667633057
1858,0.0020245611667633057
1859,0.0020245611667633057
1860,0.0020245611667633057
1861,0.0020245611667633057
1862,0.0020245611667633057
1863,0.0020245611667633057
1864,0.0020245611667633057
1865,0.0020245611667633057
1866,0.0020245611667633057
1867,0.0020245611667633057
1868,0.0020245611667633057
1869,0.0020245611667633057
1870,0.0020245611667633057
1871,0.0020245611667633057
1872,0.0020245611667633057
1873,0.0020245611667633057
1874,0.0020245611667633057
1875,0.0020245611667633057
1876,0.0020245611667633057
1877,0.0020245611667633057
1878,0.0020245611667633057
1879,0.0020245611667633057
1880,0.0020245611667633057
1881,0.0020245611667633057
1882,0.0020245611667633057
1883,0.0020245611667633057
1884,0.0020245611667633057
1885,0.0020245611667633057
1886,0.0020245611667633057
1887,0.0020245611667633057
1888,0.0020245611667633057
1889,0.0020245611667633057
1890,0.0020245611667633057
1891,0.0020245611667633057
1892,0.0020245611667633057
1893,0.0020245611667633057
1894,0.0020245611667633057
1895,0.0020245611667633057
1896,0.0020245611667633057
1897,0.0020245611667633057
1898,0.0020245611667633057
1899,0.0020245611667633057
1900,0.0020245611667633057
1901,0.0020245611667633057
1902,0.0020245611667633057
1903,0.0020245611667633057
1904,0.0020245611667633057
1905,0.0020245611667633057
1906,0.0020245611667633057
1907,0.0020245611667633057
1908,0.0020245611667633057
1909,0.0020245611667633057
1910,0.0020245611667633057
1911,0.0020245611667633057
1912,0.0020245611667633057
1913,0.0020245611667633057
1914,0.0020245611667633057
1915,0.0020245611667633057
1916,0.0020245611667633057
1917,0.0020245611667633057
1918,0.0020245611667633057
1919,0.0020245611667633057
1920,0.0020245611667633057
1921,0.0020245611667633057
1922,0.0020245611667633057
1923,0.0020245611667633057
1924,0.0020245611667633057
1925,0.0020245611667633057
1926,0.0020245611667633057
1927,0.0020245611667633057
1928,0.0020245611667633057
1929,0.0020245611667633057
1930,0.0020245611667633057
1931,0.0020245611667633057
1932,0.0020245611667633057
1933,0.0020245611667633057
1934,0.0020245611667633057
1935,0.0020245611667633057
1936,0.0020245611667633057
1937,0.0020245611667633057
1938,0.0020245611667633057
1939,0.0020245611667633057
1940,0.0020245611667633057
1941,0.0020245611667633057
1942,0.0020245611667633057
1943,0.0020245611667633057
1944,0.0020245611667633057
1945,0.0020245611667633057
1946,0.0020245611667633057
1947,0.0020245611667633057
1948,0.0020245611667633057
1949,0.0020245611667633057
1950,0.0020245611667633057
1951,0.0020245611667633057
1952,0.0020245611667633057
1953,0.0020245611667633057
1954,0.0020245611667633057
1955,0.0020245611667633057
1956,0.0020245611667633057
1957,0.0020245611667633057
1958,0.0020245611667633057
1959,0.0020245611667633057
1960,0.0020245611667633057
1961,0.0020245611667633057
1962,0.0020245611667633057
1963,0.0020245611667633057
1964,0.0020245611667633057
1965,0.0020245611667633057
1966,0.0020245611667633057
1967,0.0020245611667633057
1968,0.0020245611667633057
1969,0.0020245611667633057
1970,0.0020245611667633057
1971,0.0020245611667633057
1972,0.0020245611667633057
1973,0.0020245611667633057
1974,0.0020245611667633057
1975,0.0020245611667633057
1976,0.0020245611667633057
1977,0.0020245611667633057
1978,0.0020245611667633057
1979,0.0020245611667633057
1980,0.0020245611667633057
1981,0.0020245611667633057
1982,0.0020245611667633057
1983,0.0020245611667633057
1984,0.0020245611667633057
1985,0.0020245611667633057
1986,0.0020245611667633057
1987,0.0020245611667633057
1988,0.0020245611667633057
1989,0.0020245611667633057
1990,0.0020245611667633057
1991,0.0020245611667633057
1992,0.0020245611667633057
1993,0.0020245611667633057
1994,0.0020245611667633057
1995,0.0020245611667633057
1996,0.0020245611667633057
1997,0.0020245611667633057
1998,0.0020245611667633057
1999,0.0020245611667633057
2000,0.0020245611667633057
2001,0.0020245611667633057
2002,0.0020245611667633057
2003,0.0020245611667633057
2004,0.0020245611667633057
2005,0.0020245611667633057
2006,0.0020245611667633057
2007,0.0020245611667633057
2008,0.0020245611667633057
2009,0.0020245611667633057
2010,0.0020245611667633057
2011,0.0020245611667633057
2012,0.0020245611667633057
2013,0.0020245611667633057
2014,0.0020245611667633057
2015,0.0020245611667633057
2016,0.0020245611667633057
2017,0.0020245611667633057
2018,0.0020245611667633057
2019,0.0020245611667633057
2020,0.0020245611667633057
2021,0.0020245611667633057
2022,0.0020245611667633057
2023,0.0020245611667633057
2024,0.0020245611667633057
2025,0.0020245611667633057
2026,0.0020245611667633057
2027,0.0020245611667633057
2028,0.0020245611667633057
2029,0.0020245611667633057
2030,0.0020245611667633057
2031,0.0020245611667633057
2032,0.0020245611667633057
2033,0.0020245611667633057
2034,0.0020245611667633057
2035,0.0020245611667633057
2036,0.0020245611667633057
2037,0.0020245611667633057
2038,0.0020245611667633057
2039,0.0020245611667633057
2040,0.0020245611667633057
2041,0.0020245611667633057
2042,0.0020245611667633057
2043,0.0020245611667633057
2044,0.0020245611667633057
2045,0.0020245611667633057
2046,0.0020245611667633057
2047,0.0020245611667633057
2048,0.0020245611667633057
2049,0.0020245611667633057
2050,0.0020245611667633057
2051,0.0020245611667633057
2052,0.0020245611667633057
2053,0.0020245611667633057
2054,0.0020245611667633057
2055,0.0020245611667633057
2056,0.0020245611667633057
2057,0.0020245611667633057
2058,0.0020245611667633057
2059,0.0020245611667633057
2060,0.0020245611667633057
2061,0.0020245611667633057
2062,0.0020245611667633057
2063,0.0020245611667633057
2064,0.0020245611667633057
2065,0.0020245611667633057
2066,0.0020245611667633057
2067,0.0020245611667633057
2068,0.0020245611667633057
2069,0.0020245611667633057
2070,0.0020245611667633057
2071,0.0020245611667633057
2072,0.0020245611667633057
2073,0.0020245611667633057
2074,0.0020245611667633057
2075,0.0020245611667633057
2076,0.0020245611667633057
2077,0.0020245611667633057
2078,0.0020245611667633057
2079,0.0020245611667633057
2080,0.0020245611667633057
2081,0.0020245611667633057
2082,0.0020245611667633057
2083,0.0020245611667633057
2084,0.0020245611667633057
2085,0.0020245611667633057
2086,0.0020245611667633057
2087,0.0020245611667633057
2088,0.0020245611667633057
2089,0.0020245611667633057
2090,0.0020245611667633057
2091,0.0020245611667633057
2092,0.0020245611667633057
2093,0.0020245611667633057
2094,0.0020245611667633057
2095,0.0020245611667633057
2096,0.0020245611667633057
2097,0.0020245611667633057
2098,0.0020245611667633057
2099,0.0020245611667633057
2100,0.0020245611667633057
2101,0.0020245611667633057
2102,0.0020245611667633057
2103,0.0020245611667633057
2104,0.0020245611667633057
2105,0.0020245611667633057
2106,0.0020245611667633057
2107,0.0020245611667633057
2108,0.0020245611667633057
2109,0.0020245611667633057
2110,0.0020245611667633057
2111,0.0020245611667633057
2112,0.0020245611667633057
2113,0.0020245611667633057
2114,0.0020245611667633057
2115,0.0020245611667633057
2116,0.0020245611667633057
2117,0.0020245611667633057
2118,0.0020245611667633057
2119,0.0020245611667633057
2120,0.0020245611667633057
2121,0.0020245611667633057
2122,0.0020245611667633057
2123,0.0020245611667633057
2124,0.0020245611667633057
2125,0.0020245611667633057
2126,0.0020245611667633057
2127,0.0020245611667633057
2128,0.0020245611667633057
2129,0.0020245611667633057
2130,0.0020245611667633057
2131,0.0020245611667633057
2132,0.0020245611667633057
2133,0.0020245611667633057
2134,0.0020245611667633057
2135,0.0020245611667633057
2136,0.0020245611667633057
2137,0.0020245611667633057
2138,0.0020245611667633057
2139,0.0020245611667633057
2140,0.0020245611667633057
2141,0.0020245611667633057
2142,0.0020245611667633057
2143,0.0020245611667633057
2144,0.0020245611667633057
2145,0.0020245611667633057
2146,0.0020245611667633057
2147,0.0020245611667633057
2148,0.0020245611667633057
2149,0.0020245611667633057
2150,0.0020245611667633057
2151,0.0020245611667633057
2152,0.0020245611667633057
2153,0.0020245611667633057
2154,0.0020245611667633057
2155,0.0020245611667633057
2156,0.0020245611667633057
2157,0.0020245611667633057
2158,0.0020245611667633057
2159,0.0020245611667633057
2160,0.0020245611667633057
2161,0.0020245611667633057
2162,0.0020245611667633057
2163,0.0020245611667633057
2164,0.0020245611667633057
2165,0.0020245611667633057
2166,0.0020245611667633057
2167,0.0020245611667633057
2168,0.0020245611667633057
2169,0.0020245611667633057
2170,0.0020245611667633057
2171,0.0020245611667633057
2172,0.0020245611667633057
2173,0.0020245611667633057
2174,0.0020245611667633057
2175,0.0020245611667633057
2176,0.0020245611667633057
2177,0.0020245611667633057
2178,0.0020245611667633057
2179,0.0020245611667633057
2180,0.0020245611667633057
2181,0.0020245611667633057
2182,0.0020245611667633057
2183,0.0020245611667633057
2184,0.0020245611667633057
2185,0.0020245611667633057
2186,0.0020245611667633057
2187,0.0020245611667633057
2188,0.0020245611667633057
2189,0.0020245611667633057
2190,0.0020245611667633057
2191,0.0020245611667633057
2192,0.0020245611667633057
2193,0.0020245611667633057
2194,0.0020245611667633057
2195,0.0020245611667633057
2196,0.0020245611667633057
2197,0.0020245611667633057
2198,0.0020245611667633057
2199,0.0020245611667633057
2200,0.0020245611667633057
2201,0.0020245611667633057
2202,0.0020245611667633057
2203,0.0020245611667633057
2204,0.0020245611667633057
2205,0.0020245611667633057
2206,0.0020245611667633057
2207,0.0020245611667633057
2208,0.0020245611667633057
2209,0.0020245611667633057
2210,0.0020245611667633057
2211,0.0020245611667633057
2212,0.0020245611667633057
2213,0.0020245611667633057
2214,0.0020245611667633057
2215,0.0020245611667633057
2216,0.0020245611667633057
2217,0.0020245611667633057
2218,0.0020245611667633057
2219,0.0020245611667633057
2220,0.0020245611667633057
2221,0.0020245611667633057
2222,0.0020245611667633057
2223,0.0020245611667633057
2224,0.0020245611667633057
2225,0.0020245611667633057
2226,0.0020245611667633057
2227,0.0020245611667633057
2228,0.0020245611667633057
2229,0.0020245611667633057
2230,0.0020245611667633057
2231,0.0020245611667633057
2232,0.0020245611667633057
2233,0.0020245611667633057
2234,0.0020245611667633057
2235,0.0020245611667633057
2236,0.0020245611667633057
2237,0.0020245611667633057
2238,0.0020245611667633057
2239,0.0020245611667633057
2240,0.0020245611667633057
2241,0.0020245611667633057
2242,0.0020245611667633057
2243,0.0020245611667633057
2244,0.0020245611667633057
2245,0.0020245611667633057
2246,0.0020245611667633057
2247,0.0020245611667633057
2248,0.0020245611667633057
2249,0.0020245611667633057
2250,0.0020245611667633057
2251,0.0020245611667633057
2252,0.0020245611667633057
2253,0.0020245611667633057
2254,0.0020245611667633057
2255,0.0020245611667633057
2256,0.0020245611667633057
2257,0.0020245611667633057
2258,0.0020245611667633057
2259,0.0020245611667633057
2260,0.0020245611667633057
2261,0.0020245611667633057
2262,0.0020245611667633057
2263,0.0020245611667633057
2264,0.0020245611667633057
2265,0.0020245611667633057
2266,0.0020245611667633057
2267,0.0020245611667633057
2268,0.0020245611667633057
2269,0.0020245611667633057
2270,0.0020245611667633057
2271,0.0020245611667633057
2272,0.0020245611667633057
2273,0.0020245611667633057
2274,0.0020245611667633057
2275,0.0020245611667633057
2276,0.0020245611667633057
2277,0.0020245611667633057
2278,0.0020245611667633057
2279,0.0020245611667633057
2280,0.0020245611667633057
2281,0.0020245611667633057
2282,0.0020245611667633057
2283,0.0020245611667633057
2284,0.0020245611667633057
2285,0.0020245611667633057
2286,0.0020245611667633057
2287,0.0020245611667633057
2288,0.0020245611667633057
2289,0.0020245611667633057
2290,0.0020245611667633057
2291,0.0020245611667633057
2292,0.0020245611667633057
2293,0.0020245611667633057
2294,0.0020245611667633057
2295,0.0020245611667633057
2296,0.0020245611667633057
2297,0.0020245611667633057
2298,0.0020245611667633057
2299,0.0020245611667633057
2300,0.0020245611667633057
2301,0.0020245611667633057
2302,0.0020245611667633057
2303,0.0020245611667633057
2304,0.0020245611667633057
2305,0.0020245611667633057
2306,0.0020245611667633057
2307,0.0020245611667633057
2308,0.0020245611667633057
2309,0.0020245611667633057
2310,0.0020245611667633057
2311,0.0020245611667633057
2312,0.0020245611667633057
2313,0.0020245611667633057
2314,0.0020245611667633057
2315,0.0020245611667633057
2316,0.0020245611667633057
2317,0.0020245611667633057
2318,0.0020245611667633057
2319,0.0020245611667633057
2320,0.0020245611667633057
2321,0.0020245611667633057
2322,0.0020245611667633057
2323,0.0020245611667633057
2324,0.0020245611667633057
2325,0.0020245611667633057
2326,0.0020245611667633057
2327,0.0020245611667633057
2328,0.0020245611667633057
2329,0.0020245611667633057
2330,0.0020245611667633057
2331,0.0020245611667633057
2332,0.0020245611667633057
2333,0.0020245611667633057
2334,0.0020245611667633057
2335,0.0020245611667633057
2336,0.0020245611667633057
2337,0.0020245611667633057
2338,0.0020245611667633057
2339,0.0020245611667633057
2340,0.0020245611667633057
2341,0.0020245611667633057
2342,0.0020245611667633057
2343,0.0020245611667633057
2344,0.0020245611667633057
2345,0.0020245611667633057
2346,0.0020245611667633057
2347,0.0020245611667633057
2348,0.0020245611667633057
2349,0.0020245611667633057
2350,0.0020245611667633057
2351,0.0020245611667633057
2352,0.0020245611667633057
2353,0.0020245611667633057
2354,0.0020245611667633057
2355,0.0020245611667633057
2356,0.0020245611667633057
2357,0.0020245611667633057
2358,0.0020245611667633057
2359,0.0020245611667633057
2360,0.0020245611667633057
2361,0.0020245611667633057
2362,0.0020245611667633057
2363,0.0020245611667633057
2364,0.0020245611667633057
2365,0.0020245611667633057
2366,0.0020245611667633057
2367,0.0020245611667633057
2368,0.0020245611667633057
2369,0.0020245611667633057
2370,0.0020245611667633057
2371,0.0020245611667633057
2372,0.0020245611667633057
2373,0.0020245611667633057
2374,0.0020245611667633057
2375,0.0020245611667633057
2376,0.0020245611667633057
2377,0.0020245611667633057
2378,0.0020245611667633057
2379,0.0020245611667633057
2380,0.0020245611667633057
2381,0.0020245611667633057
2382,0.0020245611667633057
2383,0.0020245611667633057
2384,0.0020245611667633057
2385,0.0020245611667633057
2386,0.0020245611667633057
2387,0.0020245611667633057
2388,0.0020245611667633057
2389,0.0020245611667633057
2390,0.0020245611667633057
2391,0.0020245611667633057
2392,0.0020245611667633057
2393,0.0020245611667633057
2394,0.0020245611667633057
2395,0.0020245611667633057
2396,0.0020245611667633057
2397,0.0020245611667633057
2398,0.0020245611667633057
2399,0.0020245611667633057
2400,0.0020245611667633057
2401,0.0020245611667633057
2402,0.0020245611667633057
2403,0.0020245611667633057
2404,0.0020245611667633057
2405,0.0020245611667633057
2406,0.0020245611667633057
2407,0.0020245611667633057
2408,0.0020245611667633057
2409,0.0020245611667633057
2410,0.0020245611667633057
2411,0.0020245611667633057
2412,0.0020245611667633057
2413,0.0020245611667633057
2414,0.0020245611667633057
2415,0.0020245611667633057
2416,0.0020245611667633057
2417,0.0020245611667633057
2418,0.0020245611667633057
2419,0.0020245611667633057
2420,0.0020245611667633057
2421,0.0020245611667633057
2422,0.0020245611667633057
2423,0.0020245611667633057
2424,0.0020245611667633057
2425,0.0020245611667633057
2426,0.0020245611667633057
2427,0.0020245611667633057
2428,0.0020245611667633057
2429,0.0020245611667633057
2430,0.0020245611667633057
2431,0.0020245611667633057
2432,0.0020245611667633057
2433,0.0020245611667633057
2434,0.0020245611667633057
2435,0.0020245611667633057
2436,0.0020245611667633057
2437,0.0020245611667633057
2438,0.0020245611667633057
2439,0.0020245611667633057
2440,0.0020245611667633057
2441,0.0020245611667633057
2442,0.0020245611667633057
2443,0.0020245611667633057
2444,0.0020245611667633057
2445,0.0020245611667633057
2446,0.0020245611667633057
2447,0.0020245611667633057
2448,0.0020245611667633057
2449,0.0020245611667633057
2450,0.0020245611667633057
2451,0.0020245611667633057
2452,0.0020245611667633057
2453,0.0020245611667633057
2454,0.0020245611667633057
2455,0.0020245611667633057
2456,0.0020245611667633057
2457,0.0020245611667633057
2458,0.0020245611667633057
2459,0.0020245611667633057
2460,0.0020245611667633057
2461,0.0020245611667633057
2462,0.0020245611667633057
2463,0.0020245611667633057
2464,0.0020245611667633057
2465,0.0020245611667633057
2466,0.0020245611667633057
2467,0.0020245611667633057
2468,0.0020245611667633057
2469,0.0020245611667633057
2470,0.0020245611667633057
2471,0.0020245611667633057
2472,0.0020245611667633057
2473,0.0020245611667633057
2474,0.0020245611667633057
2475,0.0020245611667633057
2476,0.0020245611667633057
2477,0.0020245611667633057
2478,0.0020245611667633057
2479,0.0020245611667633057
2480,0.0020245611667633057
2481,0.0020245611667633057
2482,0.0020245611667633057
2483,0.0020245611667633057
2484,0.0020245611667633057
2485,0.0020245611667633057
2486,0.0020245611667633057
2487,0.0020245611667633057
2488,0.0020245611667633057
2489,0.0020245611667633057
2490,0.0020245611667633057
2491,0.0020245611667633057
2492,0.0020245611667633057
2493,0.0020245611667633057
2494,0.0020245611667633057
2495,0.0020245611667633057
2496,0.0020245611667633057
2497,0.0020245611667633057
2498,0.0020245611667633057
2499,0.0020245611667633057
2500,0.0020245611667633057
2501,0.0020245611667633057
2502,0.0020245611667633057
2503,0.0020245611667633057
2504,0.0020245611667633057
2505,0.0020245611667633057
2506,0.0020245611667633057
2507,0.0020245611667633057
2508,0.0020245611667633057
2509,0.0020245611667633057
2510,0.0020245611667633057
2511,0.0020245611667633057
2512,0.0020245611667633057
2513,0.0020245611667633057
2514,0.0020245611667633057
2515,0.0020245611667633057
2516,0.0020245611667633057
2517,0.0020245611667633057
2518,0.0020245611667633057
2519,0.0020245611667633057
2520,0.0020245611667633057
2521,0.0020245611667633057
2522,0.0020245611667633057
2523,0.0020245611667633057
2524,0.0020245611667633057
2525,0.0020245611667633057
2526,0.0020245611667633057
2527,0.0020245611667633057
2528,0.0020245611667633057
2529,0.0020245611667633057
2530,0.0020245611667633057
2531,0.0020245611667633057
2532,0.0020245611667633057
2533,0.0020245611667633057
2534,0.0020245611667633057
2535,0.0020245611667633057
2536,0.0020245611667633057
2537,0.0020245611667633057
2538,0.0020245611667633057
2539,0.0020245611667633057
2540,0.0020245611667633057
2541,0.0020245611667633057
2542,0.0020245611667633057
2543,0.0020245611667633057
2544,0.0020245611667633057
2545,0.0020245611667633057
2546,0.0020245611667633057
2547,0.0020245611667633057
2548,0.0020245611667633057
2549,0.0020245611667633057
2550,0.0020245611667633057
2551,0.0020245611667633057
2552,0.0020245611667633057
2553,0.0020245611667633057
2554,0.0020245611667633057
2555,0.0020245611667633057
2556,0.0020245611667633057
2557,0.0020245611667633057
2558,0.0020245611667633057
2559,0.0020245611667633057
2560,0.0020245611667633057
2561,0.0020245611667633057
2562,0.0020245611667633057
2563,0.0020245611667633057
2564,0.0020245611667633057
2565,0.0020245611667633057
2566,0.0020245611667633057
2567,0.0020245611667633057
2568,0.0020245611667633057
2569,0.0020245611667633057
2570,0.0020245611667633057
2571,0.0020245611667633057
2572,0.0020245611667633057
2573,0.0020245611667633057
2574,0.0020245611667633057
2575,0.0020245611667633057
2576,0.0020245611667633057
2577,0.0020245611667633057
2578,0.0020245611667633057
2579,0.0020245611667633057
2580,0.0020245611667633057
2581,0.0020245611667633057
2582,0.0020245611667633057
2583,0.0020245611667633057
2584,0.0020245611667633057
2585,0.0020245611667633057
2586,0.0020245611667633057
2587,0.0020245611667633057
2588,0.0020245611667633057
2589,0.0020245611667633057
2590,0.0020245611667633057
2591,0.0020245611667633057
2592,0.0020245611667633057
2593,0.0020245611667633057
2594,0.0020245611667633057
2595,0.0020245611667633057
2596,0.0020245611667633057
2597,0.0020245611667633057
2598,0.0020245611667633057
2599,0.0020245611667633057
2600,0.0020245611667633057
2601,0.0020245611667633057
2602,0.0020245611667633057
2603,0.0020245611667633057
2604,0.0020245611667633057
2605,0.0020245611667633057
2606,0.0020245611667633057
2607,0.0020245611667633057
2608,0.0020245611667633057
2609,0.0020245611667633057
2610,0.0020245611667633057
2611,0.0020245611667633057
2612,0.0020245611667633057
2613,0.0020245611667633057
2614,0.0020245611667633057
2615,0.0020245611667633057
2616,0.0020245611667633057
2617,0.0020245611667633057
2618,0.0020245611667633057
2619,0.0020245611667633057
2620,0.0020245611667633057
2621,0.0020245611667633057
2622,0.0020245611667633057
2623,0.0020245611667633057
2624,0.0020245611667633057
2625,0.0020245611667633057
2626,0.0020245611667633057
2627,0.0020245611667633057
2628,0.0020245611667633057
2629,0.0020245611667633057
2630,0.0020245611667633057
2631,0.0020245611667633057
2632,0.0020245611667633057
2633,0.0020245611667633057
2634,0.0020245611667633057
2635,0.0020245611667633057
2636,0.0020245611667633057
2637,0.0020245611667633057
2638,0.0020245611667633057
2639,0.0020245611667633057
2640,0.0020245611667633057
2641,0.0020245611667633057
2642,0.0020245611667633057
2643,0.0020245611667633057
2644,0.0020245611667633057
2645,0.0020245611667633057
2646,0.0020245611667633057
2647,0.0020245611667633057
2648,0.0020245611667633057
2649,0.0020245611667633057
2650,0.0020245611667633057
2651,0.0020245611667633057
2652,0.0020245611667633057
2653,0.0020245611667633057
2654,0.0020245611667633057
2655,0.0020245611667633057
2656,0.0020245611667633057
2657,0.0020245611667633057
2658,0.0020245611667633057
2659,0.0020245611667633057
2660,0.0020245611667633057
2661,0.0020245611667633057
2662,0.0020245611667633057
2663,0.0020245611667633057
2664,0.0020245611667633057
2665,0.0020245611667633057
2666,0.0020245611667633057
2667,0.0020245611667633057
2668,0.0020245611667633057
2669,0.0020245611667633057
2670,0.0020245611667633057
2671,0.0020245611667633057
2672,0.0020245611667633057
2673,0.0020245611667633057
2674,0.0020245611667633057
2675,0.0020245611667633057
2676,0.0020245611667633057
2677,0.0020245611667633057
2678,0.0020245611667633057
2679,0.0020245611667633057
2680,0.0020245611667633057
2681,0.0020245611667633057
2682,0.0020245611667633057
2683,0.0020245611667633057
2684,0.0020245611667633057
2685,0.0020245611667633057
2686,0.0020245611667633057
2687,0.0020245611667633057
2688,0.0020245611667633057
2689,0.0020245611667633057
2690,0.0020245611667633057
2691,0.0020245611667633057
2692,0.0020245611667633057
2693,0.0020245611667633057
2694,0.0020245611667633057
2695,0.0020245611667633057
2696,0.0020245611667633057
2697,0.0020245611667633057
2698,0.0020245611667633057
2699,0.0020245611667633057
2700,0.0020245611667633057
2701,0.0020245611667633057
2702,0.0020245611667633057
2703,0.0020245611667633057
2704,0.0020245611667633057
2705,0.0020245611667633057
2706,0.0020245611667633057
2707,0.0020245611667633057
2708,0.0020245611667633057
2709,0.0020245611667633057
2710,0.0020245611667633057
2711,0.0020245611667633057
2712,0.0020245611667633057
2713,0.0020245611667633057
2714,0.0020245611667633057
2715,0.0020245611667633057
2716,0.0020245611667633057
2717,0.0020245611667633057
2718,0.0020245611667633057
2719,0.0020245611667633057
2720,0.0020245611667633057
2721,0.0020245611667633057
2722,0.0020245611667633057
2723,0.0020245611667633057
2724,0.0020245611667633057
2725,0.0020245611667633057
2726,0.0020245611667633057
2727,0.0020245611667633057
2728,0.0020245611667633057
2729,0.0020245611667633057
2730,0.0020245611667633057
2731,0.0020245611667633057
2732,0.0020245611667633057
2733,0.0020245611667633057
2734,0.0020245611667633057
2735,0.0020245611667633057
2736,0.0020245611667633057
2737,0.0020245611667633057
2738,0.0020245611667633057
2739,0.0020245611667633057
2740,0.0020245611667633057
2741,0.0020245611667633057
2742,0.0020245611667633057
2743,0.0020245611667633057
2744,0.0020245611667633057
2745,0.0020245611667633057
2746,0.0020245611667633057
2747,0.0020245611667633057
2748,0.0020245611667633057
2749,0.0020245611667633057
2750,0.0020245611667633057
2751,0.0020245611667633057
2752,0.0020245611667633057
2753,0.0020245611667633057
2754,0.0020245611667633057
2755,0.0020245611667633057
2756,0.0020245611667633057
2757,0.0020245611667633057
2758,0.0020245611667633057
2759,0.0020245611667633057
2760,0.0020245611667633057
2761,0.0020245611667633057
2762,0.0020245611667633057
2763,0.0020245611667633057
2764,0.0020245611667633057
2765,0.0020245611667633057
2766,0.0020245611667633057
2767,0.0020245611667633057
2768,0.0020245611667633057
2769,0.0020245611667633057
2770,0.0020245611667633057
2771,0.0020245611667633057
2772,0.0020245611667633057
2773,0.0020245611667633057
2774,0.0020245611667633057
2775,0.0020245611667633057
2776,0.0020245611667633057
2777,0.0020245611667633057
2778,0.0020245611667633057
2779,0.0020245611667633057
2780,0.0020245611667633057
2781,0.0020245611667633057
2782,0.0020245611667633057
2783,0.0020245611667633057
2784,0.0020245611667633057
2785,0.0020245611667633057
2786,0.0020245611667633057
2787,0.0020245611667633057
2788,0.0020245611667633057
2789,0.0020245611667633057
2790,0.0020245611667633057
2791,0.0020245611667633057
2792,0.0020245611667633057
2793,0.0020245611667633057
2794,0.0020245611667633057
2795,0.0020245611667633057
2796,0.0020245611667633057
2797,0.0020245611667633057
2798,0.0020245611667633057
2799,0.0020245611667633057
2800,0.0020245611667633057
2801,0.0020245611667633057
2802,0.0020245611667633057
2803,0.0020245611667633057
2804,0.0020245611667633057
2805,0.0020245611667633057
2806,0.0020245611667633057
2807,0.0020245611667633057
2808,0.0020245611667633057
2809,0.0020245611667633057
2810,0.0020245611667633057
2811,0.0020245611667633057
2812,0.0020245611667633057
2813,0.0020245611667633057
2814,0.0020245611667633057
2815,0.0020245611667633057
2816,0.0020245611667633057
2817,0.0020245611667633057
2818,0.0020245611667633057
2819,0.0020245611667633057
2820,0.0020245611667633057
2821,0.0020245611667633057
2822,0.0020245611667633057
2823,0.0020245611667633057
2824,0.0020245611667633057
2825,0.0020245611667633057
2826,0.0020245611667633057
2827,0.0020245611667633057
2828,0.0020245611667633057
2829,0.0020245611667633057
2830,0.0020245611667633057
2831,0.0020245611667633057
2832,0.0020245611667633057
2833,0.0020245611667633057
2834,0.0020245611667633057
2835,0.0020245611667633057
2836,0.0020245611667633057
2837,0.0020245611667633057
2838,0.0020245611667633057
2839,0.0020245611667633057
2840,0.0020245611667633057
2841,0.0020245611667633057
2842,0.0020245611667633057
2843,0.0020245611667633057
2844,0.0020245611667633057
2845,0.0020245611667633057
2846,0.0020245611667633057
2847,0.0020245611667633057
2848,0.0020245611667633057
2849,0.0020245611667633057
2850,0.0020245611667633057
2851,0.0020245611667633057
2852,0.0020245611667633057
2853,0.0020245611667633057
2854,0.0020245611667633057
2855,0.0020245611667633057
2856,0.0020245611667633057
2857,0.0020245611667633057
2858,0.0020245611667633057
2859,0.0020245611667633057
2860,0.0020245611667633057
2861,0.0020245611667633057
2862,0.0020245611667633057
2863,0.0020245611667633057
2864,0.0020245611667633057
2865,0.0020245611667633057
2866,0.0020245611667633057
2867,0.0020245611667633057
2868,0.0020245611667633057
2869,0.0020245611667633057
2870,0.0020245611667633057
2871,0.0020245611667633057
2872,0.0020245611667633057
2873,0.0020245611667633057
2874,0.0020245611667633057
2875,0.0020245611667633057
2876,0.0020245611667633057
2877,0.0020245611667633057
2878,0.0020245611667633057
2879,0.0020245611667633057
2880,0.0020245611667633057
2881,0.0020245611667633057
2882,0.0020245611667633057
2883,0.0020245611667633057
2884,0.0020245611667633057
2885,0.0020245611667633057
2886,0.0020245611667633057
2887,0.0020245611667633057
2888,0.0020245611667633057
2889,0.0020245611667633057
2890,0.0020245611667633057
2891,0.0020245611667633057
2892,0.0020245611667633057
2893,0.0020245611667633057
2894,0.0020245611667633057
2895,0.0020245611667633057
2896,0.0020245611667633057
2897,0.0020245611667633057
2898,0.0020245611667633057
2899,0.0020245611667633057
2900,0.0020245611667633057
2901,0.0020245611667633057
2902,0.0020245611667633057
2903,0.0020245611667633057
2904,0.0020245611667633057
2905,0.0020245611667633057
2906,0.0020245611667633057
2907,0.0020245611667633057
2908,0.0020245611667633057
2909,0.0020245611667633057
2910,0.0020245611667633057
2911,0.0020245611667633057
2912,0.0020245611667633057
2913,0.0020245611667633057
2914,0.0020245611667633057
2915,0.0020245611667633057
2916,0.0020245611667633057
2917,0.0020245611667633057
2918,0.0020245611667633057
2919,0.0020245611667633057
2920,0.0020245611667633057
2921,0.0020245611667633057
2922,0.0020245611667633057
2923,0.0020245611667633057
2924,0.0020245611667633057
2925,0.0020245611667633057
2926,0.0020245611667633057
2927,0.0020245611667633057
2928,0.0020245611667633057
2929,0.0020245611667633057
2930,0.0020245611667633057
2931,0.0020245611667633057
2932,0.0020245611667633057
2933,0.0020245611667633057
2934,0.0020245611667633057
2935,0.0020245611667633057
2936,0.0020245611667633057
2937,0.0020245611667633057
2938,0.0020245611667633057
2939,0.0020245611667633057
2940,0.0020245611667633057
2941,0.0020245611667633057
2942,0.0020245611667633057
2943,0.0020245611667633057
2944,0.0020245611667633057
2945,0.0020245611667633057
2946,0.0020245611667633057
2947,0.0020245611667633057
2948,0.0020245611667633057
2949,0.0020245611667633057
2950,0.0020245611667633057
2951,0.0020245611667633057
2952,0.0020245611667633057
2953,0.0020245611667633057
2954,0.0020245611667633057
2955,0.0020245611667633057
2956,0.0020245611667633057
2957,0.0020245611667633057
2958,0.0020245611667633057
2959,0.0020245611667633057
2960,0.0020245611667633057
2961,0.0020245611667633057
2962,0.0020245611667633057
2963,0.0020245611667633057
2964,0.0020245611667633057
2965,0.0020245611667633057
2966,0.0020245611667633057
2967,0.0020245611667633057
2968,0.0020245611667633057
2969,0.0020245611667633057
2970,0.0020245611667633057
2971,0.0020245611667633057
2972,0.0020245611667633057
2973,0.0020245611667633057
2974,0.0020245611667633057
2975,0.0020245611667633057
2976,0.0020245611667633057
2977,0.0020245611667633057
2978,0.0020245611667633057
2979,0.0020245611667633057
2980,0.0020245611667633057
2981,0.0020245611667633057
2982,0.0020245611667633057
2983,0.0020245611667633057
2984,0.0020245611667633057
2985,0.0020245611667633057
2986,0.0020245611667633057
2987,0.0020245611667633057
2988,0.0020245611667633057
2989,0.0020245611667633057
2990,0.0020245611667633057
2991,0.0020245611667633057
2992,0.0020245611667633057
2993,0.0020245611667633057
2994,0.0020245611667633057
2995,0.0020245611667633057
2996,0.0020245611667633057
2997,0.0020245611667633057
2998,0.0020245611667633057
2999,0.0020245611667633057
3000,0.0020245611667633057
3001,0.0020245611667633057
3002,0.0020245611667633057
3003,0.0020245611667633057
3004,0.0020245611667633057
3005,0.0020245611667633057
3006,0.0020245611667633057
3007,0.0020245611667633057
3008,0.0020245611667633057
3009,0.0020245611667633057
3010,0.0020245611667633057
3011,0.0020245611667633057
3012,0.0020245611667633057
3013,0.0020245611667633057
3014,0.0020245611667633057
3015,0.0020245611667633057
3016,0.0020245611667633057
3017,0.0020245611667633057
3018,0.0020245611667633057
3019,0.0020245611667633057
3020,0.0020245611667633057
3021,0.0020245611667633057
3022,0.0020245611667633057
3023,0.0020245611667633057
3024,0.0020245611667633057
3025,0.0020245611667633057
3026,0.0020245611667633057
3027,0.0020245611667633057
3028,0.0020245611667633057
3029,0.0020245611667633057
3030,0.0020245611667633057
3031,0.0020245611667633057
3032,0.0020245611667633057
3033,0.0020245611667633057
3034,0.0020245611667633057
3035,0.0020245611667633057
3036,0.0020245611667633057
3037,0.0020245611667633057
3038,0.0020245611667633057
3039,0.0020245611667633057
3040,0.0020245611667633057
3041,0.0020245611667633057
3042,0.0020245611667633057
3043,0.0020245611667633057
3044,0.0020245611667633057
3045,0.0020245611667633057
3046,0.0020245611667633057
3047,0.0020245611667633057
3048,0.0020245611667633057
3049,0.0020245611667633057
3050,0.0020245611667633057
3051,0.0020245611667633057
3052,0.0020245611667633057
3053,0.0020245611667633057
3054,0.0020245611667633057
3055,0.0020245611667633057
3056,0.0020245611667633057
3057,0.0020245611667633057
3058,0.0020245611667633057
3059,0.0020245611667633057
3060,0.0020245611667633057
3061,0.0020245611667633057
3062,0.0020245611667633057
3063,0.0020245611667633057
3064,0.0020245611667633057
3065,0.0020245611667633057
3066,0.0020245611667633057
3067,0.0020245611667633057
3068,0.0020245611667633057
3069,0.0020245611667633057
3070,0.0020245611667633057
3071,0.0020245611667633057
3072,0.0020245611667633057
3073,0.0020245611667633057
3074,0.0020245611667633057
3075,0.0020245611667633057
3076,0.0020245611667633057
3077,0.0020245611667633057
3078,0.0020245611667633057
3079,0.0020245611667633057
3080,0.0020245611667633057
3081,0.0020245611667633057
3082,0.0020245611667633057
3083,0.0020245611667633057
3084,0.0020245611667633057
3085,0.0020245611667633057
3086,0.0020245611667633057
3087,0.0020245611667633057
3088,0.0020245611667633057
3089,0.0020245611667633057
3090,0.0020245611667633057
3091,0.0020245611667633057
3092,0.0020245611667633057
3093,0.0020245611667633057
3094,0.0020245611667633057
3095,0.0020245611667633057
3096,0.0020245611667633057
3097,0.0020245611667633057
3098,0.0020245611667633057
3099,0.0020245611667633057
3100,0.0020245611667633057
3101,0.0020245611667633057
3102,0.0020245611667633057
3103,0.0020245611667633057
3104,0.0020245611667633057
3105,0.0020245611667633057
3106,0.0020245611667633057
3107,0.0020245611667633057
3108,0.0020245611667633057
3109,0.0020245611667633057
3110,0.0020245611667633057
3111,0.0020245611667633057
3112,0.0020245611667633057
3113,0.0020245611667633057
3114,0.0020245611667633057
3115,0.0020245611667633057
3116,0.0020245611667633057
3117,0.0020245611667633057
3118,0.0020245611667633057
3119,0.0020245611667633057
3120,0.0020245611667633057
3121,0.0020245611667633057
3122,0.0020245611667633057
3123,0.0020245611667633057
3124,0.0020245611667633057
3125,0.0020245611667633057
3126,0.0020245611667633057
3127,0.0020245611667633057
3128,0.0020245611667633057
3129,0.0020245611667633057
3130,0.0020245611667633057
3131,0.0020245611667633057
3132,0.0020245611667633057
3133,0.0020245611667633057
3134,0.0020245611667633057
3135,0.0020245611667633057
3136,0.0020245611667633057
3137,0.0020245611667633057
3138,0.0020245611667633057
3139,0.0020245611667633057
3140,0.0020245611667633057
3141,0.0020245611667633057
3142,0.0020245611667633057
3143,0.0020245611667633057
3144,0.0020245611667633057
3145,0.0020245611667633057
3146,0.0020245611667633057
3147,0.0020245611667633057
3148,0.0020245611667633057
3149,0.0020245611667633057
3150,0.0020245611667633057
3151,0.0020245611667633057
3152,0.0020245611667633057
3153,0.0020245611667633057
3154,0.0020245611667633057
3155,0.0020245611667633057
3156,0.0020245611667633057
3157,0.0020245611667633057
3158,0.0020245611667633057
3159,0.0020245611667633057
3160,0.0020245611667633057
3161,0.0020245611667633057
3162,0.0020245611667633057
3163,0.0020245611667633057
3164,0.0020245611667633057
3165,0.0020245611667633057
3166,0.0020245611667633057
3167,0.0020245611667633057
3168,0.0020245611667633057
3169,0.0020245611667633057
3170,0.0020245611667633057
3171,0.0020245611667633057
3172,0.0020245611667633057
3173,0.0020245611667633057
3174,0.0020245611667633057
3175,0.0020245611667633057
3176,0.0020245611667633057
3177,0.0020245611667633057
3178,0.0020245611667633057
3179,0.0020245611667633057
3180,0.0020245611667633057
3181,0.0020245611667633057
3182,0.0020245611667633057
3183,0.0020245611667633057
3184,0.0020245611667633057
3185,0.0020245611667633057
3186,0.0020245611667633057
3187,0.0020245611667633057
3188,0.0020245611667633057
3189,0.0020245611667633057
3190,0.0020245611667633057
3191,0.0020245611667633057
3192,0.0020245611667633057
3193,0.0020245611667633057
3194,0.0020245611667633057
3195,0.0020245611667633057
3196,0.0020245611667633057
3197,0.0020245611667633057
3198,0.0020245611667633057
3199,0.0020245611667633057
3200,0.0020245611667633057
3201,0.0020245611667633057
3202,0.0020245611667633057
3203,0.0020245611667633057
3204,0.0020245611667633057
3205,0.0020245611667633057
3206,0.0020245611667633057
3207,0.0020245611667633057
3208,0.0020245611667633057
3209,0.0020245611667633057
3210,0.0020245611667633057
3211,0.0020245611667633057
3212,0.0020245611667633057
3213,0.0020245611667633057
3214,0.0020245611667633057
3215,0.0020245611667633057
3216,0.0020245611667633057
3217,0.0020245611667633057
3218,0.0020245611667633057
3219,0.0020245611667633057
3220,0.0020245611667633057
3221,0.0020245611667633057
3222,0.0020245611667633057
3223,0.0020245611667633057
3224,0.0020245611667633057
3225,0.0020245611667633057
3226,0.0020245611667633057
3227,0.0020245611667633057
3228,0.0020245611667633057
3229,0.0020245611667633057
3230,0.0020245611667633057
3231,0.0020245611667633057
3232,0.0020245611667633057
3233,0.0020245611667633057
3234,0.0020245611667633057
3235,0.0020245611667633057
3236,0.0020245611667633057
3237,0.0020245611667633057
3238,0.0020245611667633057
3239,0.0020245611667633057
3240,0.0020245611667633057
3241,0.0020245611667633057
3242,0.0020245611667633057
3243,0.0020245611667633057
3244,0.0020245611667633057
3245,0.0020245611667633057
3246,0.0020245611667633057
3247,0.0020245611667633057
3248,0.0020245611667633057
3249,0.0020245611667633057
3250,0.0020245611667633057
3251,0.0020245611667633057
3252,0.0020245611667633057
3253,0.0020245611667633057
3254,0.0020245611667633057
3255,0.0020245611667633057
3256,0.0020245611667633057
3257,0.0020245611667633057
3258,0.0020245611667633057
3259,0.0020245611667633057
3260,0.0020245611667633057
3261,0.0020245611667633057
3262,0.0020245611667633057
3263,0.0020245611667633057
3264,0.0020245611667633057
3265,0.0020245611667633057
3266,0.0020245611667633057
3267,0.0020245611667633057
3268,0.0020245611667633057
3269,0.0020245611667633057
3270,0.0020245611667633057
3271,0.0020245611667633057
3272,0.0020245611667633057
3273,0.0020245611667633057
3274,0.0020245611667633057
3275,0.0020245611667633057
3276,0.0020245611667633057
3277,0.0020245611667633057
3278,0.0020245611667633057
3279,0.0020245611667633057
3280,0.0020245611667633057
3281,0.0020245611667633057
3282,0.0020245611667633057
3283,0.0020245611667633057
3284,0.0020245611667633057
3285,0.0020245611667633057
3286,0.0020245611667633057
3287,0.0020245611667633057
3288,0.0020245611667633057
3289,0.0020245611667633057
3290,0.0020245611667633057
3291,0.0020245611667633057
3292,0.0020245611667633057
3293,0.0020245611667633057
3294,0.0020245611667633057
3295,0.0020245611667633057
3296,0.0020245611667633057
3297,0.0020245611667633057
3298,0.0020245611667633057
3299,0.0020245611667633057
3300,0.0020245611667633057
3301,0.0020245611667633057
3302,0.0020245611667633057
3303,0.0020245611667633057
3304,0.0020245611667633057
3305,0.0020245611667633057
3306,0.0020245611667633057
3307,0.0020245611667633057
3308,0.0020245611667633057
3309,0.0020245611667633057
3310,0.0020245611667633057
3311,0.0020245611667633057
3312,0.0020245611667633057
3313,0.0020245611667633057
3314,0.0020245611667633057
3315,0.0020245611667633057
3316,0.0020245611667633057
3317,0.0020245611667633057
3318,0.0020245611667633057
3319,0.0020245611667633057
3320,0.0020245611667633057
3321,0.0020245611667633057
3322,0.0020245611667633057
3323,0.0020245611667633057
3324,0.0020245611667633057
3325,0.0020245611667633057
3326,0.0020245611667633057
3327,0.0020245611667633057
3328,0.0020245611667633057
3329,0.0020245611667633057
3330,0.0020245611667633057
3331,0.0020245611667633057
3332,0.0020245611667633057
3333,0.0020245611667633057
3334,0.0020245611667633057
3335,0.0020245611667633057
3336,0.0020245611667633057
3337,0.0020245611667633057
3338,0.0020245611667633057
3339,0.0020245611667633057
3340,0.0020245611667633057
3341,0.0020245611667633057
3342,0.0020245611667633057
3343,0.0020245611667633057
3344,0.0020245611667633057
3345,0.0020245611667633057
3346,0.0020245611667633057
3347,0.0020245611667633057
3348,0.0020245611667633057
3349,0.0020245611667633057
3350,0.0020245611667633057
3351,0.0020245611667633057
3352,0.0020245611667633057
3353,0.0020245611667633057
3354,0.0020245611667633057
3355,0.0020245611667633057
3356,0.0020245611667633057
3357,0.0020245611667633057
3358,0.0020245611667633057
3359,0.0020245611667633057
3360,0.0020245611667633057
3361,0.0020245611667633057
3362,0.0020245611667633057
3363,0.0020245611667633057
3364,0.0020245611667633057
3365,0.0020245611667633057
3366,0.0020245611667633057
3367,0.0020245611667633057
3368,0.0020245611667633057
3369,0.0020245611667633057
3370,0.0020245611667633057
3371,0.0020245611667633057
3372,0.0020245611667633057
3373,0.0020245611667633057
3374,0.0020245611667633057
3375,0.0020245611667633057
3376,0.0020245611667633057
3377,0.0020245611667633057
3378,0.0020245611667633057
3379,0.0020245611667633057
3380,0.0020245611667633057
3381,0.0020245611667633057
3382,0.0020245611667633057
3383,0.0020245611667633057
3384,0.0020245611667633057
3385,0.0020245611667633057
3386,0.0020245611667633057
3387,0.0020245611667633057
3388,0.0020245611667633057
3389,0.0020245611667633057
3390,0.0020245611667633057
3391,0.0020245611667633057
3392,0.0020245611667633057
3393,0.0020245611667633057
3394,0.0020245611667633057
3395,0.0020245611667633057
3396,0.0020245611667633057
3397,0.0020245611667633057
3398,0.0020245611667633057
3399,0.0020245611667633057
3400,0.0020245611667633057
3401,0.0020245611667633057
3402,0.0020245611667633057
3403,0.0020245611667633057
3404,0.0020245611667633057
3405,0.0020245611667633057
3406,0.0020245611667633057
3407,0.0020245611667633057
3408,0.0020245611667633057
3409,0.0020245611667633057
3410,0.0020245611667633057
3411,0.0020245611667633057
3412,0.0020245611667633057
3413,0.0020245611667633057
3414,0.0020245611667633057
3415,0.0020245611667633057
3416,0.0020245611667633057
3417,0.0020245611667633057
3418,0.0020245611667633057
3419,0.0020245611667633057
3420,0.0020245611667633057
3421,0.0020245611667633057
3422,0.0020245611667633057
3423,0.0020245611667633057
3424,0.0020245611667633057
3425,0.0020245611667633057
3426,0.0020245611667633057
3427,0.0020245611667633057
3428,0.0020245611667633057
3429,0.0020245611667633057
3430,0.0020245611667633057
3431,0.0020245611667633057
3432,0.0020245611667633057
3433,0.0020245611667633057
3434,0.0020245611667633057
3435,0.0020245611667633057
3436,0.0020245611667633057
3437,0.0020245611667633057
3438,0.0020245611667633057
3439,0.0020245611667633057
3440,0.0020245611667633057
3441,0.0020245611667633057
3442,0.0020245611667633057
3443,0.0020245611667633057
3444,0.0020245611667633057
3445,0.0020245611667633057
3446,0.0020245611667633057
3447,0.0020245611667633057
3448,0.0020245611667633057
3449,0.0020245611667633057
3450,0.0020245611667633057
3451,0.0020245611667633057
3452,0.0020245611667633057
3453,0.0020245611667633057
3454,0.0020245611667633057
3455,0.0020245611667633057
3456,0.0020245611667633057
3457,0.0020245611667633057
3458,0.0020245611667633057
3459,0.0020245611667633057
3460,0.0020245611667633057
3461,0.0020245611667633057
3462,0.0020245611667633057
3463,0.0020245611667633057
3464,0.0020245611667633057
3465,0.0020245611667633057
3466,0.0020245611667633057
3467,0.0020245611667633057
3468,0.0020245611667633057
3469,0.0020245611667633057
3470,0.0020245611667633057
3471,0.0020245611667633057
3472,0.0020245611667633057
3473,0.0020245611667633057
3474,0.0020245611667633057
3475,0.0020245611667633057
3476,0.0020245611667633057
3477,0.0020245611667633057
3478,0.0020245611667633057
3479,0.0020245611667633057
3480,0.0020245611667633057
3481,0.0020245611667633057
3482,0.0020245611667633057
3483,0.0020245611667633057
3484,0.0020245611667633057
3485,0.0020245611667633057
3486,0.0020245611667633057
3487,0.0020245611667633057
3488,0.0020245611667633057
3489,0.0020245611667633057
3490,0.0020245611667633057
3491,0.0020245611667633057
3492,0.0020245611667633057
3493,0.0020245611667633057
3494,0.0020245611667633057
3495,0.0020245611667633057
3496,0.0020245611667633057
3497,0.0020245611667633057
3498,0.0020245611667633057
3499,0.0020245611667633057
3500,0.0020245611667633057
3501,0.0020245611667633057
3502,0.0020245611667633057
3503,0.0020245611667633057
3504,0.0020245611667633057
3505,0.0020245611667633057
3506,0.0020245611667633057
3507,0.0020245611667633057
3508,0.0020245611667633057
3509,0.0020245611667633057
3510,0.0020245611667633057
3511,0.0020245611667633057
3512,0.0020245611667633057
3513,0.0020245611667633057
3514,0.0020245611667633057
3515,0.0020245611667633057
3516,0.0020245611667633057
3517,0.0020245611667633057
3518,0.0020245611667633057
3519,0.0020245611667633057
3520,0.0020245611667633057
3521,0.0020245611667633057
3522,0.0020245611667633057
3523,0.0020245611667633057
3524,0.0020245611667633057
3525,0.0020245611667633057
3526,0.0020245611667633057
3527,0.0020245611667633057
3528,0.0020245611667633057
3529,0.0020245611667633057
3530,0.0020245611667633057
3531,0.0020245611667633057
3532,0.0020245611667633057
3533,0.0020245611667633057
3534,0.0020245611667633057
3535,0.0020245611667633057
3536,0.0020245611667633057
3537,0.0020245611667633057
3538,0.0020245611667633057
3539,0.0020245611667633057
3540,0.0020245611667633057
3541,0.0020245611667633057
3542,0.0020245611667633057
3543,0.0020245611667633057
3544,0.0020245611667633057
3545,0.0020245611667633057
3546,0.0020245611667633057
3547,0.0020245611667633057
3548,0.0020245611667633057
3549,0.0020245611667633057
3550,0.0020245611667633057
3551,0.0020245611667633057
3552,0.0020245611667633057
3553,0.0020245611667633057
3554,0.0020245611667633057
3555,0.0020245611667633057
3556,0.0020245611667633057
3557,0.0020245611667633057
3558,0.0020245611667633057
3559,0.0020245611667633057
3560,0.0020245611667633057
3561,0.0020245611667633057
3562,0.0020245611667633057
3563,0.0020245611667633057
3564,0.0020245611667633057
3565,0.0020245611667633057
3566,0.0020245611667633057
3567,0.0020245611667633057
3568,0.0020245611667633057
3569,0.0020245611667633057
3570,0.0020245611667633057
3571,0.0020245611667633057
3572,0.0020245611667633057
3573,0.0020245611667633057
3574,0.0020245611667633057
3575,0.0020245611667633057
3576,0.0020245611667633057
3577,0.0020245611667633057
3578,0.0020245611667633057
3579,0.0020245611667633057
3580,0.0020245611667633057
3581,0.0020245611667633057
3582,0.0020245611667633057
3583,0.0020245611667633057
3584,0.0020245611667633057
3585,0.0020245611667633057
3586,0.0020245611667633057
3587,0.0020245611667633057
3588,0.0020245611667633057
3589,0.0020245611667633057
3590,0.0020245611667633057
3591,0.0020245611667633057
3592,0.0020245611667633057
3593,0.0020245611667633057
3594,0.0020245611667633057
3595,0.0020245611667633057
3596,0.0020245611667633057
3597,0.0020245611667633057
3598,0.0020245611667633057
3599,0.0020245611667633057
3600,0.0020245611667633057
3601,0.0020245611667633057
3602,0.0020245611667633057
3603,0.0020245611667633057
3604,0.0020245611667633057
3605,0.0020245611667633057
3606,0.0020245611667633057
3607,0.0020245611667633057
3608,0.0020245611667633057
3609,0.0020245611667633057
3610,0.0020245611667633057
3611,0.0020245611667633057
3612,0.0020245611667633057
3613,0.0020245611667633057
3614,0.0020245611667633057
3615,0.0020245611667633057
3616,0.0020245611667633057
3617,0.0020245611667633057
3618,0.0020245611667633057
3619,0.0020245611667633057
3620,0.0020245611667633057
3621,0.0020245611667633057
3622,0.0020245611667633057
3623,0.0020245611667633057
3624,0.0020245611667633057
3625,0.0020245611667633057
3626,0.0020245611667633057
3627,0.0020245611667633057
3628,0.0020245611667633057
3629,0.0020245611667633057
3630,0.0020245611667633057
3631,0.0020245611667633057
3632,0.0020245611667633057
3633,0.0020245611667633057
3634,0.0020245611667633057
3635,0.0020245611667633057
3636,0.0020245611667633057
3637,0.0020245611667633057
3638,0.0020245611667633057
3639,0.0020245611667633057
3640,0.0020245611667633057
3641,0.0020245611667633057
3642,0.0020245611667633057
3643,0.0020245611667633057
3644,0.0020245611667633057
3645,0.0020245611667633057
3646,0.0020245611667633057
3647,0.0020245611667633057
3648,0.0020245611667633057
3649,0.0020245611667633057
3650,0.0020245611667633057
3651,0.0020245611667633057
3652,0.0020245611667633057
3653,0.0020245611667633057
3654,0.0020245611667633057
3655,0.0020245611667633057
3656,0.0020245611667633057
3657,0.0020245611667633057
3658,0.0020245611667633057
3659,0.0020245611667633057
3660,0.0020245611667633057
3661,0.0020245611667633057
3662,0.0020245611667633057
3663,0.0020245611667633057
3664,0.0020245611667633057
3665,0.0020245611667633057
3666,0.0020245611667633057
3667,0.0020245611667633057
3668,0.0020245611667633057
3669,0.0020245611667633057
3670,0.0020245611667633057
3671,0.0020245611667633057
3672,0.0020245611667633057
3673,0.0020245611667633057
3674,0.0020245611667633057
3675,0.0020245611667633057
3676,0.0020245611667633057
3677,0.0020245611667633057
3678,0.0020245611667633057
3679,0.0020245611667633057
3680,0.0020245611667633057
3681,0.0020245611667633057
3682,0.0020245611667633057
3683,0.0020245611667633057
3684,0.0020245611667633057
3685,0.0020245611667633057
3686,0.0020245611667633057
3687,0.0020245611667633057
3688,0.0020245611667633057
3689,0.0020245611667633057
3690,0.0020245611667633057
3691,0.0020245611667633057
3692,0.0020245611667633057
3693,0.0020245611667633057
3694,0.0020245611667633057
3695,0.0020245611667633057
3696,0.0020245611667633057
3697,0.0020245611667633057
3698,0.0020245611667633057
3699,0.0020245611667633057
3700,0.0020245611667633057
3701,0.0020245611667633057
3702,0.0020245611667633057
3703,0.0020245611667633057
3704,0.0020245611667633057
3705,0.0020245611667633057
3706,0.0020245611667633057
3707,0.0020245611667633057
3708,0.0020245611667633057
3709,0.0020245611667633057
3710,0.0020245611667633057
3711,0.0020245611667633057
3712,0.0020245611667633057
3713,0.0020245611667633057
3714,0.0020245611667633057
3715,0.0020245611667633057
3716,0.0020245611667633057
3717,0.0020245611667633057
3718,0.0020245611667633057
3719,0.0020245611667633057
3720,0.0020245611667633057
3721,0.0020245611667633057
3722,0.0020245611667633057
3723,0.0020245611667633057
3724,0.0020245611667633057
3725,0.0020245611667633057
3726,0.0020245611667633057
3727,0.0020245611667633057
3728,0.0020245611667633057
3729,0.0020245611667633057
3730,0.0020245611667633057
3731,0.0020245611667633057
3732,0.0020245611667633057
3733,0.0020245611667633057
3734,0.0020245611667633057
3735,0.0020245611667633057
3736,0.0020245611667633057
3737,0.0020245611667633057
3738,0.0020245611667633057
3739,0.0020245611667633057
3740,0.0020245611667633057
3741,0.0020245611667633057
3742,0.0020245611667633057
3743,0.0020245611667633057
3744,0.0020245611667633057
3745,0.0020245611667633057
3746,0.0020245611667633057
3747,0.0020245611667633057
3748,0.0020245611667633057
3749,0.0020245611667633057
3750,0.0020245611667633057
3751,0.0020245611667633057
3752,0.0020245611667633057
3753,0.0020245611667633057
3754,0.0020245611667633057
3755,0.0020245611667633057
3756,0.0020245611667633057
3757,0.0020245611667633057
3758,0.0020245611667633057
3759,0.0020245611667633057
3760,0.0020245611667633057
3761,0.0020245611667633057
3762,0.0020245611667633057
3763,0.0020245611667633057
3764,0.0020245611667633057
3765,0.0020245611667633057
3766,0.0020245611667633057
3767,0.0020245611667633057
3768,0.0020245611667633057
3769,0.0020245611667633057
3770,0.0020245611667633057
3771,0.0020245611667633057
3772,0.0020245611667633057
3773,0.0020245611667633057
3774,0.0020245611667633057
3775,0.0020245611667633057
3776,0.0020245611667633057
3777,0.0020245611667633057
3778,0.0020245611667633057
3779,0.0020245611667633057
3780,0.0020245611667633057
3781,0.0020245611667633057
3782,0.0020245611667633057
3783,0.0020245611667633057
3784,0.0020245611667633057
3785,0.0020245611667633057
3786,0.0020245611667633057
3787,0.0020245611667633057
3788,0.0020245611667633057
3789,0.0020245611667633057
3790,0.0020245611667633057
3791,0.0020245611667633057
3792,0.0020245611667633057
3793,0.0020245611667633057
3794,0.0020245611667633057
3795,0.0020245611667633057
3796,0.0020245611667633057
3797,0.0020245611667633057
3798,0.0020245611667633057
3799,0.0020245611667633057
3800,0.0020245611667633057
3801,0.0020245611667633057
3802,0.0020245611667633057
3803,0.0020245611667633057
3804,0.0020245611667633057
3805,0.0020245611667633057
3806,0.0020245611667633057
3807,0.0020245611667633057
3808,0.0020245611667633057
3809,0.0020245611667633057
3810,0.0020245611667633057
3811,0.0020245611667633057
3812,0.0020245611667633057
3813,0.0020245611667633057
3814,0.0020245611667633057
3815,0.0020245611667633057
3816,0.0020245611667633057
3817,0.0020245611667633057
3818,0.0020245611667633057
3819,0.0020245611667633057
3820,0.0020245611667633057
3821,0.0020245611667633057
3822,0.0020245611667633057
3823,0.0020245611667633057
3824,0.0020245611667633057
3825,0.0020245611667633057
3826,0.0020245611667633057
3827,0.0020245611667633057
3828,0.0020245611667633057
3829,0.0020245611667633057
3830,0.0020245611667633057
3831,0.0020245611667633057
3832,0.0020245611667633057
3833,0.0020245611667633057
3834,0.0020245611667633057
3835,0.0020245611667633057
3836,0.0020245611667633057
3837,0.0020245611667633057
3838,0.0020245611667633057
3839,0.0020245611667633057
3840,0.0020245611667633057
3841,0.0020245611667633057
3842,0.0020245611667633057
3843,0.0020245611667633057
3844,0.0020245611667633057
3845,0.0020245611667633057
3846,0.0020245611667633057
3847,0.0020245611667633057
3848,0.0020245611667633057
3849,0.0020245611667633057
3850,0.0020245611667633057
3851,0.0020245611667633057
3852,0.0020245611667633057
3853,0.0020245611667633057
3854,0.0020245611667633057
3855,0.0020245611667633057
3856,0.0020245611667633057
3857,0.0020245611667633057
3858,0.0020245611667633057
3859,0.0020245611667633057
3860,0.0020245611667633057
3861,0.0020245611667633057
3862,0.0020245611667633057
3863,0.0020245611667633057
3864,0.0020245611667633057
3865,0.0020245611667633057
3866,0.0020245611667633057
3867,0.0020245611667633057
3868,0.0020245611667633057
3869,0.0020245611667633057
3870,0.0020245611667633057
3871,0.0020245611667633057
3872,0.0020245611667633057
3873,0.0020245611667633057
3874,0.0020245611667633057
3875,0.0020245611667633057
3876,0.0020245611667633057
3877,0.0020245611667633057
3878,0.0020245611667633057
3879,0.0020245611667633057
3880,0.0020245611667633057
3881,0.0020245611667633057
3882,0.0020245611667633057
3883,0.0020245611667633057
3884,0.0020245611667633057
3885,0.0020245611667633057
3886,0.0020245611667633057
3887,0.0020245611667633057
3888,0.0020245611667633057
3889,0.0020245611667633057
3890,0.0020245611667633057
3891,0.0020245611667633057
3892,0.0020245611667633057
3893,0.0020245611667633057
3894,0.0020245611667633057
3895,0.0020245611667633057
3896,0.0020245611667633057
3897,0.0020245611667633057
3898,0.0020245611667633057
3899,0.0020245611667633057
3900,0.0020245611667633057
3901,0.0020245611667633057
3902,0.0020245611667633057
3903,0.0020245611667633057
3904,0.0020245611667633057
3905,0.0020245611667633057
3906,0.0020245611667633057
3907,0.0020245611667633057
3908,0.0020245611667633057
3909,0.0020245611667633057
3910,0.0020245611667633057
3911,0.0020245611667633057
3912,0.0020245611667633057
3913,0.0020245611667633057
3914,0.0020245611667633057
3915,0.0020245611667633057
3916,0.0020245611667633057
3917,0.0020245611667633057
3918,0.0020245611667633057
3919,0.0020245611667633057
3920,0.0020245611667633057
3921,0.0020245611667633057
3922,0.0020245611667633057
3923,0.0020245611667633057
3924,0.0020245611667633057
3925,0.0020245611667633057
3926,0.0020245611667633057
3927,0.0020245611667633057
3928,0.0020245611667633057
3929,0.0020245611667633057
3930,0.0020245611667633057
3931,0.0020245611667633057
3932,0.0020245611667633057
3933,0.0020245611667633057
3934,0.0020245611667633057
3935,0.0020245611667633057
3936,0.0020245611667633057
3937,0.0020245611667633057
3938,0.0020245611667633057
3939,0.0020245611667633057
3940,0.0020245611667633057
3941,0.0020245611667633057
3942,0.0020245611667633057
3943,0.0020245611667633057
3944,0.0020245611667633057
3945,0.0020245611667633057
3946,0.0020245611667633057
3947,0.0020245611667633057
3948,0.0020245611667633057
3949,0.0020245611667633057
3950,0.0020245611667633057
3951,0.0020245611667633057
3952,0.0020245611667633057
3953,0.0020245611667633057
3954,0.0020245611667633057
3955,0.0020245611667633057
3956,0.0020245611667633057
3957,0.0020245611667633057
3958,0.0020245611667633057
3959,0.0020245611667633057
3960,0.0020245611667633057
3961,0.0020245611667633057
3962,0.0020245611667633057
3963,0.0020245611667633057
3964,0.0020245611667633057
3965,0.0020245611667633057
3966,0.0020245611667633057
3967,0.0020245611667633057
3968,0.0020245611667633057
3969,0.0020245611667633057
3970,0.0020245611667633057
3971,0.0020245611667633057
3972,0.0020245611667633057
3973,0.0020245611667633057
3974,0.0020245611667633057
3975,0.0020245611667633057
3976,0.0020245611667633057
3977,0.0020245611667633057
3978,0.0020245611667633057
3979,0.0020245611667633057
3980,0.0020245611667633057
3981,0.0020245611667633057
3982,0.0020245611667633057
3983,0.0020245611667633057
3984,0.0020245611667633057
3985,0.0020245611667633057
3986,0.0020245611667633057
3987,0.0020245611667633057
3988,0.0020245611667633057
3989,0.0020245611667633057
3990,0.0020245611667633057
3991,0.0020245611667633057
3992,0.0020245611667633057
3993,0.0020245611667633057
3994,0.0020245611667633057
3995,0.0020245611667633057
3996,0.0020245611667633057
3997,0.0020245611667633057
3998,0.0020245611667633057
3999,0.0020245611667633057
4000,0.0020245611667633057
4001,0.0020245611667633057
4002,0.0020245611667633057
4003,0.0020245611667633057
4004,0.0020245611667633057
4005,0.0020245611667633057
4006,0.0020245611667633057
4007,0.0020245611667633057
4008,0.0020245611667633057
4009,0.0020245611667633057
4010,0.0020245611667633057
4011,0.0020245611667633057
4012,0.0020245611667633057
4013,0.0020245611667633057
4014,0.0020245611667633057
4015,0.0020245611667633057
4016,0.0020245611667633057
4017,0.0020245611667633057
4018,0.0020245611667633057
4019,0.0020245611667633057
4020,0.0020245611667633057
4021,0.0020245611667633057
4022,0.0020245611667633057
4023,0.0020245611667633057
4024,0.0020245611667633057
4025,0.0020245611667633057
4026,0.0020245611667633057
4027,0.0020245611667633057
4028,0.0020245611667633057
4029,0.0020245611667633057
4030,0.0020245611667633057
4031,0.0020245611667633057
4032,0.0020245611667633057
4033,0.0020245611667633057
4034,0.0020245611667633057
4035,0.0020245611667633057
4036,0.0020245611667633057
4037,0.0020245611667633057
4038,0.0020245611667633057
4039,0.0020245611667633057
4040,0.0020245611667633057
4041,0.0020245611667633057
4042,0.0020245611667633057
4043,0.0020245611667633057
4044,0.0020245611667633057
4045,0.0020245611667633057
4046,0.0020245611667633057
4047,0.0020245611667633057
4048,0.0020245611667633057
4049,0.0020245611667633057
4050,0.0020245611667633057
4051,0.0020245611667633057
4052,0.0020245611667633057
4053,0.0020245611667633057
4054,0.0020245611667633057
4055,0.0020245611667633057
4056,0.0020245611667633057
4057,0.0020245611667633057
4058,0.0020245611667633057
4059,0.0020245611667633057
4060,0.0020245611667633057
4061,0.0020245611667633057
4062,0.0020245611667633057
4063,0.0020245611667633057
4064,0.0020245611667633057
4065,0.0020245611667633057
4066,0.0020245611667633057
4067,0.0020245611667633057
4068,0.0020245611667633057
4069,0.0020245611667633057
4070,0.0020245611667633057
4071,0.0020245611667633057
4072,0.0020245611667633057
4073,0.0020245611667633057
4074,0.0020245611667633057
4075,0.0020245611667633057
4076,0.0020245611667633057
4077,0.0020245611667633057
4078,0.0020245611667633057
4079,0.0020245611667633057
4080,0.0020245611667633057
4081,0.0020245611667633057
4082,0.0020245611667633057
4083,0.0020245611667633057
4084,0.0020245611667633057
4085,0.0020245611667633057
4086,0.0020245611667633057
4087,0.0020245611667633057
4088,0.0020245611667633057
4089,0.0020245611667633057
4090,0.0020245611667633057
4091,0.0020245611667633057
4092,0.0020245611667633057
4093,0.0020245611667633057
4094,0.0020245611667633057
4095,0.0020245611667633057
4096,0.0020245611667633057
4097,0.0020245611667633057
4098,0.0020245611667633057
4099,0.0020245611667633057
4100,0.0020245611667633057
4101,0.0020245611667633057
4102,0.0020245611667633057
4103,0.0020245611667633057
4104,0.0020245611667633057
4105,0.0020245611667633057
4106,0.0020245611667633057
4107,0.0020245611667633057
4108,0.0020245611667633057
4109,0.0020245611667633057
4110,0.0020245611667633057
4111,0.0020245611667633057
4112,0.0020245611667633057
4113,0.0020245611667633057
4114,0.0020245611667633057
4115,0.0020245611667633057
4116,0.0020245611667633057
4117,0.0020245611667633057
4118,0.0020245611667633057
4119,0.0020245611667633057
4120,0.0020245611667633057
4121,0.0020245611667633057
4122,0.0020245611667633057
4123,0.0020245611667633057
4124,0.0020245611667633057
4125,0.0020245611667633057
4126,0.0020245611667633057
4127,0.0020245611667633057
4128,0.0020245611667633057
4129,0.0020245611667633057
4130,0.0020245611667633057
4131,0.0020245611667633057
4132,0.0020245611667633057
4133,0.0020245611667633057
4134,0.0020245611667633057
4135,0.0020245611667633057
4136,0.0020245611667633057
4137,0.0020245611667633057
4138,0.0020245611667633057
4139,0.0020245611667633057
4140,0.0020245611667633057
4141,0.0020245611667633057
4142,0.0020245611667633057
4143,0.0020245611667633057
4144,0.0020245611667633057
4145,0.0020245611667633057
4146,0.0020245611667633057
4147,0.0020245611667633057
4148,0.0020245611667633057
4149,0.0020245611667633057
4150,0.0020245611667633057
4151,0.0020245611667633057
4152,0.0020245611667633057
4153,0.0020245611667633057
4154,0.0020245611667633057
4155,0.0020245611667633057
4156,0.0020245611667633057
4157,0.0020245611667633057
4158,0.0020245611667633057
4159,0.0020245611667633057
4160,0.0020245611667633057
4161,0.0020245611667633057
4162,0.0020245611667633057
4163,0.0020245611667633057
4164,0.0020245611667633057
4165,0.0020245611667633057
4166,0.0020245611667633057
4167,0.0020245611667633057
4168,0.0020245611667633057
4169,0.0020245611667633057
4170,0.0020245611667633057
4171,0.0020245611667633057
4172,0.0020245611667633057
4173,0.0020245611667633057
4174,0.0020245611667633057
4175,0.0020245611667633057
4176,0.0020245611667633057
4177,0.0020245611667633057
4178,0.0020245611667633057
4179,0.0020245611667633057
4180,0.0020245611667633057
4181,0.0020245611667633057
4182,0.0020245611667633057
4183,0.0020245611667633057
4184,0.0020245611667633057
4185,0.0020245611667633057
4186,0.0020245611667633057
4187,0.0020245611667633057
4188,0.0020245611667633057
4189,0.0020245611667633057
4190,0.0020245611667633057
4191,0.0020245611667633057
4192,0.0020245611667633057
4193,0.0020245611667633057
4194,0.0020245611667633057
4195,0.0020245611667633057
4196,0.0020245611667633057
4197,0.0020245611667633057
4198,0.0020245611667633057
4199,0.0020245611667633057
4200,0.0020245611667633057
4201,0.0020245611667633057
4202,0.0020245611667633057
4203,0.0020245611667633057
4204,0.0020245611667633057
4205,0.0020245611667633057
4206,0.0020245611667633057
4207,0.0020245611667633057
4208,0.0020245611667633057
4209,0.0020245611667633057
4210,0.0020245611667633057
4211,0.0020245611667633057
4212,0.0020245611667633057
4213,0.0020245611667633057
4214,0.0020245611667633057
4215,0.0020245611667633057
4216,0.0020245611667633057
4217,0.0020245611667633057
4218,0.0020245611667633057
4219,0.0020245611667633057
4220,0.0020245611667633057
4221,0.0020245611667633057
4222,0.0020245611667633057
4223,0.0020245611667633057
4224,0.0020245611667633057
4225,0.0020245611667633057
4226,0.0020245611667633057
4227,0.0020245611667633057
4228,0.0020245611667633057
4229,0.0020245611667633057
4230,0.0020245611667633057
4231,0.0020245611667633057
4232,0.0020245611667633057
4233,0.0020245611667633057
4234,0.0020245611667633057
4235,0.0020245611667633057
4236,0.0020245611667633057
4237,0.0020245611667633057
4238,0.0020245611667633057
4239,0.0020245611667633057
4240,0.0020245611667633057
4241,0.0020245611667633057
4242,0.0020245611667633057
4243,0.0020245611667633057
4244,0.0020245611667633057
4245,0.0020245611667633057
4246,0.0020245611667633057
4247,0.0020245611667633057
4248,0.0020245611667633057
4249,0.0020245611667633057
4250,0.0020245611667633057
4251,0.0020245611667633057
4252,0.0020245611667633057
4253,0.0020245611667633057
4254,0.0020245611667633057
4255,0.0020245611667633057
4256,0.0020245611667633057
4257,0.0020245611667633057
4258,0.0020245611667633057
4259,0.0020245611667633057
4260,0.0020245611667633057
4261,0.0020245611667633057
4262,0.0020245611667633057
4263,0.0020245611667633057
4264,0.0020245611667633057
4265,0.0020245611667633057
4266,0.0020245611667633057
4267,0.0020245611667633057
4268,0.0020245611667633057
4269,0.0020245611667633057
4270,0.0020245611667633057
4271,0.0020245611667633057
4272,0.0020245611667633057
4273,0.0020245611667633057
4274,0.0020245611667633057
4275,0.0020245611667633057
4276,0.0020245611667633057
4277,0.0020245611667633057
4278,0.0020245611667633057
4279,0.0020245611667633057
4280,0.0020245611667633057
4281,0.0020245611667633057
4282,0.0020245611667633057
4283,0.0020245611667633057
4284,0.0020245611667633057
4285,0.0020245611667633057
4286,0.0020245611667633057
4287,0.0020245611667633057
4288,0.0020245611667633057
4289,0.0020245611667633057
4290,0.0020245611667633057
4291,0.0020245611667633057
4292,0.0020245611667633057
4293,0.0020245611667633057
4294,0.0020245611667633057
4295,0.0020245611667633057
4296,0.0020245611667633057
4297,0.0020245611667633057
4298,0.0020245611667633057
4299,0.0020245611667633057
